{"type":"FeatureCollection","features":[{"type":"Feature","properties":{"nom":"CPTS Actes Santé","statut":"","communes":["13055"],"arrondissements":["13214","13215","13216"],"president":"Dr Carole MICHAILESCO","coordonnateur":"Jessica LAVIGNE","contact":"contact@actes-sante.fr","site":"actes-sante.fr"},"geometry":{"type":"Polygon","coordinates":[[[5.3924,43.3732],[5.3938,43.3737],[5.3952,43.3742],[5.3957,43.3744],[5.3966,43.3743],[5.4003,43.374],[5.4048,43.3752],[5.4049,43.3753],[5.4056,43.3767],[5.4078,43.3763],[5.4109,43.3757],[5.413,43.3766],[5.4139,43.3781],[5.415,43.3786],[5.4154,43.3788],[5.4135,43.376],[5.4138,43.3638],[5.4126,43.3601],[5.4161,43.3528],[5.4061,43.3311],[5.3936,43.3165],[5.3932,43.3164],[5.3879,43.315],[5.3822,43.3168],[5.3755,43.3211],[5.3716,43.3201],[5.3691,43.3167],[5.3662,43.3193],[5.355,43.3337],[5.3505,43.3361],[5.3455,43.3363],[5.3432,43.3391],[5.3412,43.3392],[5.3376,43.3395],[5.3283,43.3447],[5.3293,43.3456],[5.3319,43.3449],[5.3362,43.3429],[5.3388,43.3414],[5.3392,43.3412],[5.3406,43.3427],[5.3399,43.343],[5.3395,43.3432],[5.341,43.3448],[5.3397,43.3456],[5.3319,43.35],[5.3307,43.3501],[5.3286,43.3512],[5.3262,43.3524],[5.3269,43.3533],[5.3242,43.3544],[5.3226,43.3533],[5.3219,43.3528],[5.3174,43.3551],[5.3173,43.3551],[5.3157,43.353],[5.3141,43.3546],[5.3167,43.3565],[5.3173,43.3563],[5.3226,43.3542],[5.322,43.3555],[5.3188,43.357],[5.3174,43.3589],[5.3173,43.3589],[5.3169,43.3591],[5.3142,43.36],[5.3128,43.3603],[5.3106,43.3608],[5.3083,43.3614],[5.2965,43.3596],[5.296,43.3582],[5.2935,43.3585],[5.2881,43.3569],[5.2867,43.355],[5.2853,43.355],[5.2824,43.3538],[5.2823,43.3537],[5.2832,43.356],[5.2815,43.3569],[5.28,43.3593],[5.2797,43.3598],[5.2796,43.3605],[5.2791,43.3626],[5.2784,43.3634],[5.278,43.3639],[5.2782,43.3664],[5.2799,43.3708],[5.2814,43.3714],[5.2838,43.3723],[5.285,43.3748],[5.284,43.3751],[5.2829,43.3754],[5.2813,43.3778],[5.2807,43.3788],[5.2788,43.3805],[5.2811,43.3803],[5.2816,43.382],[5.2859,43.3834],[5.2855,43.3842],[5.2899,43.3851],[5.2909,43.3853],[5.2929,43.3851],[5.294,43.3872],[5.2967,43.3888],[5.297,43.389],[5.299,43.387],[5.3022,43.387],[5.304,43.3848],[5.304,43.3809],[5.3088,43.3814],[5.3103,43.3815],[5.3115,43.379],[5.3116,43.379],[5.3155,43.377],[5.3171,43.3769],[5.3176,43.3754],[5.318,43.3744],[5.3193,43.3734],[5.3188,43.3701],[5.3205,43.3685],[5.3219,43.3682],[5.324,43.3697],[5.3243,43.3711],[5.3249,43.3713],[5.3272,43.3724],[5.3295,43.3714],[5.3298,43.3713],[5.3314,43.3714],[5.3323,43.3715],[5.3339,43.3732],[5.3371,43.3753],[5.3364,43.3768],[5.3386,43.3773],[5.3403,43.3766],[5.3444,43.3751],[5.3488,43.3755],[5.3489,43.3755],[5.3491,43.3754],[5.3522,43.3743],[5.3552,43.3745],[5.3545,43.3763],[5.3531,43.3774],[5.353,43.3775],[5.351,43.3813],[5.3504,43.3825],[5.3505,43.3825],[5.3546,43.3846],[5.3561,43.3847],[5.3587,43.385],[5.3607,43.386],[5.3607,43.3866],[5.3608,43.3872],[5.3623,43.3872],[5.3632,43.3872],[5.3647,43.3881],[5.3665,43.3881],[5.3685,43.3896],[5.3692,43.3895],[5.3746,43.3886],[5.3751,43.3881],[5.3754,43.3878],[5.3776,43.3857],[5.3784,43.3843],[5.3768,43.3837],[5.3768,43.3819],[5.3775,43.3802],[5.3777,43.3796],[5.3773,43.3794],[5.3745,43.3781],[5.3768,43.377],[5.3781,43.3764],[5.378,43.3745],[5.376,43.3722],[5.376,43.372],[5.3761,43.3706],[5.3796,43.3697],[5.3815,43.3702],[5.382,43.3713],[5.3839,43.3707],[5.3852,43.3702],[5.3852,43.3709],[5.3852,43.3713],[5.39,43.3725],[5.3913,43.372],[5.3914,43.372],[5.3924,43.3732]]]}},{"type":"Feature","properties":{"nom":"CPTS Activ Santé (Marseille 4-5)","statut":"","communes":["13055"],"arrondissements":["13204","13205"],"president":"Dr Julie WEY / Nicole DEBONO","coordonnateur":"Aurélie BIRON","contact":"contact@activ-sante.fr","site":""},"geometry":{"type":"Polygon","coordinates":[[[5.4149,43.2917],[5.406,43.2904],[5.4027,43.2868],[5.3919,43.2848],[5.3892,43.2881],[5.3891,43.2932],[5.3856,43.2943],[5.3891,43.3003],[5.3944,43.302],[5.3905,43.3094],[5.3932,43.3164],[5.3936,43.3165],[5.3991,43.317],[5.4105,43.315],[5.4092,43.3123],[5.4096,43.3039],[5.4087,43.2956],[5.4149,43.2917]]]}},{"type":"Feature","properties":{"nom":"CPTS Aix Sainte Victoire","statut":"","communes":["13001","13012","13090","13095","13109","13113"],"president":"Dr Gaetan GENTILE","coordonnateur":"Audrey FERULLO","contact":"cptsaixstevictoire@gmail.com","site":"cpts-aixsaintevictoire.fr"},"geometry":{"type":"Polygon","coordinates":[[[5.5748,43.532],[5.5817,43.5306],[5.5873,43.5303],[5.5888,43.5295],[5.5918,43.5299],[5.5979,43.5301],[5.5997,43.5296],[5.604,43.5306],[5.6084,43.5304],[5.6097,43.531],[5.6122,43.5307],[5.6149,43.5317],[5.6185,43.5317],[5.6199,43.5278],[5.6227,43.5249],[5.6269,43.5242],[5.6306,43.5244],[5.635,43.5234],[5.638,43.5215],[5.6378,43.5182],[5.6357,43.5143],[5.6323,43.5128],[5.6311,43.5116],[5.6282,43.5104],[5.6251,43.5078],[5.6215,43.5069],[5.618,43.505],[5.6148,43.5046],[5.6135,43.504],[5.6103,43.5041],[5.6008,43.5021],[5.5953,43.5021],[5.5898,43.5014],[5.5803,43.5019],[5.577,43.5025],[5.571,43.5022],[5.5658,43.5026],[5.5621,43.5043],[5.552,43.4991],[5.5456,43.5021],[5.5409,43.5039],[5.5369,43.5044],[5.5317,43.5055],[5.5266,43.5048],[5.5153,43.5071],[5.5118,43.5071],[5.5103,43.5066],[5.5096,43.5082],[5.5077,43.5084],[5.5065,43.5095],[5.5036,43.51],[5.5023,43.5082],[5.5,43.5072],[5.4956,43.5078],[5.4926,43.5064],[5.4911,43.5067],[5.4858,43.5106],[5.4842,43.5107],[5.4808,43.5127],[5.4795,43.5126],[5.476,43.5108],[5.4741,43.5109],[5.47,43.5121],[5.4687,43.5104],[5.4696,43.5086],[5.4683,43.5071],[5.4656,43.5067],[5.4661,43.5043],[5.4648,43.504],[5.4635,43.5018],[5.4638,43.4994],[5.4655,43.4979],[5.4654,43.4967],[5.4673,43.4953],[5.4688,43.4934],[5.4712,43.4918],[5.469,43.49],[5.4691,43.489],[5.4681,43.4891],[5.4642,43.4869],[5.4635,43.4854],[5.4582,43.4807],[5.4576,43.479],[5.4553,43.4774],[5.4528,43.4775],[5.4523,43.4759],[5.45,43.4757],[5.4477,43.4742],[5.444,43.4726],[5.442,43.4729],[5.4418,43.4715],[5.4373,43.4714],[5.4332,43.474],[5.426,43.4715],[5.4241,43.4729],[5.4216,43.4732],[5.4184,43.4707],[5.4095,43.4704],[5.4042,43.4708],[5.3999,43.466],[5.3954,43.4664],[5.3908,43.4632],[5.3886,43.4637],[5.3875,43.4619],[5.3849,43.4639],[5.3794,43.4656],[5.3773,43.4697],[5.3732,43.4722],[5.3713,43.4715],[5.3657,43.4728],[5.3629,43.476],[5.3626,43.4774],[5.36,43.4804],[5.3578,43.4812],[5.3562,43.4801],[5.3543,43.4797],[5.3488,43.4825],[5.3449,43.4823],[5.3438,43.4834],[5.3409,43.4851],[5.3394,43.4873],[5.335,43.4889],[5.3334,43.4881],[5.3315,43.4881],[5.3258,43.4845],[5.3217,43.4851],[5.32,43.4841],[5.3211,43.48],[5.3199,43.4792],[5.32,43.4772],[5.3213,43.4747],[5.3228,43.4732],[5.3227,43.4712],[5.324,43.4703],[5.3294,43.4618],[5.3293,43.4613],[5.3209,43.4569],[5.3182,43.4552],[5.3171,43.4551],[5.3104,43.452],[5.3084,43.4514],[5.3029,43.4481],[5.301,43.4461],[5.299,43.448],[5.2983,43.4496],[5.2991,43.4507],[5.2981,43.4526],[5.2982,43.4553],[5.2975,43.4571],[5.299,43.4584],[5.2988,43.4629],[5.2941,43.461],[5.2921,43.4623],[5.2887,43.4662],[5.2869,43.4677],[5.2876,43.4692],[5.2903,43.4694],[5.2901,43.473],[5.2892,43.4743],[5.2892,43.477],[5.2855,43.4763],[5.2823,43.4789],[5.2816,43.48],[5.281,43.4834],[5.2795,43.4848],[5.2773,43.4855],[5.2738,43.4848],[5.2741,43.4826],[5.2719,43.4812],[5.2709,43.483],[5.2717,43.4857],[5.2719,43.4876],[5.2704,43.4929],[5.2695,43.4937],[5.2696,43.4955],[5.2697,43.4986],[5.2718,43.4982],[5.2731,43.4995],[5.2769,43.5004],[5.2765,43.5014],[5.2812,43.5028],[5.2827,43.5058],[5.2825,43.5077],[5.2846,43.509],[5.2886,43.5091],[5.2894,43.5105],[5.2927,43.5134],[5.2929,43.5178],[5.2942,43.5196],[5.2948,43.5185],[5.297,43.5181],[5.3015,43.5187],[5.3034,43.516],[5.3072,43.5143],[5.3106,43.5147],[5.3127,43.5155],[5.3146,43.5179],[5.3197,43.5174],[5.3209,43.5179],[5.3251,43.5174],[5.3314,43.5183],[5.3332,43.5196],[5.3395,43.5194],[5.3393,43.5228],[5.3403,43.5263],[5.3453,43.5335],[5.3462,43.5363],[5.3485,43.5363],[5.3491,43.5353],[5.3566,43.5353],[5.3585,43.5358],[5.358,43.54],[5.364,43.5401],[5.3664,43.5408],[5.3689,43.5394],[5.3701,43.5375],[5.3711,43.5376],[5.3731,43.5414],[5.3749,43.5438],[5.3778,43.5448],[5.3781,43.5476],[5.375,43.5519],[5.3729,43.5538],[5.377,43.5538],[5.3782,43.5576],[5.3794,43.5591],[5.381,43.5598],[5.3844,43.5634],[5.3776,43.5676],[5.3776,43.5696],[5.3759,43.5718],[5.3722,43.5726],[5.3705,43.5735],[5.3714,43.5748],[5.3667,43.5766],[5.3632,43.5787],[5.3614,43.5793],[5.3633,43.5822],[5.3659,43.5835],[5.3632,43.5842],[5.3612,43.5856],[5.3581,43.5889],[5.3534,43.5893],[5.3509,43.59],[5.3465,43.5896],[5.3425,43.5919],[5.3393,43.5917],[5.3345,43.5928],[5.3412,43.5983],[5.3477,43.6009],[5.3515,43.6001],[5.3563,43.6026],[5.3586,43.6054],[5.3657,43.6174],[5.3675,43.6201],[5.3653,43.6249],[5.3768,43.626],[5.381,43.6251],[5.385,43.6256],[5.3893,43.625],[5.3995,43.6217],[5.4034,43.6216],[5.409,43.6226],[5.4113,43.6227],[5.4134,43.6236],[5.4154,43.623],[5.4226,43.62],[5.4241,43.6227],[5.4316,43.6203],[5.4492,43.623],[5.4496,43.6206],[5.4517,43.6166],[5.4538,43.6161],[5.459,43.6179],[5.4638,43.6136],[5.4667,43.6161],[5.4767,43.6235],[5.4794,43.6209],[5.4821,43.62],[5.4844,43.6176],[5.4868,43.6159],[5.4888,43.6161],[5.488,43.6128],[5.493,43.6124],[5.4986,43.6105],[5.5022,43.6097],[5.5068,43.609],[5.5112,43.6072],[5.5182,43.5981],[5.5226,43.5922],[5.5307,43.5841],[5.5324,43.5841],[5.535,43.5814],[5.5393,43.5818],[5.5424,43.5807],[5.5456,43.5817],[5.5472,43.5812],[5.5485,43.5784],[5.5509,43.5782],[5.5544,43.5797],[5.5577,43.5796],[5.5586,43.575],[5.5567,43.5713],[5.5539,43.569],[5.5565,43.5641],[5.5561,43.5626],[5.5502,43.5616],[5.5452,43.5615],[5.5453,43.5602],[5.5426,43.5596],[5.5408,43.5587],[5.5404,43.5575],[5.5347,43.5561],[5.5385,43.5525],[5.5411,43.5518],[5.545,43.5538],[5.5475,43.5539],[5.5486,43.5531],[5.5469,43.5516],[5.5489,43.5507],[5.5508,43.5488],[5.551,43.5472],[5.5543,43.5463],[5.5563,43.5444],[5.5613,43.5434],[5.5611,43.5387],[5.5628,43.5382],[5.5654,43.5386],[5.5681,43.5381],[5.5704,43.5367],[5.5722,43.5355],[5.5748,43.532]]]}},{"type":"Feature","properties":{"nom":"CPTS Alpes Bléone Durance","statut":"","communes":["04001","04009","04017","04020","04021","04024","04028","04031","04036","04040","04046","04047","04049","04054","04055","04070","04072","04074","04079","04084","04091","04097","04107","04108","04109","04110","04113","04116","04121","04122","04126","04149","04155","04167","04177","04181","04182","04191","04203","04205","04217","04235","04237","04244"],"president":"Dr Raphael LEFEVRE","coordonnateur":"En cours de recrutement","contact":"contact@cptsabd.fr","site":"https://cptsalpesbleonedurance.site-sante.fr"},"geometry":{"type":"Polygon","coordinates":[[[6.1625,43.9166],[6.1601,43.9151],[6.1582,43.915],[6.1548,43.9135],[6.1549,43.9123],[6.1565,43.9084],[6.1551,43.9081],[6.1539,43.9063],[6.1507,43.9048],[6.1484,43.9047],[6.1456,43.9014],[6.1435,43.9011],[6.1386,43.8981],[6.134,43.8964],[6.1333,43.8954],[6.1308,43.8954],[6.1279,43.8965],[6.1244,43.8965],[6.1228,43.8958],[6.1189,43.895],[6.1156,43.8955],[6.1142,43.8962],[6.1114,43.896],[6.1052,43.8969],[6.1046,43.8974],[6.0995,43.8973],[6.0934,43.8959],[6.0915,43.897],[6.0892,43.8967],[6.0875,43.8974],[6.0866,43.8964],[6.0843,43.8962],[6.082,43.8972],[6.081,43.8964],[6.0778,43.8964],[6.0765,43.8955],[6.0739,43.8957],[6.0746,43.8969],[6.0744,43.9018],[6.0755,43.9031],[6.0733,43.9086],[6.068,43.9078],[6.0661,43.9078],[6.0613,43.9085],[6.0579,43.9084],[6.0566,43.9079],[6.0538,43.9057],[6.0517,43.9059],[6.0472,43.9051],[6.0419,43.9047],[6.0373,43.9032],[6.0328,43.9011],[6.031,43.9038],[6.0305,43.9072],[6.0328,43.9096],[6.0326,43.9116],[6.0356,43.9146],[6.0373,43.9151],[6.0373,43.9185],[6.0381,43.9194],[6.0414,43.9207],[6.0433,43.9223],[6.0436,43.924],[6.045,43.9251],[6.0469,43.9241],[6.0487,43.924],[6.0508,43.9253],[6.0526,43.9277],[6.0564,43.9298],[6.0571,43.9309],[6.0607,43.932],[6.0598,43.9342],[6.0628,43.9353],[6.064,43.9363],[6.0628,43.9385],[6.0631,43.94],[6.0644,43.9403],[6.0653,43.9423],[6.0669,43.9427],[6.0692,43.9419],[6.0709,43.9437],[6.0709,43.9448],[6.0691,43.9466],[6.069,43.9489],[6.0725,43.9494],[6.0763,43.9495],[6.0765,43.9524],[6.0776,43.9531],[6.0805,43.9536],[6.084,43.9587],[6.0819,43.9597],[6.0814,43.962],[6.079,43.9637],[6.0813,43.9654],[6.0831,43.9655],[6.0861,43.968],[6.0857,43.9688],[6.0811,43.9702],[6.076,43.9696],[6.0778,43.9745],[6.0746,43.9777],[6.075,43.9792],[6.0726,43.9815],[6.0706,43.9817],[6.0687,43.9833],[6.0683,43.9846],[6.0701,43.9869],[6.0706,43.9882],[6.0728,43.9902],[6.0746,43.994],[6.0762,43.9954],[6.0739,43.9971],[6.0711,44.0031],[6.0693,44.004],[6.0666,44.0047],[6.0652,44.0063],[6.0608,44.0072],[6.0586,44.0054],[6.0579,44.004],[6.0552,44.0045],[6.0498,44.0076],[6.0455,44.0085],[6.0449,44.0091],[6.0449,44.0125],[6.042,44.0157],[6.0406,44.0134],[6.0382,44.0132],[6.0345,44.0116],[6.0338,44.0106],[6.031,44.01],[6.0272,44.0106],[6.0228,44.008],[6.021,44.0057],[6.0188,44.0037],[6.0171,44.0038],[6.0163,44.0022],[6.015,44.0019],[6.0118,43.9971],[6.0113,43.9953],[6.0087,43.9941],[6.0074,43.993],[6.0034,43.9927],[6.0002,43.9909],[5.995,43.9894],[5.9937,43.99],[5.9883,43.9906],[5.9875,43.9902],[5.9862,43.9871],[5.9862,43.9845],[5.9829,43.9822],[5.982,43.9779],[5.9809,43.9764],[5.9807,43.9739],[5.976,43.965],[5.9738,43.9626],[5.9732,43.9589],[5.9734,43.9576],[5.9707,43.9542],[5.9702,43.9523],[5.9663,43.9508],[5.9655,43.9487],[5.9663,43.9464],[5.965,43.9407],[5.9623,43.9399],[5.9607,43.9377],[5.9595,43.9393],[5.9562,43.9402],[5.955,43.9411],[5.953,43.9403],[5.9503,43.9407],[5.9455,43.9404],[5.9435,43.9412],[5.9387,43.9422],[5.9338,43.9423],[5.93,43.9431],[5.9246,43.9438],[5.9208,43.9448],[5.9147,43.946],[5.9008,43.9484],[5.9168,43.9804],[5.9094,43.9835],[5.9087,43.9847],[5.9039,43.9864],[5.9023,43.9863],[5.8972,43.9887],[5.8961,43.9899],[5.8945,43.9905],[5.8918,43.993],[5.8895,43.9933],[5.8887,43.9946],[5.8895,43.9957],[5.8877,43.998],[5.8863,44.0011],[5.8853,44.0019],[5.8872,44.0042],[5.8881,44.0062],[5.8877,44.0074],[5.8884,44.0125],[5.891,44.0157],[5.8899,44.0182],[5.8883,44.0191],[5.889,44.0213],[5.8937,44.0244],[5.8909,44.0264],[5.8915,44.028],[5.8873,44.032],[5.8879,44.0369],[5.8869,44.0392],[5.8855,44.0406],[5.8856,44.0458],[5.8821,44.0513],[5.8807,44.0607],[5.8828,44.0672],[5.883,44.0697],[5.882,44.0738],[5.8811,44.0762],[5.8795,44.0785],[5.8759,44.0854],[5.8745,44.0874],[5.8706,44.0941],[5.8701,44.0978],[5.8673,44.1056],[5.8643,44.1125],[5.8678,44.1122],[5.8711,44.1124],[5.8744,44.112],[5.8776,44.1121],[5.8801,44.1126],[5.8854,44.1068],[5.8858,44.1032],[5.8881,44.1005],[5.8879,44.0992],[5.8912,44.0935],[5.8939,44.0924],[5.8985,44.0913],[5.9027,44.0895],[5.9073,44.0881],[5.9167,44.0857],[5.9266,44.0813],[5.9305,44.0779],[5.9351,44.0734],[5.9325,44.0711],[5.9311,44.0692],[5.9265,44.0667],[5.9294,44.0656],[5.9318,44.0638],[5.9329,44.0611],[5.9301,44.0599],[5.928,44.0582],[5.9258,44.0573],[5.9249,44.0554],[5.9263,44.0528],[5.9287,44.0532],[5.9325,44.0505],[5.926,44.0481],[5.9195,44.0461],[5.9161,44.0454],[5.9146,44.0422],[5.9158,44.0377],[5.9241,44.0355],[5.9308,44.0352],[5.9353,44.0338],[5.9365,44.0359],[5.9345,44.037],[5.931,44.0366],[5.9323,44.0385],[5.9309,44.0403],[5.9293,44.0407],[5.9265,44.0427],[5.9291,44.0455],[5.9311,44.0462],[5.9326,44.046],[5.9363,44.0471],[5.939,44.0466],[5.9408,44.0459],[5.9421,44.0491],[5.9434,44.0511],[5.9478,44.0566],[5.9488,44.0551],[5.9507,44.0542],[5.9529,44.0558],[5.9604,44.0601],[5.9622,44.0596],[5.9634,44.0575],[5.9657,44.056],[5.9704,44.0521],[5.97,44.051],[5.972,44.0491],[5.9706,44.0482],[5.9702,44.0455],[5.9754,44.0411],[5.9858,44.0467],[5.9828,44.0504],[5.9829,44.0511],[5.9849,44.0541],[5.9844,44.0552],[5.9856,44.0566],[5.985,44.0575],[5.9864,44.0595],[5.9841,44.0611],[5.9831,44.0644],[5.9807,44.064],[5.9797,44.0673],[5.9771,44.0679],[5.9757,44.0697],[5.974,44.0706],[5.974,44.0719],[5.9727,44.0732],[5.9697,44.0747],[5.9677,44.0746],[5.9689,44.0768],[5.9707,44.0766],[5.9692,44.0807],[5.9697,44.0813],[5.9679,44.083],[5.9671,44.0849],[5.9673,44.0884],[5.9664,44.0904],[5.9677,44.0913],[5.9707,44.0965],[5.9699,44.1],[5.971,44.1017],[5.9743,44.1032],[5.9772,44.1058],[5.9779,44.1088],[5.9896,44.1085],[5.9943,44.1106],[5.9963,44.1123],[6.0019,44.1135],[6.0051,44.1129],[6.0038,44.1148],[6.001,44.1169],[5.9943,44.1184],[5.9901,44.1204],[5.988,44.1231],[5.9853,44.1313],[5.9868,44.1326],[5.9869,44.1343],[5.99,44.1367],[5.9943,44.1397],[5.9983,44.1419],[6.0005,44.1428],[6.0013,44.1404],[6.0074,44.1374],[6.0095,44.136],[6.014,44.1355],[6.019,44.1385],[6.0223,44.1387],[6.0234,44.1405],[6.0263,44.1415],[6.0285,44.1417],[6.0289,44.1429],[6.0332,44.1451],[6.0366,44.1453],[6.0407,44.1443],[6.0579,44.1414],[6.0625,44.1412],[6.0656,44.1442],[6.0659,44.1461],[6.0672,44.1481],[6.07,44.1499],[6.0714,44.1523],[6.074,44.1531],[6.08,44.1585],[6.0809,44.1604],[6.0809,44.1641],[6.0821,44.166],[6.0847,44.1667],[6.0849,44.1679],[6.0866,44.1693],[6.0879,44.1718],[6.091,44.174],[6.0926,44.1766],[6.0958,44.18],[6.0974,44.1835],[6.0974,44.1883],[6.0968,44.191],[6.0967,44.1939],[6.0972,44.1966],[6.0967,44.1983],[6.0986,44.2016],[6.0992,44.2045],[6.1005,44.2058],[6.1029,44.2068],[6.102,44.2125],[6.1013,44.2143],[6.1051,44.2156],[6.1085,44.2175],[6.1119,44.2185],[6.1143,44.2183],[6.1197,44.222],[6.1238,44.2243],[6.1263,44.2261],[6.1283,44.2269],[6.1326,44.2296],[6.1354,44.2302],[6.1387,44.232],[6.144,44.233],[6.1483,44.2344],[6.1518,44.2308],[6.1554,44.2279],[6.1599,44.2264],[6.1654,44.2236],[6.1666,44.2264],[6.1672,44.2336],[6.1703,44.2341],[6.1732,44.2333],[6.1768,44.2329],[6.1845,44.2312],[6.1876,44.2332],[6.1914,44.2317],[6.1944,44.2301],[6.1965,44.2259],[6.1979,44.2265],[6.1991,44.2281],[6.2023,44.2292],[6.2047,44.2315],[6.2078,44.2354],[6.2116,44.2359],[6.2125,44.2372],[6.2168,44.2379],[6.2185,44.2386],[6.2191,44.2403],[6.2184,44.2416],[6.216,44.244],[6.2136,44.2453],[6.215,44.2488],[6.2141,44.2493],[6.2144,44.2511],[6.2168,44.2523],[6.2177,44.2537],[6.2153,44.2564],[6.2128,44.2579],[6.2125,44.2594],[6.2067,44.2617],[6.2019,44.2639],[6.1995,44.2643],[6.1967,44.2639],[6.1944,44.2651],[6.195,44.2676],[6.1967,44.2693],[6.1972,44.2707],[6.1986,44.2716],[6.1991,44.273],[6.1979,44.2756],[6.2001,44.2777],[6.199,44.28],[6.2,44.282],[6.2087,44.2807],[6.2122,44.2812],[6.2146,44.282],[6.2207,44.2861],[6.22,44.2889],[6.2191,44.2906],[6.2158,44.2921],[6.2099,44.2958],[6.2117,44.2969],[6.2134,44.2993],[6.2126,44.3022],[6.2128,44.3033],[6.2189,44.3082],[6.223,44.3096],[6.2252,44.3111],[6.2266,44.3132],[6.2297,44.3142],[6.2359,44.3176],[6.2416,44.3186],[6.2443,44.3196],[6.2462,44.3198],[6.2487,44.322],[6.2521,44.3221],[6.2535,44.3239],[6.2561,44.3252],[6.2569,44.3266],[6.2609,44.3298],[6.2647,44.3315],[6.2641,44.3337],[6.2667,44.3363],[6.2685,44.3373],[6.2731,44.3381],[6.2745,44.3389],[6.2768,44.3417],[6.277,44.3438],[6.2759,44.347],[6.2736,44.3484],[6.2715,44.3503],[6.2692,44.3543],[6.2621,44.3591],[6.2579,44.3598],[6.2547,44.3596],[6.2512,44.3604],[6.2474,44.3606],[6.2455,44.36],[6.2405,44.3614],[6.2366,44.3636],[6.2337,44.3641],[6.2343,44.3666],[6.2339,44.3689],[6.2344,44.3724],[6.2356,44.3755],[6.2346,44.378],[6.231,44.3807],[6.2289,44.3802],[6.227,44.3814],[6.2272,44.3817],[6.2333,44.3834],[6.2337,44.3841],[6.2372,44.384],[6.2383,44.3846],[6.242,44.3851],[6.2433,44.3877],[6.2482,44.3891],[6.2475,44.3924],[6.2497,44.3947],[6.2514,44.3954],[6.2514,44.3978],[6.2543,44.4014],[6.257,44.4031],[6.2577,44.4043],[6.2585,44.4086],[6.2601,44.4106],[6.2625,44.4123],[6.2639,44.4121],[6.2749,44.412],[6.2758,44.4125],[6.2805,44.4107],[6.2862,44.4106],[6.2913,44.4093],[6.2932,44.4097],[6.2964,44.4094],[6.2987,44.4083],[6.2998,44.4121],[6.3008,44.4136],[6.3009,44.4164],[6.302,44.4175],[6.3058,44.4176],[6.3082,44.4167],[6.3111,44.4172],[6.3154,44.4187],[6.3173,44.4188],[6.3194,44.4199],[6.3247,44.4201],[6.3277,44.4208],[6.3331,44.4227],[6.3369,44.4247],[6.3369,44.427],[6.3397,44.4271],[6.3441,44.424],[6.3453,44.4224],[6.3491,44.4203],[6.3511,44.4201],[6.3513,44.4159],[6.3529,44.4154],[6.3611,44.4149],[6.3659,44.4148],[6.367,44.4145],[6.3841,44.4117],[6.3865,44.4093],[6.3849,44.4065],[6.3858,44.4051],[6.3857,44.4032],[6.3872,44.3977],[6.3889,44.3952],[6.3909,44.3948],[6.3929,44.39],[6.394,44.389],[6.3966,44.3882],[6.3957,44.3844],[6.3959,44.3834],[6.3991,44.3831],[6.402,44.3801],[6.404,44.3796],[6.4026,44.3766],[6.4031,44.3743],[6.4062,44.3714],[6.4096,44.3692],[6.4123,44.3668],[6.4158,44.3662],[6.4184,44.3645],[6.4207,44.3622],[6.4244,44.3602],[6.4279,44.3607],[6.4305,44.3588],[6.4333,44.3556],[6.4331,44.3532],[6.4372,44.3496],[6.4382,44.3475],[6.4394,44.3467],[6.4428,44.3426],[6.4457,44.3407],[6.4463,44.3387],[6.4479,44.3364],[6.4497,44.3355],[6.4518,44.3353],[6.4532,44.3325],[6.4566,44.3301],[6.4554,44.3282],[6.455,44.3252],[6.4557,44.3233],[6.46,44.3204],[6.4615,44.3134],[6.4617,44.3088],[6.4645,44.3054],[6.4662,44.3039],[6.467,44.3011],[6.4703,44.2998],[6.4725,44.2997],[6.4778,44.2977],[6.4798,44.2948],[6.4818,44.2906],[6.4835,44.2893],[6.4872,44.2877],[6.4892,44.2876],[6.4913,44.2865],[6.4951,44.2852],[6.4962,44.2839],[6.4977,44.2836],[6.503,44.2848],[6.5054,44.2865],[6.5112,44.2888],[6.5154,44.2876],[6.5226,44.2872],[6.5251,44.2878],[6.5299,44.2876],[6.5326,44.2881],[6.5343,44.2858],[6.5366,44.2839],[6.5362,44.2821],[6.54,44.2761],[6.5397,44.2735],[6.5424,44.272],[6.5457,44.2683],[6.5468,44.2657],[6.5461,44.2636],[6.5449,44.263],[6.5434,44.2609],[6.5432,44.2596],[6.5416,44.2589],[6.5409,44.2566],[6.5414,44.2544],[6.5424,44.2531],[6.5405,44.2503],[6.541,44.2482],[6.5434,44.247],[6.5441,44.2459],[6.5449,44.2422],[6.5416,44.2377],[6.5407,44.2363],[6.5353,44.2333],[6.5347,44.2324],[6.5365,44.2308],[6.5368,44.2258],[6.5375,44.2241],[6.5362,44.222],[6.537,44.2198],[6.5359,44.2186],[6.5343,44.215],[6.5369,44.2106],[6.535,44.2086],[6.5333,44.2057],[6.5328,44.2038],[6.533,44.2011],[6.5356,44.1984],[6.5365,44.1955],[6.5363,44.1936],[6.5375,44.1904],[6.5366,44.1889],[6.5344,44.187],[6.5335,44.185],[6.5268,44.1792],[6.524,44.1794],[6.521,44.1803],[6.5163,44.1784],[6.5091,44.1776],[6.5065,44.1769],[6.5044,44.1757],[6.5033,44.1741],[6.5016,44.1743],[6.4989,44.1726],[6.4993,44.1681],[6.4983,44.1671],[6.4935,44.1648],[6.4913,44.1634],[6.4891,44.1627],[6.4892,44.1614],[6.4867,44.1584],[6.486,44.1541],[6.4846,44.1522],[6.4836,44.1479],[6.4819,44.147],[6.4792,44.1446],[6.4738,44.1418],[6.4674,44.1395],[6.4657,44.1383],[6.4618,44.1369],[6.4582,44.1368],[6.4566,44.1354],[6.4526,44.1338],[6.4496,44.133],[6.4445,44.1331],[6.4416,44.1335],[6.4392,44.1347],[6.4362,44.1348],[6.4347,44.1339],[6.4318,44.133],[6.4289,44.1339],[6.4279,44.1337],[6.4263,44.1316],[6.4234,44.1289],[6.4235,44.1262],[6.4226,44.1256],[6.4214,44.1219],[6.4216,44.1194],[6.4194,44.115],[6.4184,44.1141],[6.4169,44.1142],[6.4123,44.1132],[6.4072,44.1128],[6.405,44.1113],[6.4012,44.1108],[6.3973,44.1097],[6.3936,44.1082],[6.39,44.107],[6.3864,44.1069],[6.3853,44.1074],[6.3835,44.1101],[6.3812,44.1116],[6.3777,44.1101],[6.3751,44.1103],[6.3705,44.1099],[6.3688,44.1091],[6.3667,44.1101],[6.364,44.1098],[6.3623,44.1104],[6.3631,44.1069],[6.359,44.1058],[6.3562,44.1056],[6.3535,44.1042],[6.3506,44.1015],[6.3496,44.0999],[6.3449,44.0992],[6.3421,44.0974],[6.3409,44.0947],[6.3401,44.093],[6.3401,44.0848],[6.3391,44.0812],[6.339,44.0788],[6.3371,44.0744],[6.3354,44.0722],[6.3347,44.07],[6.3333,44.0684],[6.333,44.0665],[6.3303,44.0628],[6.3288,44.058],[6.3293,44.0558],[6.3296,44.0545],[6.3286,44.0527],[6.3247,44.0489],[6.3239,44.0465],[6.3227,44.0444],[6.3221,44.042],[6.3208,44.0392],[6.3198,44.0344],[6.3189,44.0329],[6.3185,44.0303],[6.3172,44.0275],[6.3198,44.023],[6.3198,44.0215],[6.3209,44.0191],[6.3228,44.0171],[6.3233,44.0155],[6.326,44.0125],[6.3278,44.011],[6.3321,44.0089],[6.3336,44.0076],[6.3394,44.0052],[6.3408,44.0039],[6.3487,43.9987],[6.3515,43.9976],[6.3565,43.9948],[6.3567,43.9938],[6.3643,43.9885],[6.3636,43.9868],[6.3638,43.9851],[6.3617,43.9836],[6.3576,43.9826],[6.3566,43.9803],[6.3544,43.9792],[6.3553,43.977],[6.3541,43.9757],[6.3511,43.9738],[6.3535,43.9733],[6.3573,43.9715],[6.3551,43.9716],[6.3484,43.9705],[6.3466,43.9706],[6.343,43.9669],[6.3409,43.9642],[6.3392,43.9643],[6.3365,43.9616],[6.3294,43.9609],[6.332,43.9565],[6.3333,43.9529],[6.3327,43.9499],[6.3305,43.9488],[6.3295,43.9456],[6.3293,43.9431],[6.33,43.9414],[6.3205,43.9408],[6.3187,43.9373],[6.3165,43.9382],[6.3159,43.9421],[6.3137,43.9438],[6.3117,43.9468],[6.3115,43.951],[6.3099,43.9539],[6.3081,43.9558],[6.3086,43.957],[6.3075,43.9595],[6.3061,43.9605],[6.3048,43.9627],[6.3023,43.9633],[6.3007,43.9646],[6.2983,43.9654],[6.2941,43.9692],[6.2938,43.9705],[6.2917,43.9716],[6.2886,43.974],[6.2888,43.9772],[6.2855,43.9765],[6.2856,43.9747],[6.2835,43.9743],[6.2795,43.9719],[6.2752,43.9718],[6.2698,43.9706],[6.2686,43.9723],[6.2683,43.9759],[6.2646,43.9766],[6.2629,43.9745],[6.2614,43.9748],[6.2572,43.9769],[6.2569,43.9745],[6.2578,43.9717],[6.2591,43.9695],[6.2583,43.9674],[6.2533,43.9622],[6.2562,43.9602],[6.2576,43.9583],[6.2578,43.9568],[6.2598,43.9549],[6.2588,43.9544],[6.2568,43.9552],[6.254,43.955],[6.256,43.9533],[6.2563,43.9521],[6.2529,43.9501],[6.2457,43.944],[6.2453,43.9419],[6.2516,43.9289],[6.2558,43.9256],[6.2558,43.9235],[6.2575,43.923],[6.257,43.9218],[6.259,43.9201],[6.2604,43.9204],[6.2635,43.9189],[6.2653,43.9207],[6.2683,43.9208],[6.2713,43.9215],[6.2717,43.9207],[6.2768,43.9226],[6.2779,43.9241],[6.2815,43.924],[6.2827,43.923],[6.2854,43.9231],[6.2906,43.9206],[6.2917,43.9214],[6.295,43.9222],[6.297,43.9234],[6.298,43.9225],[6.3013,43.9232],[6.3053,43.9232],[6.3076,43.9223],[6.313,43.9219],[6.3155,43.9203],[6.3141,43.9192],[6.3147,43.9173],[6.3184,43.9149],[6.32,43.9127],[6.3222,43.9113],[6.3231,43.9087],[6.3217,43.9065],[6.3166,43.9019],[6.3138,43.895],[6.3072,43.8888],[6.3085,43.8873],[6.309,43.8854],[6.3082,43.8839],[6.3092,43.8827],[6.3082,43.879],[6.3076,43.8737],[6.315,43.8671],[6.3152,43.8665],[6.314,43.8653],[6.3105,43.8639],[6.3044,43.864],[6.3001,43.8631],[6.2941,43.8613],[6.2914,43.8594],[6.2879,43.858],[6.285,43.8616],[6.2843,43.8633],[6.2822,43.8647],[6.2803,43.8668],[6.278,43.8675],[6.2763,43.8695],[6.2732,43.8715],[6.273,43.8732],[6.2701,43.8774],[6.2656,43.8824],[6.2616,43.8885],[6.258,43.8934],[6.2563,43.8948],[6.255,43.8977],[6.2535,43.9001],[6.2496,43.9038],[6.2465,43.9074],[6.2458,43.9096],[6.244,43.9107],[6.2424,43.9104],[6.2397,43.9113],[6.2349,43.9135],[6.2317,43.9188],[6.2329,43.9221],[6.2292,43.9211],[6.2226,43.9207],[6.2187,43.92],[6.2135,43.9231],[6.2118,43.9245],[6.2087,43.9237],[6.2069,43.9224],[6.2033,43.9209],[6.1964,43.9204],[6.1935,43.9191],[6.1904,43.92],[6.1845,43.9205],[6.1828,43.9204],[6.1796,43.9212],[6.1767,43.9214],[6.1768,43.9198],[6.1754,43.9189],[6.1737,43.92],[6.167,43.9228],[6.1661,43.9221],[6.167,43.92],[6.1641,43.9198],[6.1612,43.9222],[6.162,43.92],[6.1625,43.9166]]]}},{"type":"Feature","properties":{"nom":"CPTS Antipolis","statut":"","communes":["06004","06155"],"president":"Elisabeth JUAN HORST","coordonnateur":"Sophie HOAREAU","contact":"cpts-antipolis@orange.fr","site":""},"geometry":{"type":"Polygon","coordinates":[[[7.0338,43.5725],[7.0338,43.575],[7.0328,43.5759],[7.0335,43.5771],[7.0376,43.5798],[7.0376,43.5812],[7.0392,43.5829],[7.0395,43.5847],[7.0426,43.5868],[7.044,43.59],[7.0441,43.5924],[7.0447,43.5945],[7.0505,43.5952],[7.0519,43.5982],[7.0545,43.6003],[7.0544,43.6011],[7.0557,43.6025],[7.058,43.603],[7.0588,43.6041],[7.0613,43.6037],[7.0627,43.6041],[7.0676,43.6066],[7.066,43.6074],[7.0672,43.6086],[7.0675,43.6101],[7.0702,43.6122],[7.0746,43.6114],[7.0789,43.6099],[7.0809,43.6099],[7.0809,43.6076],[7.0846,43.6081],[7.0853,43.6101],[7.0871,43.6097],[7.0881,43.611],[7.0921,43.6103],[7.0955,43.6135],[7.0987,43.6152],[7.1004,43.6154],[7.102,43.6171],[7.107,43.617],[7.1101,43.6155],[7.1112,43.6167],[7.1126,43.6161],[7.1152,43.6182],[7.1156,43.6207],[7.1172,43.6213],[7.118,43.6225],[7.1213,43.6202],[7.1258,43.6194],[7.1301,43.6178],[7.1274,43.6092],[7.1265,43.6053],[7.1258,43.5946],[7.1264,43.5923],[7.1292,43.5925],[7.1303,43.5903],[7.1294,43.5891],[7.1263,43.588],[7.123,43.5883],[7.1218,43.587],[7.1228,43.5847],[7.1265,43.584],[7.1279,43.5832],[7.1295,43.5834],[7.1295,43.5814],[7.1271,43.5785],[7.125,43.5738],[7.1274,43.5731],[7.1299,43.5698],[7.1317,43.5691],[7.1345,43.5699],[7.1395,43.5701],[7.1406,43.5689],[7.1381,43.5671],[7.1394,43.5629],[7.1367,43.56],[7.1353,43.558],[7.1354,43.556],[7.137,43.5541],[7.1404,43.555],[7.142,43.5546],[7.1451,43.5517],[7.1417,43.5509],[7.1406,43.5492],[7.1388,43.5491],[7.1374,43.5479],[7.1386,43.547],[7.1364,43.5446],[7.1325,43.5437],[7.1299,43.5435],[7.1292,43.5459],[7.1233,43.5459],[7.1209,43.5442],[7.1231,43.5427],[7.1211,43.5416],[7.119,43.5429],[7.1192,43.5449],[7.1202,43.5455],[7.1186,43.5473],[7.1169,43.5479],[7.1193,43.5512],[7.1216,43.5519],[7.1221,43.5538],[7.1211,43.5553],[7.1219,43.557],[7.1217,43.5595],[7.1196,43.5611],[7.1173,43.5613],[7.1154,43.5639],[7.1146,43.5658],[7.1129,43.567],[7.1047,43.5699],[7.0998,43.5708],[7.0963,43.5709],[7.0937,43.5704],[7.0865,43.5698],[7.082,43.5686],[7.0781,43.5662],[7.0747,43.5658],[7.0694,43.563],[7.0659,43.56],[7.0638,43.5575],[7.0622,43.5547],[7.0596,43.553],[7.0578,43.5503],[7.0533,43.5508],[7.0498,43.5524],[7.0484,43.5561],[7.047,43.5582],[7.0477,43.5597],[7.0477,43.5635],[7.0447,43.5649],[7.0393,43.5669],[7.037,43.5673],[7.0352,43.5689],[7.0338,43.5725]]]}},{"type":"Feature","properties":{"nom":"CPTS Buech-Devoluy","statut":"","communes":["04123","05008","05010","05014","05016","05019","05021","05024","05028","05033","05035","05047","05048","05051","05053","05055","05060","05066","05070","05073","05075","05076","05078","05080","05081","05086","05087","05089","05091","05094","05097","05099","05102","05103","05112","05117","05118","05123","05126","05129","05131","05135","05139","05146","05154","05155","05158","05159","05160","05165","05166","05167","05169","05172","05173","05178","05179"],"president":"Dr Françoise ROBACH / Patrick TABOURET","coordonnateur":"Davide POMATO / Julie BOUTELET","contact":"contact@cptsbuechdevoluy.fr","site":""},"geometry":{"type":"Polygon","coordinates":[[[5.673,44.2398],[5.6754,44.2441],[5.6742,44.2455],[5.6726,44.2457],[5.6734,44.2482],[5.6747,44.2496],[5.6739,44.2532],[5.6742,44.2564],[5.6756,44.2583],[5.6774,44.2586],[5.6799,44.2613],[5.6845,44.2632],[5.6856,44.2639],[5.6867,44.2661],[5.6866,44.2669],[5.6838,44.2694],[5.6804,44.2719],[5.6756,44.2759],[5.6725,44.2744],[5.6593,44.272],[5.6576,44.2724],[5.6517,44.2687],[5.6468,44.2671],[5.6456,44.2692],[5.6475,44.2725],[5.6452,44.2744],[5.6426,44.276],[5.6386,44.2775],[5.6333,44.2821],[5.6321,44.2839],[5.6318,44.2869],[5.633,44.2904],[5.6367,44.2924],[5.6397,44.2934],[5.643,44.2938],[5.6419,44.295],[5.6396,44.2957],[5.6382,44.299],[5.6363,44.3008],[5.6338,44.3009],[5.627,44.3011],[5.6247,44.3033],[5.6231,44.3041],[5.6207,44.3062],[5.6198,44.3079],[5.6162,44.3094],[5.6139,44.3088],[5.6119,44.3075],[5.6083,44.3061],[5.6081,44.3085],[5.611,44.3106],[5.6106,44.3132],[5.6111,44.3159],[5.6161,44.3166],[5.6184,44.3183],[5.6235,44.3233],[5.6245,44.3236],[5.6287,44.3278],[5.6326,44.3284],[5.631,44.3311],[5.6308,44.333],[5.6269,44.3348],[5.6238,44.3352],[5.6235,44.3338],[5.6178,44.3323],[5.6132,44.3329],[5.6109,44.3324],[5.6062,44.3326],[5.604,44.3342],[5.5988,44.3331],[5.5953,44.3318],[5.592,44.3323],[5.5912,44.3332],[5.5879,44.3321],[5.5849,44.3321],[5.5832,44.3325],[5.5743,44.3323],[5.5739,44.3339],[5.5713,44.3335],[5.568,44.3322],[5.5648,44.3342],[5.5605,44.3356],[5.5575,44.3332],[5.556,44.3329],[5.5556,44.3317],[5.5531,44.3316],[5.5521,44.3308],[5.5473,44.33],[5.5446,44.3314],[5.541,44.3312],[5.5374,44.3335],[5.5388,44.3367],[5.5399,44.3426],[5.5373,44.3426],[5.5331,44.3433],[5.5311,44.3428],[5.529,44.343],[5.5228,44.3477],[5.5214,44.3511],[5.5105,44.3461],[5.5087,44.3462],[5.5045,44.3444],[5.5023,44.3441],[5.4996,44.3419],[5.498,44.3397],[5.4937,44.3379],[5.4929,44.3371],[5.4913,44.3379],[5.4906,44.3396],[5.4892,44.34],[5.4879,44.3416],[5.484,44.3449],[5.4822,44.3473],[5.4825,44.3498],[5.4799,44.3512],[5.4752,44.3515],[5.4713,44.3505],[5.469,44.3516],[5.4679,44.3522],[5.4669,44.3545],[5.4668,44.3565],[5.4673,44.3605],[5.4657,44.3649],[5.4628,44.3672],[5.4607,44.3683],[5.4588,44.3685],[5.452,44.3674],[5.4488,44.3691],[5.4451,44.3685],[5.4439,44.3678],[5.44,44.3683],[5.4383,44.3674],[5.4349,44.3691],[5.4344,44.3702],[5.4319,44.371],[5.4317,44.3735],[5.4302,44.375],[5.4302,44.377],[5.4338,44.3765],[5.4366,44.3779],[5.4387,44.3775],[5.4414,44.3778],[5.4441,44.3794],[5.4431,44.3805],[5.4409,44.3841],[5.4408,44.3879],[5.443,44.3912],[5.4364,44.4023],[5.4353,44.4063],[5.4343,44.4078],[5.4341,44.4101],[5.4312,44.4143],[5.4285,44.4155],[5.4263,44.4153],[5.423,44.4158],[5.4222,44.419],[5.4184,44.4248],[5.423,44.4277],[5.4279,44.4298],[5.4301,44.4317],[5.4342,44.4334],[5.4386,44.4335],[5.4425,44.4331],[5.4469,44.4318],[5.4497,44.4312],[5.4534,44.4298],[5.4552,44.4286],[5.4588,44.4277],[5.4601,44.4266],[5.4629,44.4265],[5.4668,44.4241],[5.4704,44.4229],[5.4729,44.4204],[5.4765,44.4197],[5.4832,44.4243],[5.4831,44.4259],[5.4846,44.4283],[5.486,44.429],[5.4866,44.4293],[5.4923,44.4289],[5.4936,44.4282],[5.4983,44.4373],[5.4977,44.4382],[5.4936,44.4393],[5.4877,44.4402],[5.4855,44.4418],[5.4811,44.4417],[5.474,44.4442],[5.4733,44.4451],[5.4707,44.4456],[5.4644,44.4479],[5.4647,44.4504],[5.4638,44.452],[5.4644,44.4553],[5.4641,44.4574],[5.4609,44.4597],[5.4611,44.4637],[5.4587,44.4661],[5.4594,44.467],[5.459,44.469],[5.4615,44.4704],[5.4674,44.4722],[5.4677,44.4733],[5.4663,44.4756],[5.4654,44.4801],[5.4628,44.4811],[5.4612,44.4835],[5.4605,44.4859],[5.4589,44.4885],[5.4589,44.4901],[5.4576,44.4951],[5.4569,44.4962],[5.4584,44.4994],[5.4615,44.4993],[5.4643,44.5005],[5.4709,44.5],[5.472,44.4985],[5.4736,44.4986],[5.4743,44.4972],[5.4743,44.4945],[5.4799,44.4912],[5.4872,44.4912],[5.4924,44.4913],[5.4952,44.4911],[5.4967,44.4917],[5.5063,44.492],[5.511,44.4915],[5.5123,44.4911],[5.5161,44.4917],[5.5169,44.491],[5.5197,44.4906],[5.523,44.4883],[5.5259,44.4884],[5.5313,44.4855],[5.5361,44.4848],[5.5453,44.4825],[5.5511,44.4791],[5.5552,44.477],[5.5567,44.4757],[5.5588,44.4731],[5.5614,44.4747],[5.5647,44.4753],[5.5703,44.4768],[5.5757,44.4733],[5.5792,44.4717],[5.5845,44.4699],[5.5894,44.4687],[5.5951,44.4665],[5.5983,44.4665],[5.6036,44.4655],[5.6063,44.468],[5.6091,44.4684],[5.6117,44.4696],[5.6163,44.4727],[5.6181,44.4748],[5.6211,44.4821],[5.625,44.4846],[5.625,44.487],[5.6235,44.4895],[5.6247,44.4924],[5.625,44.4948],[5.6264,44.4981],[5.6298,44.5012],[5.6338,44.5023],[5.6356,44.5024],[5.6393,44.5017],[5.6413,44.5023],[5.6444,44.5018],[5.6501,44.4992],[5.652,44.4996],[5.657,44.502],[5.6611,44.5019],[5.6625,44.5014],[5.6645,44.5019],[5.6629,44.5053],[5.66,44.5078],[5.6583,44.5098],[5.6531,44.5148],[5.6479,44.5187],[5.6471,44.5196],[5.643,44.5218],[5.6362,44.527],[5.6274,44.5346],[5.6246,44.5355],[5.6219,44.5353],[5.615,44.5328],[5.612,44.5361],[5.6081,44.538],[5.6047,44.5407],[5.5972,44.5433],[5.5982,44.546],[5.5982,44.5491],[5.5999,44.553],[5.6003,44.5553],[5.6022,44.5568],[5.6027,44.5592],[5.6047,44.564],[5.6061,44.5651],[5.6065,44.5667],[5.6071,44.5683],[5.609,44.5708],[5.6128,44.5712],[5.6154,44.5733],[5.6159,44.5754],[5.6159,44.5794],[5.6178,44.5839],[5.6201,44.5844],[5.622,44.5859],[5.625,44.5859],[5.6263,44.5866],[5.6268,44.5884],[5.6257,44.5896],[5.6275,44.5911],[5.6275,44.595],[5.6291,44.5954],[5.6314,44.5975],[5.632,44.5998],[5.6349,44.6016],[5.6366,44.6046],[5.6353,44.6091],[5.6413,44.6096],[5.6419,44.61],[5.6462,44.6094],[5.6472,44.6116],[5.6478,44.6152],[5.6497,44.6183],[5.6495,44.6194],[5.6462,44.6214],[5.6431,44.6222],[5.6429,44.626],[5.6412,44.6279],[5.6416,44.6312],[5.6392,44.6355],[5.6416,44.6386],[5.6413,44.6425],[5.6403,44.6444],[5.6402,44.6479],[5.6417,44.6511],[5.6449,44.6522],[5.648,44.6523],[5.6501,44.6535],[5.6516,44.6552],[5.6545,44.6554],[5.6563,44.6537],[5.6555,44.6515],[5.6583,44.6508],[5.6615,44.6507],[5.6648,44.6498],[5.6684,44.6484],[5.6714,44.6497],[5.68,44.6522],[5.6837,44.6507],[5.6866,44.6484],[5.6896,44.6473],[5.6956,44.646],[5.7014,44.6454],[5.7038,44.6449],[5.7054,44.644],[5.7069,44.6421],[5.71,44.643],[5.7146,44.6437],[5.7154,44.6427],[5.719,44.6405],[5.7211,44.6397],[5.728,44.6392],[5.7349,44.6404],[5.7386,44.6406],[5.7364,44.6431],[5.7348,44.6465],[5.7368,44.6497],[5.7395,44.6489],[5.7428,44.649],[5.7433,44.6477],[5.7491,44.6485],[5.7536,44.6486],[5.753,44.6501],[5.7504,44.6513],[5.7475,44.6547],[5.7501,44.6563],[5.7504,44.6596],[5.7516,44.6611],[5.7535,44.6606],[5.7539,44.6627],[5.755,44.6629],[5.7569,44.6611],[5.7611,44.6588],[5.7638,44.6556],[5.7679,44.6549],[5.7698,44.655],[5.7725,44.6536],[5.7767,44.6538],[5.7805,44.6526],[5.7825,44.6532],[5.7906,44.6533],[5.7923,44.6557],[5.7914,44.6586],[5.7925,44.6608],[5.7951,44.6615],[5.7978,44.6632],[5.8004,44.6693],[5.8003,44.6715],[5.7993,44.6728],[5.7994,44.6741],[5.8012,44.6752],[5.8065,44.6772],[5.8075,44.6772],[5.8113,44.6787],[5.815,44.6812],[5.8177,44.6821],[5.8211,44.6842],[5.8258,44.6857],[5.8297,44.6887],[5.8304,44.6906],[5.8272,44.6964],[5.8271,44.7003],[5.8254,44.7015],[5.8204,44.7036],[5.815,44.7033],[5.8113,44.7057],[5.808,44.7055],[5.8039,44.7058],[5.8015,44.7068],[5.8012,44.7083],[5.8032,44.7103],[5.8075,44.7119],[5.8112,44.7127],[5.8117,44.7157],[5.8112,44.7179],[5.8149,44.7211],[5.8149,44.7227],[5.8166,44.7271],[5.8182,44.7294],[5.8177,44.731],[5.8214,44.7332],[5.8227,44.7356],[5.8254,44.7367],[5.8274,44.7398],[5.8293,44.7416],[5.8296,44.7437],[5.8278,44.745],[5.8275,44.7476],[5.8285,44.7505],[5.8275,44.7518],[5.8265,44.7565],[5.8271,44.7597],[5.8357,44.7575],[5.8384,44.7578],[5.841,44.7567],[5.8446,44.7529],[5.8468,44.7516],[5.8508,44.7508],[5.8519,44.7513],[5.8561,44.7508],[5.8607,44.7515],[5.8667,44.7516],[5.8683,44.7503],[5.8716,44.7498],[5.8712,44.7489],[5.8739,44.7484],[5.8755,44.7493],[5.8789,44.7483],[5.8795,44.747],[5.8818,44.7466],[5.8855,44.7473],[5.8888,44.7488],[5.8894,44.7524],[5.8923,44.7557],[5.8946,44.7548],[5.8971,44.7567],[5.9002,44.7583],[5.9056,44.7583],[5.9109,44.7577],[5.9166,44.7535],[5.9173,44.7523],[5.919,44.7514],[5.9207,44.7517],[5.9222,44.7541],[5.9241,44.7555],[5.9248,44.7569],[5.9268,44.7571],[5.9303,44.7587],[5.9311,44.7596],[5.9337,44.7594],[5.9362,44.7599],[5.9382,44.7627],[5.9373,44.7636],[5.9454,44.7619],[5.9511,44.7596],[5.9521,44.757],[5.95,44.7549],[5.949,44.7508],[5.9499,44.7498],[5.9498,44.748],[5.9484,44.746],[5.9484,44.7448],[5.9515,44.7394],[5.9512,44.7355],[5.9525,44.732],[5.9555,44.7288],[5.9563,44.7263],[5.9576,44.7265],[5.9582,44.7242],[5.9637,44.7182],[5.9637,44.7167],[5.9656,44.7153],[5.9661,44.7141],[5.9706,44.7101],[5.973,44.7102],[5.9807,44.7099],[5.9831,44.7079],[5.984,44.7066],[5.9867,44.7054],[5.9902,44.7047],[5.9927,44.7026],[5.9925,44.7006],[5.9905,44.6994],[5.9898,44.6974],[5.9855,44.6935],[5.9806,44.6897],[5.9755,44.6846],[5.9763,44.6839],[5.9769,44.6814],[5.9793,44.6784],[5.9814,44.677],[5.9856,44.6722],[5.9859,44.6707],[5.9888,44.6673],[5.9899,44.6651],[5.9895,44.6636],[5.9888,44.663],[5.9903,44.6565],[5.9883,44.6544],[5.9877,44.6521],[5.9879,44.6493],[5.9892,44.6454],[5.9931,44.6425],[5.9892,44.6408],[5.9868,44.6401],[5.983,44.6404],[5.9821,44.6409],[5.9839,44.637],[5.9845,44.6336],[5.9867,44.6321],[5.9935,44.6281],[5.9977,44.6272],[6.0003,44.6253],[6.0006,44.6238],[6.0086,44.6235],[6.0111,44.6242],[6.0141,44.6262],[6.0184,44.6266],[6.0235,44.625],[6.0275,44.6228],[6.0322,44.6232],[6.0354,44.6231],[6.0395,44.6177],[6.0449,44.6154],[6.0476,44.6151],[6.0504,44.6041],[6.0502,44.6017],[6.049,44.5989],[6.0489,44.5964],[6.0454,44.5912],[6.0422,44.5893],[6.0416,44.5866],[6.0401,44.5847],[6.0372,44.5832],[6.0336,44.5819],[6.0297,44.5814],[6.0261,44.5778],[6.0242,44.5743],[6.0231,44.5737],[6.0169,44.5742],[6.0147,44.5733],[6.0153,44.5696],[6.0131,44.5671],[6.0119,44.5642],[6.0122,44.5608],[6.0138,44.5592],[6.0133,44.5573],[6.014,44.5542],[6.0129,44.5505],[6.0105,44.5495],[6.0098,44.5507],[6.0073,44.55],[6.0069,44.5485],[6.0045,44.5484],[6.0035,44.5457],[6.0043,44.543],[5.9971,44.5443],[5.9914,44.5442],[5.9942,44.5418],[5.994,44.5383],[5.9962,44.5346],[5.996,44.5332],[5.9929,44.53],[5.9908,44.5294],[5.9899,44.5282],[5.986,44.5263],[5.985,44.5246],[5.9824,44.5234],[5.9814,44.522],[5.9788,44.5205],[5.9748,44.5194],[5.966,44.5188],[5.9607,44.5166],[5.9614,44.5122],[5.9613,44.5078],[5.9584,44.5034],[5.955,44.5006],[5.9462,44.4979],[5.941,44.4974],[5.9389,44.4929],[5.9371,44.4907],[5.9391,44.4883],[5.9388,44.4865],[5.9371,44.4853],[5.9343,44.4859],[5.9344,44.4831],[5.9336,44.4822],[5.9322,44.4783],[5.9297,44.4775],[5.9282,44.4779],[5.9266,44.4787],[5.9235,44.4793],[5.9189,44.4821],[5.9169,44.4877],[5.9163,44.4886],[5.912,44.4876],[5.9114,44.4883],[5.9059,44.4899],[5.9025,44.492],[5.8986,44.4934],[5.8956,44.4916],[5.8941,44.4896],[5.8921,44.4883],[5.8892,44.4888],[5.883,44.4868],[5.882,44.4872],[5.8742,44.4885],[5.8701,44.491],[5.8674,44.4883],[5.8661,44.4861],[5.8665,44.4819],[5.866,44.481],[5.8678,44.478],[5.8709,44.4753],[5.8731,44.4756],[5.8759,44.4746],[5.8769,44.4725],[5.8765,44.4698],[5.8742,44.4606],[5.8731,44.4601],[5.8732,44.4579],[5.8744,44.4545],[5.8758,44.4524],[5.8782,44.4518],[5.8788,44.4495],[5.8751,44.4472],[5.8687,44.4468],[5.8664,44.446],[5.8634,44.4462],[5.8619,44.4457],[5.8595,44.4423],[5.8561,44.4411],[5.8531,44.4382],[5.8473,44.438],[5.8458,44.4346],[5.8459,44.4316],[5.8441,44.4287],[5.8457,44.4265],[5.85,44.4259],[5.8519,44.4263],[5.8555,44.4257],[5.8598,44.424],[5.8616,44.4241],[5.8641,44.4231],[5.8679,44.4233],[5.8707,44.4227],[5.8721,44.4217],[5.8749,44.4187],[5.8766,44.4188],[5.88,44.4177],[5.8841,44.4148],[5.8907,44.4123],[5.8922,44.4122],[5.895,44.4103],[5.8998,44.4087],[5.903,44.407],[5.9085,44.4053],[5.9104,44.4053],[5.9117,44.4066],[5.9143,44.4082],[5.915,44.4093],[5.9194,44.4096],[5.9206,44.4087],[5.9236,44.4084],[5.9266,44.4105],[5.9284,44.4106],[5.9325,44.4091],[5.9353,44.4089],[5.9384,44.408],[5.9394,44.4071],[5.9408,44.4038],[5.9443,44.4006],[5.9477,44.3983],[5.9535,44.395],[5.9521,44.3927],[5.9494,44.3868],[5.9464,44.3829],[5.9447,44.3781],[5.9414,44.3727],[5.9407,44.3693],[5.941,44.3663],[5.9383,44.3623],[5.9374,44.3594],[5.9307,44.3524],[5.9274,44.3501],[5.926,44.3496],[5.9242,44.3489],[5.9223,44.3468],[5.9198,44.3407],[5.9175,44.3385],[5.9149,44.3375],[5.9129,44.3374],[5.9086,44.3384],[5.9043,44.3379],[5.9032,44.3374],[5.9028,44.3356],[5.9033,44.3338],[5.9054,44.3301],[5.9055,44.3285],[5.9044,44.3269],[5.903,44.3264],[5.899,44.3237],[5.8962,44.3201],[5.8961,44.3186],[5.8984,44.3157],[5.9001,44.3143],[5.9041,44.3134],[5.9088,44.3115],[5.9118,44.3107],[5.9138,44.311],[5.9161,44.3124],[5.918,44.3143],[5.9219,44.3156],[5.9241,44.3156],[5.9251,44.3134],[5.9248,44.3125],[5.9256,44.3085],[5.9253,44.3059],[5.9235,44.3024],[5.9233,44.3008],[5.9245,44.2993],[5.9265,44.2973],[5.9271,44.2948],[5.9264,44.2932],[5.9231,44.2915],[5.9166,44.2911],[5.9137,44.2897],[5.9127,44.2887],[5.913,44.2869],[5.9161,44.2829],[5.9166,44.2799],[5.9136,44.2761],[5.9124,44.2731],[5.913,44.2683],[5.9156,44.2672],[5.9206,44.2675],[5.9246,44.2665],[5.925,44.264],[5.9244,44.2615],[5.9206,44.2575],[5.9197,44.2548],[5.9199,44.2533],[5.9215,44.2505],[5.9218,44.2484],[5.9132,44.2487],[5.9122,44.2495],[5.9106,44.2472],[5.9077,44.2441],[5.9054,44.2317],[5.9034,44.2334],[5.8971,44.2311],[5.8959,44.2296],[5.8938,44.2292],[5.893,44.228],[5.8913,44.2281],[5.8896,44.2268],[5.8868,44.2273],[5.8836,44.2268],[5.8818,44.2278],[5.8803,44.2301],[5.8763,44.2293],[5.877,44.2276],[5.8755,44.2243],[5.8727,44.2242],[5.8738,44.2182],[5.8764,44.2144],[5.8818,44.211],[5.895,44.2071],[5.9033,44.2067],[5.9079,44.2066],[5.9109,44.2056],[5.9147,44.2034],[5.9132,44.1979],[5.9093,44.1905],[5.9055,44.191],[5.9003,44.1909],[5.8904,44.1901],[5.8894,44.1927],[5.8876,44.1938],[5.8834,44.1931],[5.878,44.1931],[5.8672,44.1934],[5.8636,44.1943],[5.8621,44.1942],[5.8591,44.1952],[5.8541,44.1963],[5.8451,44.1999],[5.8381,44.2001],[5.8332,44.1999],[5.8286,44.2007],[5.8148,44.2098],[5.8139,44.2103],[5.7954,44.2135],[5.7933,44.213],[5.7919,44.2119],[5.7882,44.2103],[5.7842,44.2094],[5.7802,44.2068],[5.7765,44.2055],[5.7739,44.2055],[5.7711,44.2065],[5.7683,44.2069],[5.7632,44.2086],[5.7555,44.2102],[5.7545,44.2098],[5.7511,44.2094],[5.748,44.2079],[5.747,44.2052],[5.7443,44.2034],[5.7401,44.2021],[5.7367,44.2008],[5.7336,44.2001],[5.7292,44.2001],[5.7272,44.2008],[5.7223,44.2],[5.7221,44.1996],[5.7139,44.1993],[5.7126,44.1981],[5.712,44.1949],[5.7082,44.193],[5.7037,44.1919],[5.7029,44.1904],[5.698,44.1898],[5.6932,44.1887],[5.6921,44.1865],[5.6886,44.1884],[5.686,44.1887],[5.684,44.1896],[5.6819,44.1897],[5.6782,44.1905],[5.676,44.1914],[5.6794,44.1918],[5.6845,44.1928],[5.6864,44.1946],[5.6864,44.1972],[5.6834,44.2002],[5.6831,44.2035],[5.6824,44.2048],[5.6789,44.208],[5.6788,44.2091],[5.6768,44.2103],[5.676,44.2122],[5.6767,44.2134],[5.6775,44.2173],[5.6773,44.2198],[5.6792,44.2209],[5.6807,44.225],[5.6806,44.2274],[5.6795,44.2288],[5.6811,44.2307],[5.6813,44.2329],[5.6824,44.2343],[5.6776,44.2363],[5.6752,44.2379],[5.673,44.2398]]]}},{"type":"Feature","properties":{"nom":"CPTS Cerebellum Pays des Sorgues et Luberon","statut":"","communes":["84013","84025","84035","84038","84050","84051","84054","84062","84071","84073","84086","84099","84114","84124","84131","84132","84139","84142"],"president":"Jean-Thomas BAILLY","coordonnateur":"Iseline RIGE","contact":"cpts.cerebellum.sudvaucluse@gmail.com; contact@cpts-cerebellum.fr","site":"cpts-cerebellum.fr/"},"geometry":{"type":"Polygon","coordinates":[[[5.0797,43.7767],[5.0706,43.7802],[5.0567,43.7858],[5.0497,43.7887],[5.0464,43.7911],[5.0447,43.7929],[5.0436,43.7959],[5.0431,43.8009],[5.0431,43.8039],[5.0426,43.8065],[5.0412,43.8109],[5.037,43.8178],[5.0354,43.8201],[5.0327,43.824],[5.0295,43.8278],[5.024,43.8302],[5.004,43.8407],[4.9977,43.8449],[4.9961,43.8461],[4.9915,43.8507],[4.9863,43.8602],[4.9813,43.8691],[4.9738,43.8826],[4.9741,43.8839],[4.9829,43.8844],[4.9842,43.8872],[4.9844,43.8891],[4.9951,43.8907],[4.9919,43.8938],[4.9916,43.895],[4.9853,43.8968],[4.9838,43.8968],[4.98,43.9009],[4.9774,43.9043],[4.9737,43.907],[4.9728,43.907],[4.9715,43.909],[4.9686,43.9114],[4.9677,43.9115],[4.9664,43.9129],[4.966,43.918],[4.9667,43.9212],[4.9668,43.9254],[4.9657,43.9306],[4.9635,43.9318],[4.9627,43.934],[4.9625,43.9362],[4.9602,43.9364],[4.9585,43.9373],[4.9579,43.9389],[4.9599,43.9462],[4.9596,43.9484],[4.9596,43.9505],[4.9604,43.951],[4.9589,43.9544],[4.956,43.9567],[4.9554,43.9587],[4.9532,43.9608],[4.9515,43.9614],[4.9511,43.9626],[4.9531,43.9628],[4.96,43.9643],[4.9665,43.9659],[4.9762,43.9679],[4.9704,43.9693],[4.9702,43.9701],[4.9674,43.9702],[4.9605,43.9722],[4.9589,43.9722],[4.959,43.9729],[4.9656,43.9722],[4.9718,43.9718],[4.9843,43.9713],[4.986,43.9717],[4.9871,43.9709],[4.9891,43.9712],[4.9946,43.9709],[4.9963,43.9703],[4.9969,43.9678],[4.9991,43.966],[5.0006,43.9663],[5.0033,43.9686],[5.0056,43.9695],[5.0069,43.9709],[5.0085,43.9708],[5.0129,43.9735],[5.0168,43.9744],[5.0223,43.9748],[5.0285,43.9759],[5.0293,43.9753],[5.0331,43.9765],[5.0367,43.9772],[5.0397,43.9773],[5.0431,43.9761],[5.0455,43.9748],[5.048,43.9746],[5.0502,43.9732],[5.0518,43.9729],[5.053,43.9716],[5.0545,43.9725],[5.0577,43.9721],[5.0614,43.9704],[5.0656,43.971],[5.0669,43.9669],[5.0688,43.9644],[5.0705,43.9635],[5.0756,43.9634],[5.0782,43.9623],[5.0834,43.9595],[5.0853,43.956],[5.0867,43.9553],[5.0879,43.9573],[5.09,43.9594],[5.0911,43.9594],[5.0929,43.9614],[5.097,43.961],[5.0985,43.9612],[5.1002,43.9604],[5.1026,43.961],[5.1042,43.9605],[5.1123,43.961],[5.1165,43.961],[5.119,43.9593],[5.1199,43.9578],[5.1227,43.9558],[5.1255,43.9555],[5.1282,43.9561],[5.131,43.956],[5.1359,43.9557],[5.1424,43.9545],[5.1468,43.9527],[5.1489,43.9523],[5.1521,43.9505],[5.1553,43.9496],[5.1588,43.9504],[5.1597,43.95],[5.164,43.9513],[5.1681,43.9523],[5.1728,43.9546],[5.1742,43.9546],[5.1772,43.9527],[5.1827,43.9521],[5.1879,43.9506],[5.1907,43.9502],[5.192,43.9505],[5.1959,43.9503],[5.1994,43.9512],[5.2021,43.9508],[5.2033,43.9488],[5.207,43.9471],[5.2092,43.9452],[5.2099,43.9438],[5.214,43.9406],[5.2158,43.9382],[5.2177,43.9376],[5.2203,43.9361],[5.2241,43.9343],[5.2251,43.9331],[5.23,43.9331],[5.232,43.9317],[5.2395,43.9238],[5.2405,43.9191],[5.2423,43.9162],[5.2476,43.9086],[5.2491,43.9045],[5.2489,43.9028],[5.2481,43.9008],[5.2471,43.9001],[5.2459,43.8979],[5.2457,43.8961],[5.2503,43.8963],[5.252,43.896],[5.2558,43.8923],[5.2598,43.8917],[5.2632,43.8895],[5.2665,43.8854],[5.2693,43.8844],[5.2732,43.881],[5.2742,43.8805],[5.2743,43.877],[5.2749,43.8759],[5.2771,43.8746],[5.2784,43.8747],[5.28,43.8731],[5.2844,43.8727],[5.2863,43.8716],[5.2866,43.8698],[5.2881,43.8693],[5.2889,43.865],[5.2906,43.8636],[5.2908,43.8609],[5.2893,43.8608],[5.287,43.8595],[5.2806,43.8599],[5.2806,43.8566],[5.2676,43.8539],[5.2663,43.8534],[5.2666,43.8485],[5.2664,43.8469],[5.2652,43.8449],[5.2606,43.8426],[5.2576,43.8423],[5.2558,43.8401],[5.2547,43.8402],[5.2513,43.8389],[5.2475,43.8387],[5.2449,43.8396],[5.2453,43.8379],[5.2468,43.8349],[5.2495,43.8285],[5.2515,43.8263],[5.2544,43.8245],[5.2571,43.8209],[5.2559,43.8173],[5.2555,43.81],[5.2565,43.8005],[5.2569,43.7991],[5.2537,43.7989],[5.2484,43.7968],[5.2371,43.794],[5.2302,43.793],[5.2275,43.7922],[5.2244,43.7926],[5.2229,43.7921],[5.2203,43.7922],[5.2059,43.7936],[5.198,43.7946],[5.1973,43.7896],[5.1967,43.7876],[5.1945,43.7769],[5.192,43.7654],[5.1811,43.7664],[5.1753,43.7662],[5.1737,43.7655],[5.1699,43.7649],[5.1681,43.7637],[5.1632,43.759],[5.1583,43.7569],[5.1388,43.7528],[5.1238,43.7587],[5.1068,43.7657],[5.0907,43.7721],[5.0797,43.7767]]]}},{"type":"Feature","properties":{"nom":"CPTS Champsaur-Valgaudemar","statut":"","communes":["05004","05009","05025","05029","05032","05039","05054","05056","05062","05064","05072","05090","05095","05096","05104","05132","05142","05144","05145","05147","05148","05149","05152","05153","05182"],"president":"Dr Sophie SCHMITT","coordonnateur":"Hélène BEGUIN (remplacée par Marion Lagniet jusqu'à 03/2026)","contact":"contact@pscv.fr","site":"pscv.fr"},"geometry":{"type":"Polygon","coordinates":[[[6.1278,44.6164],[6.1264,44.616],[6.1232,44.6172],[6.117,44.6162],[6.1164,44.6148],[6.1136,44.6141],[6.1023,44.6143],[6.1006,44.6153],[6.1006,44.6163],[6.0942,44.6171],[6.0927,44.6194],[6.0906,44.6213],[6.0901,44.6255],[6.0908,44.6265],[6.0916,44.6302],[6.0911,44.6333],[6.0866,44.6301],[6.0825,44.6289],[6.0793,44.6287],[6.0758,44.6295],[6.0732,44.6294],[6.0704,44.6265],[6.0673,44.6251],[6.0634,44.6252],[6.0602,44.627],[6.0563,44.6258],[6.0548,44.6262],[6.0475,44.6298],[6.0454,44.6326],[6.0438,44.6328],[6.0441,44.6347],[6.0459,44.636],[6.0461,44.637],[6.0485,44.64],[6.0482,44.6433],[6.0468,44.6456],[6.0458,44.6498],[6.0445,44.651],[6.0409,44.6525],[6.0378,44.657],[6.0373,44.6601],[6.0348,44.6625],[6.0333,44.6629],[6.0289,44.6638],[6.0267,44.6645],[6.0252,44.6644],[6.0215,44.6622],[6.0206,44.6609],[6.0174,44.6589],[6.0139,44.6586],[6.0091,44.6604],[6.0064,44.6608],[6.0037,44.6627],[6.001,44.6638],[5.9978,44.6645],[5.9957,44.6638],[5.9895,44.6636],[5.9899,44.6651],[5.9888,44.6673],[5.9859,44.6707],[5.9856,44.6722],[5.9814,44.677],[5.9793,44.6784],[5.9769,44.6814],[5.9763,44.6839],[5.9755,44.6846],[5.9806,44.6897],[5.9855,44.6935],[5.9898,44.6974],[5.9905,44.6994],[5.9925,44.7006],[5.9927,44.7026],[5.9902,44.7047],[5.9867,44.7054],[5.984,44.7066],[5.9831,44.7079],[5.9807,44.7099],[5.973,44.7102],[5.9706,44.7101],[5.9661,44.7141],[5.9656,44.7153],[5.9637,44.7167],[5.9637,44.7182],[5.9582,44.7242],[5.9576,44.7265],[5.9563,44.7263],[5.9555,44.7288],[5.9525,44.732],[5.9512,44.7355],[5.9515,44.7394],[5.9484,44.7448],[5.9484,44.746],[5.9498,44.748],[5.9499,44.7498],[5.949,44.7508],[5.95,44.7549],[5.9521,44.757],[5.9511,44.7596],[5.9525,44.7621],[5.9525,44.7676],[5.9518,44.7695],[5.9532,44.7713],[5.9574,44.7733],[5.9719,44.7781],[5.9803,44.7812],[5.9794,44.7859],[5.9778,44.791],[5.9735,44.7929],[5.9692,44.7944],[5.964,44.7959],[5.9607,44.7966],[5.9607,44.7985],[5.9595,44.7996],[5.9538,44.7995],[5.9517,44.8007],[5.9495,44.8045],[5.9535,44.8061],[5.955,44.8075],[5.9574,44.8084],[5.9602,44.812],[5.9646,44.8118],[5.9693,44.814],[5.9726,44.8146],[5.9792,44.8186],[5.9849,44.8189],[5.9883,44.8179],[5.9924,44.8177],[5.9962,44.8179],[5.9982,44.8189],[6.0025,44.8198],[6.0055,44.8208],[6.0077,44.8239],[6.0077,44.8252],[6.0091,44.8277],[6.0094,44.8304],[6.0114,44.831],[6.0133,44.8333],[6.0159,44.8355],[6.0218,44.8376],[6.0251,44.8367],[6.0274,44.8378],[6.0302,44.8381],[6.0309,44.8366],[6.0341,44.8352],[6.0358,44.8316],[6.0379,44.8294],[6.0405,44.8275],[6.0473,44.8237],[6.0477,44.8213],[6.0505,44.8181],[6.0526,44.8168],[6.0545,44.8168],[6.0565,44.8158],[6.0586,44.819],[6.0613,44.8205],[6.067,44.8214],[6.0682,44.8237],[6.0696,44.8251],[6.0714,44.8255],[6.0733,44.8278],[6.079,44.8286],[6.0801,44.8295],[6.0855,44.8324],[6.0879,44.8329],[6.0899,44.8357],[6.093,44.8363],[6.0965,44.8375],[6.0973,44.8382],[6.0991,44.8398],[6.1007,44.8426],[6.1064,44.8439],[6.1107,44.8432],[6.1122,44.8449],[6.1147,44.8466],[6.1167,44.8493],[6.117,44.8512],[6.1183,44.8528],[6.1211,44.8535],[6.1226,44.8555],[6.1247,44.8573],[6.127,44.8606],[6.1284,44.8619],[6.1298,44.8621],[6.1329,44.8645],[6.1362,44.8641],[6.1386,44.8633],[6.1397,44.8616],[6.1422,44.8606],[6.1438,44.8584],[6.1512,44.8581],[6.1536,44.8593],[6.1585,44.8586],[6.1604,44.8556],[6.1623,44.8543],[6.1684,44.8522],[6.1697,44.8524],[6.1704,44.8543],[6.1767,44.8541],[6.1815,44.8547],[6.1877,44.8538],[6.1895,44.8543],[6.1906,44.8562],[6.1919,44.8569],[6.1947,44.8571],[6.1964,44.859],[6.2021,44.8589],[6.2062,44.8577],[6.2069,44.8561],[6.2157,44.8541],[6.218,44.8541],[6.2213,44.8533],[6.2221,44.8537],[6.2254,44.8522],[6.2301,44.8522],[6.2354,44.8516],[6.2375,44.852],[6.247,44.8517],[6.25,44.8519],[6.2535,44.8552],[6.2532,44.856],[6.255,44.8588],[6.2577,44.8616],[6.2584,44.8637],[6.2618,44.8654],[6.2632,44.8668],[6.2694,44.8705],[6.2708,44.871],[6.2742,44.871],[6.2774,44.8715],[6.2815,44.8699],[6.2852,44.8718],[6.2865,44.8734],[6.2886,44.8741],[6.2923,44.8738],[6.295,44.8742],[6.2987,44.8731],[6.3039,44.873],[6.3073,44.8695],[6.3087,44.8658],[6.3124,44.863],[6.3174,44.8619],[6.3172,44.8602],[6.3201,44.857],[6.3191,44.8549],[6.3204,44.8536],[6.3218,44.8535],[6.3241,44.8522],[6.3266,44.8522],[6.3304,44.8513],[6.3363,44.8484],[6.3355,44.845],[6.3335,44.8436],[6.3311,44.8426],[6.3296,44.8404],[6.3301,44.8388],[6.333,44.8376],[6.332,44.8356],[6.3356,44.8338],[6.3366,44.8288],[6.3357,44.8279],[6.338,44.8264],[6.3433,44.8243],[6.3461,44.8237],[6.3469,44.8208],[6.3499,44.8192],[6.3486,44.817],[6.3438,44.8163],[6.3427,44.8125],[6.3407,44.8101],[6.3396,44.8082],[6.3417,44.8069],[6.3407,44.804],[6.3399,44.8035],[6.3383,44.7985],[6.3436,44.796],[6.3445,44.7945],[6.3441,44.7932],[6.3446,44.7906],[6.3441,44.7893],[6.3442,44.7863],[6.343,44.7838],[6.3462,44.7782],[6.3468,44.7766],[6.3505,44.7759],[6.3518,44.7752],[6.3534,44.7729],[6.3533,44.7707],[6.3561,44.7626],[6.3576,44.7617],[6.3583,44.759],[6.3595,44.758],[6.3579,44.7555],[6.357,44.7532],[6.3547,44.7507],[6.3538,44.7489],[6.3515,44.7481],[6.3496,44.7466],[6.347,44.746],[6.3449,44.7441],[6.3487,44.7418],[6.35,44.7401],[6.3521,44.7388],[6.3545,44.7364],[6.3563,44.7334],[6.3578,44.734],[6.3637,44.7339],[6.3677,44.7348],[6.3705,44.7349],[6.3739,44.7343],[6.3769,44.7351],[6.3788,44.7339],[6.3804,44.7336],[6.3811,44.7314],[6.3844,44.7283],[6.388,44.728],[6.39,44.7264],[6.3915,44.7262],[6.3946,44.7241],[6.3978,44.7237],[6.4,44.7239],[6.4012,44.7231],[6.4009,44.721],[6.4022,44.7193],[6.399,44.7155],[6.3991,44.7139],[6.4017,44.7126],[6.4042,44.7093],[6.4046,44.7079],[6.4064,44.7061],[6.4053,44.7054],[6.4052,44.7037],[6.4017,44.7],[6.4017,44.6984],[6.4041,44.6959],[6.412,44.6921],[6.4146,44.6901],[6.4166,44.6906],[6.4209,44.6886],[6.4252,44.6886],[6.4278,44.6881],[6.4311,44.6881],[6.4366,44.6866],[6.4395,44.6864],[6.4412,44.6857],[6.4408,44.6843],[6.4429,44.683],[6.4414,44.682],[6.4389,44.6821],[6.4369,44.6803],[6.4344,44.6789],[6.4338,44.6764],[6.433,44.6753],[6.4343,44.6717],[6.4352,44.6712],[6.4341,44.6693],[6.4339,44.667],[6.4323,44.6649],[6.4324,44.6639],[6.43,44.6608],[6.4285,44.6598],[6.4231,44.6588],[6.4215,44.6577],[6.42,44.6543],[6.4179,44.6519],[6.4145,44.6504],[6.4109,44.6494],[6.4081,44.6483],[6.4021,44.6427],[6.4021,44.6412],[6.4032,44.6394],[6.4003,44.6384],[6.3986,44.6386],[6.3967,44.6403],[6.3953,44.6408],[6.3912,44.6411],[6.3873,44.6425],[6.3861,44.6434],[6.386,44.6453],[6.383,44.6463],[6.3807,44.6484],[6.3786,44.6495],[6.3745,44.6541],[6.3714,44.6605],[6.3676,44.662],[6.3607,44.663],[6.3581,44.6619],[6.3522,44.6611],[6.3489,44.6591],[6.346,44.6559],[6.3454,44.6533],[6.3429,44.6508],[6.3425,44.6499],[6.3359,44.6476],[6.3344,44.6435],[6.3342,44.642],[6.3323,44.6399],[6.3246,44.6349],[6.3216,44.6322],[6.3191,44.6306],[6.3154,44.6296],[6.3124,44.6284],[6.3062,44.627],[6.302,44.6257],[6.3002,44.6232],[6.298,44.622],[6.2969,44.6194],[6.2946,44.617],[6.294,44.6157],[6.2914,44.6149],[6.2895,44.6129],[6.2907,44.611],[6.2909,44.6086],[6.2903,44.6064],[6.2887,44.6035],[6.2884,44.6019],[6.2818,44.6026],[6.2806,44.602],[6.2757,44.6026],[6.2672,44.6032],[6.2635,44.6015],[6.2624,44.6007],[6.256,44.5992],[6.2536,44.5979],[6.2508,44.5975],[6.2474,44.5977],[6.2452,44.5984],[6.2416,44.5968],[6.2337,44.5974],[6.2295,44.5959],[6.2146,44.5926],[6.1979,44.5909],[6.1919,44.5901],[6.1882,44.5905],[6.1831,44.5918],[6.1752,44.5935],[6.175,44.5946],[6.1695,44.5971],[6.1736,44.598],[6.1725,44.6004],[6.1729,44.6029],[6.1705,44.6042],[6.1704,44.6069],[6.1684,44.6075],[6.1691,44.6091],[6.1675,44.6102],[6.1608,44.6112],[6.1561,44.6145],[6.1418,44.6132],[6.1396,44.6127],[6.1382,44.6127],[6.134,44.6141],[6.1278,44.6164]]]}},{"type":"Feature","properties":{"nom":"CPTS Comtat Venaissin","statut":"","communes":["84004","84005","84008","84011","84012","84015","84017","84018","84021","84030","84031","84041","84046","84059","84067","84069","84070","84072","84075","84077","84079","84080","84082","84088","84100","84101","84108","84109","84110","84115","84120","84122","84123","84125","84130","84136","84143","84148"],"president":"Valérie LAPIERRE","coordonnateur":"Julie ALARY","contact":"contact@cpts-synapse.fr","site":"cpts-synapse.fr"},"geometry":{"type":"Polygon","coordinates":[[[5.1597,43.95],[5.1588,43.9504],[5.1553,43.9496],[5.1521,43.9505],[5.1489,43.9523],[5.1468,43.9527],[5.1424,43.9545],[5.1359,43.9557],[5.131,43.956],[5.1282,43.9561],[5.1255,43.9555],[5.1227,43.9558],[5.1199,43.9578],[5.119,43.9593],[5.1165,43.961],[5.1123,43.961],[5.1042,43.9605],[5.1026,43.961],[5.1002,43.9604],[5.0985,43.9612],[5.097,43.961],[5.0929,43.9614],[5.0911,43.9594],[5.09,43.9594],[5.0879,43.9573],[5.0867,43.9553],[5.0853,43.956],[5.0834,43.9595],[5.0782,43.9623],[5.0756,43.9634],[5.0705,43.9635],[5.0688,43.9644],[5.0669,43.9669],[5.0656,43.971],[5.0614,43.9704],[5.0577,43.9721],[5.0545,43.9725],[5.053,43.9716],[5.0518,43.9729],[5.0502,43.9732],[5.048,43.9746],[5.0455,43.9748],[5.0431,43.9761],[5.0397,43.9773],[5.0367,43.9772],[5.0331,43.9765],[5.0293,43.9753],[5.0285,43.9759],[5.0223,43.9748],[5.0168,43.9744],[5.0129,43.9735],[5.0085,43.9708],[5.0069,43.9709],[5.0056,43.9695],[5.0033,43.9686],[5.0006,43.9663],[4.9991,43.966],[4.9969,43.9678],[4.9963,43.9703],[4.9946,43.9709],[4.9891,43.9712],[4.9871,43.9709],[4.986,43.9717],[4.9843,43.9713],[4.9718,43.9718],[4.9656,43.9722],[4.959,43.9729],[4.9589,43.9722],[4.9509,43.9746],[4.9538,43.9777],[4.9612,43.985],[4.9626,43.9856],[4.9637,43.9859],[4.9749,43.9911],[4.981,43.9963],[4.9803,43.9986],[4.9787,43.9997],[4.9734,44.0048],[4.9732,44.0058],[4.9697,44.0077],[4.9669,44.0097],[4.9649,44.0102],[4.9626,44.0117],[4.9613,44.0135],[4.9588,44.015],[4.9538,44.0189],[4.9473,44.0218],[4.9467,44.0227],[4.9432,44.0235],[4.9397,44.0254],[4.9365,44.0245],[4.9368,44.0305],[4.938,44.0448],[4.9422,44.0458],[4.9437,44.0474],[4.9424,44.054],[4.9413,44.0592],[4.94,44.0642],[4.9401,44.0677],[4.9387,44.0692],[4.9389,44.0707],[4.9376,44.0736],[4.9363,44.0746],[4.9353,44.0765],[4.9331,44.0759],[4.9311,44.0818],[4.9304,44.0823],[4.9265,44.0872],[4.9257,44.0904],[4.9259,44.0928],[4.9216,44.0938],[4.9184,44.0987],[4.9172,44.1003],[4.915,44.1017],[4.9157,44.104],[4.9188,44.1064],[4.9198,44.11],[4.9215,44.111],[4.9247,44.1117],[4.9269,44.1144],[4.9274,44.1162],[4.93,44.1197],[4.9355,44.1239],[4.941,44.1268],[4.9438,44.1271],[4.9507,44.1293],[4.952,44.1303],[4.9527,44.1322],[4.9524,44.1339],[4.9531,44.137],[4.9526,44.1404],[4.9514,44.1452],[4.9521,44.1497],[4.9528,44.1515],[4.9556,44.1538],[4.9583,44.1571],[4.9643,44.156],[4.9674,44.1578],[4.969,44.1581],[4.9687,44.16],[4.9694,44.1626],[4.9737,44.1632],[4.9796,44.163],[4.987,44.1596],[4.9937,44.1568],[4.9958,44.153],[4.9947,44.1504],[4.9927,44.1478],[4.9924,44.1435],[4.9954,44.1383],[4.9976,44.1382],[5.0036,44.137],[5.0062,44.1371],[5.0075,44.1361],[5.0102,44.1354],[5.0144,44.1348],[5.0155,44.1343],[5.0186,44.1352],[5.0201,44.135],[5.0223,44.1369],[5.024,44.139],[5.0253,44.1396],[5.0311,44.141],[5.0341,44.143],[5.0383,44.144],[5.0414,44.1437],[5.0403,44.1464],[5.0392,44.1522],[5.0347,44.156],[5.034,44.1574],[5.0352,44.1585],[5.038,44.1592],[5.0412,44.1614],[5.0409,44.1618],[5.0362,44.1622],[5.0342,44.1618],[5.0315,44.1632],[5.0301,44.1647],[5.0335,44.1651],[5.0392,44.1685],[5.0363,44.1697],[5.0373,44.1713],[5.0399,44.1734],[5.0413,44.1738],[5.0442,44.1758],[5.0493,44.1775],[5.0492,44.1785],[5.0515,44.1803],[5.0543,44.181],[5.057,44.1821],[5.0596,44.1801],[5.0625,44.1816],[5.0643,44.1833],[5.0676,44.1852],[5.0682,44.1862],[5.0721,44.1877],[5.0683,44.19],[5.0717,44.1919],[5.0738,44.1916],[5.0773,44.1934],[5.0785,44.1919],[5.0866,44.1918],[5.0908,44.192],[5.0926,44.1938],[5.0928,44.1949],[5.0964,44.1991],[5.0983,44.203],[5.1005,44.204],[5.101,44.2054],[5.1034,44.2066],[5.1061,44.2072],[5.1066,44.2084],[5.1083,44.2094],[5.1151,44.2075],[5.1191,44.2066],[5.1233,44.2039],[5.128,44.2015],[5.1297,44.2017],[5.1342,44.2047],[5.1391,44.2074],[5.1447,44.2038],[5.1461,44.2043],[5.1486,44.2075],[5.1522,44.2077],[5.1551,44.2098],[5.1569,44.2117],[5.1589,44.2152],[5.1611,44.2161],[5.1679,44.2253],[5.1707,44.2234],[5.1722,44.223],[5.175,44.2208],[5.1767,44.2202],[5.1793,44.2202],[5.1818,44.219],[5.1825,44.2198],[5.1848,44.2188],[5.1887,44.2203],[5.1915,44.2188],[5.1927,44.219],[5.1984,44.2167],[5.2021,44.2166],[5.2067,44.2138],[5.2092,44.2139],[5.213,44.215],[5.2161,44.215],[5.2221,44.2134],[5.2232,44.2146],[5.2268,44.215],[5.2285,44.2123],[5.2308,44.2119],[5.2339,44.2134],[5.2359,44.2128],[5.2382,44.2132],[5.2392,44.2206],[5.2405,44.2308],[5.2468,44.2307],[5.2485,44.2311],[5.2523,44.2312],[5.2565,44.2301],[5.2589,44.2286],[5.262,44.2278],[5.2657,44.2261],[5.2686,44.2254],[5.2775,44.2202],[5.2807,44.2198],[5.2831,44.2188],[5.2851,44.2173],[5.2923,44.2145],[5.2947,44.2125],[5.2968,44.2098],[5.2976,44.2079],[5.3033,44.2054],[5.3038,44.2065],[5.3025,44.2086],[5.3033,44.2099],[5.3068,44.2088],[5.3099,44.2092],[5.3128,44.2082],[5.3158,44.2086],[5.3183,44.2099],[5.3253,44.2073],[5.3301,44.2047],[5.332,44.2039],[5.3368,44.2035],[5.3367,44.2043],[5.3417,44.2066],[5.3444,44.2089],[5.348,44.2106],[5.3514,44.2117],[5.3553,44.2146],[5.3599,44.2118],[5.3656,44.2097],[5.3743,44.2057],[5.3767,44.2051],[5.379,44.2042],[5.3801,44.203],[5.3845,44.2012],[5.3832,44.1991],[5.3811,44.1959],[5.3815,44.1917],[5.3853,44.1874],[5.3863,44.1857],[5.3867,44.1817],[5.3865,44.1769],[5.3837,44.1729],[5.3846,44.166],[5.3833,44.1638],[5.3828,44.1605],[5.3834,44.157],[5.3832,44.1553],[5.3858,44.1556],[5.388,44.1539],[5.3905,44.1534],[5.3925,44.1523],[5.3966,44.152],[5.4005,44.1526],[5.4012,44.1531],[5.4057,44.1535],[5.4085,44.1531],[5.4128,44.1549],[5.4168,44.1551],[5.4217,44.1508],[5.4239,44.1493],[5.4284,44.1491],[5.4299,44.1509],[5.4324,44.1522],[5.4358,44.1523],[5.4357,44.1508],[5.4377,44.1492],[5.4366,44.148],[5.4374,44.1469],[5.4375,44.1446],[5.4366,44.14],[5.4392,44.1379],[5.443,44.1383],[5.4444,44.1373],[5.4476,44.1367],[5.4473,44.136],[5.4498,44.1288],[5.4487,44.1256],[5.4506,44.1215],[5.4542,44.12],[5.4547,44.1192],[5.4612,44.1181],[5.4652,44.1184],[5.4739,44.1185],[5.4826,44.1178],[5.4845,44.1171],[5.4947,44.1154],[5.4988,44.1157],[5.4985,44.1092],[5.4991,44.1073],[5.499,44.105],[5.497,44.1024],[5.5004,44.1003],[5.5003,44.0933],[5.4992,44.0917],[5.4986,44.0894],[5.4992,44.0828],[5.4984,44.0807],[5.498,44.0752],[5.4986,44.0717],[5.5021,44.0661],[5.5026,44.0634],[5.5,44.0642],[5.4927,44.0669],[5.4836,44.0676],[5.4777,44.0695],[5.4753,44.0699],[5.474,44.066],[5.4739,44.0638],[5.472,44.0617],[5.4722,44.0601],[5.4718,44.0566],[5.4707,44.0541],[5.47,44.0508],[5.4673,44.0488],[5.4646,44.0439],[5.4638,44.0412],[5.4626,44.0402],[5.4606,44.0397],[5.4585,44.0376],[5.4583,44.0365],[5.4622,44.0348],[5.4634,44.0315],[5.4665,44.0284],[5.4599,44.0276],[5.4534,44.0256],[5.4498,44.0258],[5.4484,44.0245],[5.4475,44.022],[5.4431,44.0169],[5.4394,44.0141],[5.4382,44.0156],[5.4316,44.0141],[5.4264,44.0136],[5.4244,44.0137],[5.4183,44.013],[5.408,44.0084],[5.4051,44.0076],[5.4031,44.0075],[5.3902,44.0047],[5.385,44.0017],[5.3801,44.0009],[5.3745,43.9996],[5.3719,43.9977],[5.3682,43.9958],[5.3593,43.9956],[5.3586,43.9998],[5.3498,44.006],[5.3428,44.0098],[5.3361,44.0129],[5.3311,44.0132],[5.3256,44.0146],[5.323,44.0149],[5.3147,44.0203],[5.3138,44.0223],[5.3082,44.0196],[5.3056,44.018],[5.3015,44.0144],[5.3002,44.014],[5.2918,44.0065],[5.2871,43.9982],[5.2863,43.9974],[5.2843,43.9963],[5.2784,43.9961],[5.274,43.9949],[5.2677,43.996],[5.2631,43.9967],[5.2595,43.9967],[5.2529,43.9928],[5.2489,43.9915],[5.2474,43.9904],[5.2432,43.9892],[5.241,43.9861],[5.2392,43.9848],[5.2368,43.9851],[5.2281,43.9845],[5.2262,43.9847],[5.2235,43.9829],[5.2203,43.9815],[5.2194,43.9806],[5.216,43.9804],[5.2149,43.9794],[5.2117,43.9795],[5.2102,43.9751],[5.2089,43.9745],[5.2074,43.9722],[5.2076,43.9689],[5.2071,43.9677],[5.2047,43.9659],[5.2034,43.9642],[5.2002,43.9624],[5.1968,43.9575],[5.1951,43.9531],[5.1959,43.9503],[5.192,43.9505],[5.1907,43.9502],[5.1879,43.9506],[5.1827,43.9521],[5.1772,43.9527],[5.1742,43.9546],[5.1728,43.9546],[5.1681,43.9523],[5.164,43.9513],[5.1597,43.95]]]}},{"type":"Feature","properties":{"nom":"CPTS Coordination Santé Marseille 2 & 3","statut":"","communes":["13055"],"arrondissements":["13202","13203"],"president":"Laurence MAESTRAGGI / Naouel HELLOUB","coordonnateur":"","contact":"cptsmarseille2et3eme@gmail.com","site":""},"geometry":{"type":"MultiPolygon","coordinates":[[[[5.3822,43.3168],[5.3879,43.315],[5.3932,43.3164],[5.3905,43.3094],[5.375,43.3016],[5.3736,43.295],[5.3732,43.295],[5.3727,43.2961],[5.3663,43.2955],[5.3632,43.2948],[5.3602,43.2957],[5.3594,43.2976],[5.3597,43.2977],[5.3625,43.299],[5.3625,43.3013],[5.3623,43.3013],[5.3608,43.3014],[5.3613,43.3032],[5.3626,43.3037],[5.3641,43.3043],[5.3622,43.3051],[5.3644,43.3121],[5.3612,43.3113],[5.3603,43.3124],[5.3627,43.3135],[5.3641,43.3141],[5.362,43.3155],[5.3608,43.3163],[5.3588,43.3153],[5.3581,43.3164],[5.3613,43.3177],[5.3609,43.3183],[5.3572,43.3181],[5.3565,43.319],[5.3593,43.3202],[5.362,43.3209],[5.3621,43.3209],[5.3621,43.322],[5.3591,43.3253],[5.3587,43.3257],[5.3586,43.3257],[5.3574,43.3251],[5.3577,43.3247],[5.3588,43.3232],[5.358,43.3221],[5.3551,43.3208],[5.3543,43.3216],[5.3569,43.3229],[5.3566,43.3234],[5.3558,43.3245],[5.3543,43.3239],[5.3524,43.3231],[5.3517,43.3241],[5.3533,43.325],[5.3502,43.3289],[5.3498,43.3295],[5.3498,43.3318],[5.3459,43.3319],[5.345,43.3332],[5.3525,43.3328],[5.3525,43.3329],[5.3511,43.3347],[5.3484,43.3348],[5.3428,43.3351],[5.3416,43.3364],[5.3455,43.3363],[5.3505,43.3361],[5.355,43.3337],[5.3662,43.3193],[5.3691,43.3167],[5.3716,43.3201],[5.3755,43.3211],[5.3822,43.3168]]],[[[5.335,43.3373],[5.3405,43.3343],[5.3453,43.3285],[5.3467,43.3272],[5.3506,43.3222],[5.357,43.3146],[5.3609,43.3086],[5.3532,43.3184],[5.3395,43.3347],[5.3343,43.3372],[5.3284,43.3418],[5.3189,43.3471],[5.3194,43.3475],[5.3286,43.3422],[5.335,43.3373]]]]}},{"type":"Feature","properties":{"nom":"CPTS Cœur du Var","statut":"","communes":["83018","83026","83031","83033","83057","83067","83073","83075","83092","83136"],"president":"Patrick BEGUIN","coordonnateur":"Agnès GRATEAU","contact":"cpts-coeurduvar@orange.fr","site":"cptscoeurduvar.fr"},"geometry":{"type":"Polygon","coordinates":[[[6.401,43.2978],[6.3987,43.2949],[6.3925,43.2921],[6.3913,43.2913],[6.388,43.2903],[6.3851,43.2895],[6.3831,43.2912],[6.3786,43.2871],[6.3741,43.2823],[6.3711,43.2784],[6.3683,43.2769],[6.3659,43.2782],[6.3653,43.2794],[6.3618,43.2793],[6.3579,43.2816],[6.3558,43.2821],[6.3536,43.2802],[6.3444,43.2805],[6.3407,43.2801],[6.3373,43.2786],[6.3328,43.281],[6.33,43.2832],[6.3273,43.2811],[6.3262,43.2811],[6.3238,43.2785],[6.3223,43.2783],[6.3208,43.2762],[6.3189,43.2752],[6.3194,43.2743],[6.3181,43.2726],[6.3156,43.2728],[6.3133,43.2707],[6.3117,43.2709],[6.3086,43.2695],[6.3018,43.2716],[6.2966,43.2697],[6.2943,43.2678],[6.2923,43.2676],[6.2878,43.2647],[6.2841,43.2647],[6.2806,43.2633],[6.2763,43.2632],[6.2745,43.2636],[6.2725,43.2629],[6.2649,43.2627],[6.2613,43.2642],[6.2549,43.264],[6.2529,43.265],[6.2499,43.2642],[6.2472,43.2644],[6.2457,43.2642],[6.2424,43.2647],[6.2338,43.2647],[6.2298,43.2629],[6.2278,43.2627],[6.2232,43.2632],[6.2212,43.2645],[6.2199,43.2665],[6.2185,43.2664],[6.2144,43.2675],[6.2128,43.2709],[6.211,43.2714],[6.208,43.2713],[6.207,43.2756],[6.2053,43.2773],[6.205,43.2818],[6.2035,43.2819],[6.1994,43.2811],[6.1932,43.281],[6.1912,43.2815],[6.1876,43.2847],[6.167,43.2844],[6.162,43.2844],[6.1601,43.2859],[6.16,43.2876],[6.1583,43.2904],[6.1576,43.2905],[6.1568,43.2931],[6.1511,43.2967],[6.1501,43.302],[6.1485,43.306],[6.1464,43.3071],[6.1411,43.3071],[6.1376,43.3081],[6.1383,43.3133],[6.1394,43.3157],[6.1392,43.3182],[6.1375,43.3234],[6.1365,43.3245],[6.1368,43.3259],[6.1359,43.3287],[6.1345,43.3303],[6.1344,43.3321],[6.1357,43.3348],[6.1338,43.3374],[6.1372,43.3402],[6.1374,43.3456],[6.1384,43.3477],[6.1398,43.3483],[6.1399,43.3523],[6.1409,43.355],[6.1383,43.3589],[6.1407,43.3598],[6.1467,43.3601],[6.1502,43.3616],[6.1523,43.365],[6.1535,43.3647],[6.1556,43.3661],[6.155,43.3674],[6.1595,43.3685],[6.1624,43.3687],[6.1656,43.3705],[6.169,43.3715],[6.1732,43.3704],[6.1752,43.3708],[6.1783,43.3717],[6.1789,43.3774],[6.1805,43.3789],[6.1732,43.3815],[6.1665,43.3835],[6.1604,43.385],[6.1572,43.385],[6.1579,43.386],[6.1605,43.3878],[6.1629,43.3902],[6.1618,43.3929],[6.1634,43.3957],[6.1631,43.3968],[6.1648,43.3975],[6.1641,43.3998],[6.1679,43.4008],[6.1694,43.403],[6.1678,43.4035],[6.1678,43.4049],[6.166,43.4088],[6.1654,43.41],[6.1655,43.4146],[6.1677,43.4151],[6.174,43.4158],[6.1752,43.4179],[6.1763,43.4237],[6.179,43.4285],[6.1832,43.4321],[6.1822,43.4345],[6.1849,43.4383],[6.1866,43.4398],[6.1913,43.4425],[6.1946,43.4431],[6.1974,43.4432],[6.1979,43.4465],[6.196,43.448],[6.1978,43.4502],[6.1996,43.4507],[6.2035,43.4501],[6.2067,43.451],[6.2092,43.4523],[6.2101,43.4542],[6.2152,43.454],[6.2274,43.4564],[6.2315,43.4559],[6.2328,43.459],[6.235,43.4597],[6.2349,43.4616],[6.2318,43.4614],[6.2297,43.4635],[6.2257,43.4664],[6.2247,43.4678],[6.2202,43.4683],[6.2192,43.4693],[6.2131,43.4698],[6.2104,43.4712],[6.2088,43.4727],[6.2119,43.4735],[6.2118,43.4749],[6.2139,43.4766],[6.2119,43.4808],[6.2122,43.4826],[6.2141,43.4843],[6.2088,43.4876],[6.2117,43.4918],[6.213,43.4929],[6.2138,43.4946],[6.2166,43.4938],[6.2181,43.4919],[6.2184,43.4905],[6.2237,43.4891],[6.2251,43.4879],[6.227,43.488],[6.2308,43.4872],[6.2333,43.4877],[6.2371,43.4892],[6.2382,43.488],[6.2392,43.4852],[6.236,43.4855],[6.2353,43.4843],[6.2335,43.4841],[6.2328,43.4826],[6.2342,43.4811],[6.2378,43.4797],[6.241,43.4792],[6.2447,43.4779],[6.2481,43.4778],[6.2504,43.4782],[6.2485,43.4816],[6.2482,43.4833],[6.2493,43.4843],[6.252,43.4849],[6.2534,43.4844],[6.2537,43.4824],[6.2546,43.4814],[6.2614,43.4817],[6.2636,43.4786],[6.2678,43.4785],[6.2689,43.479],[6.2703,43.4792],[6.2718,43.4773],[6.273,43.4768],[6.2759,43.4789],[6.2837,43.4789],[6.2859,43.4776],[6.2871,43.4776],[6.2887,43.4794],[6.2883,43.4815],[6.2906,43.4811],[6.2942,43.4782],[6.2962,43.477],[6.299,43.4778],[6.3009,43.4771],[6.3019,43.4751],[6.2991,43.473],[6.2989,43.4704],[6.3016,43.4705],[6.3039,43.4697],[6.3068,43.4696],[6.3082,43.4685],[6.3097,43.4686],[6.3122,43.4668],[6.3125,43.4659],[6.3084,43.4632],[6.3088,43.461],[6.3124,43.4588],[6.3124,43.4603],[6.3153,43.4625],[6.3177,43.4619],[6.3197,43.4631],[6.3201,43.465],[6.322,43.4645],[6.3232,43.4628],[6.3249,43.4633],[6.3285,43.4668],[6.33,43.466],[6.3301,43.4649],[6.332,43.4643],[6.3329,43.4615],[6.3317,43.4601],[6.3271,43.4589],[6.3255,43.4576],[6.3271,43.456],[6.3319,43.4549],[6.3332,43.453],[6.3349,43.4531],[6.3353,43.4546],[6.3377,43.4542],[6.3408,43.4518],[6.3448,43.4511],[6.3492,43.4495],[6.3504,43.4472],[6.3531,43.4459],[6.3557,43.444],[6.3591,43.4432],[6.3616,43.4417],[6.3656,43.4412],[6.3718,43.443],[6.3723,43.4405],[6.3719,43.439],[6.3663,43.4355],[6.3642,43.4332],[6.3633,43.43],[6.3659,43.429],[6.3732,43.4302],[6.3744,43.4301],[6.3795,43.4282],[6.3812,43.4269],[6.3813,43.4246],[6.3827,43.4226],[6.3854,43.422],[6.3858,43.4205],[6.383,43.421],[6.3809,43.4204],[6.3808,43.4183],[6.3783,43.4139],[6.3804,43.4111],[6.383,43.4051],[6.3857,43.3996],[6.3878,43.3974],[6.3924,43.3942],[6.3997,43.3882],[6.4089,43.3804],[6.4105,43.3773],[6.4155,43.3716],[6.4161,43.3681],[6.4142,43.3659],[6.4121,43.365],[6.4123,43.3615],[6.4182,43.3583],[6.4195,43.3582],[6.4218,43.3561],[6.4223,43.3548],[6.4249,43.3542],[6.4264,43.3552],[6.4276,43.3548],[6.4275,43.3514],[6.4281,43.3505],[6.4303,43.3494],[6.4286,43.3454],[6.4295,43.3437],[6.4258,43.341],[6.4251,43.3376],[6.4251,43.3352],[6.426,43.3334],[6.4249,43.3299],[6.4261,43.3281],[6.4278,43.3268],[6.4273,43.3237],[6.4308,43.3221],[6.4332,43.3196],[6.4357,43.3162],[6.4349,43.315],[6.4352,43.3126],[6.4361,43.3121],[6.4372,43.3078],[6.4355,43.3044],[6.4364,43.3029],[6.4364,43.3004],[6.4346,43.3006],[6.4294,43.3023],[6.4268,43.3015],[6.4245,43.3022],[6.4207,43.3024],[6.4178,43.3029],[6.4165,43.301],[6.4149,43.2997],[6.4099,43.2983],[6.4091,43.2972],[6.4052,43.299],[6.403,43.2993],[6.401,43.2978]]]}},{"type":"Feature","properties":{"nom":"CPTS Dracénie Provence Verdon","statut":"","communes":["83002","83003","83004","83005","83007","83010","83011","83013","83014","83015","83028","83038","83041","83044","83050","83056","83058","83072","83078","83082","83085","83086","83102","83109","83121","83122","83128","83134","83139","83141","83147","83148","83149","83154"],"president":"Dr André-François CHAIX","coordonnateur":"Cindy PUGLIESE","contact":"assos@cptsdracenie.fr","site":"cptsdracenie.fr"},"geometry":{"type":"Polygon","coordinates":[[[6.3656,43.4412],[6.3616,43.4417],[6.3591,43.4432],[6.3557,43.444],[6.3531,43.4459],[6.3504,43.4472],[6.3492,43.4495],[6.3448,43.4511],[6.3408,43.4518],[6.3377,43.4542],[6.3353,43.4546],[6.3349,43.4531],[6.3332,43.453],[6.3319,43.4549],[6.3271,43.456],[6.3255,43.4576],[6.3271,43.4589],[6.3317,43.4601],[6.3329,43.4615],[6.332,43.4643],[6.3301,43.4649],[6.33,43.466],[6.3285,43.4668],[6.3249,43.4633],[6.3232,43.4628],[6.322,43.4645],[6.3201,43.465],[6.3197,43.4631],[6.3177,43.4619],[6.3153,43.4625],[6.3124,43.4603],[6.3124,43.4588],[6.3088,43.461],[6.3084,43.4632],[6.3125,43.4659],[6.3122,43.4668],[6.3097,43.4686],[6.3082,43.4685],[6.3068,43.4696],[6.3039,43.4697],[6.3016,43.4705],[6.2989,43.4704],[6.2991,43.473],[6.3019,43.4751],[6.3009,43.4771],[6.299,43.4778],[6.2962,43.477],[6.2942,43.4782],[6.2906,43.4811],[6.2883,43.4815],[6.2887,43.4794],[6.2871,43.4776],[6.2859,43.4776],[6.2837,43.4789],[6.2759,43.4789],[6.273,43.4768],[6.2718,43.4773],[6.2703,43.4792],[6.2689,43.479],[6.2706,43.4813],[6.2734,43.482],[6.2742,43.4828],[6.2767,43.4833],[6.2781,43.4848],[6.2774,43.4871],[6.2714,43.4891],[6.2696,43.4909],[6.2705,43.4926],[6.2681,43.4942],[6.2642,43.4937],[6.2611,43.4955],[6.2611,43.4971],[6.2634,43.5008],[6.2638,43.504],[6.2652,43.5038],[6.2675,43.5072],[6.2688,43.5068],[6.271,43.5097],[6.2718,43.5096],[6.2732,43.5129],[6.2719,43.5133],[6.272,43.5155],[6.2709,43.5178],[6.2729,43.5194],[6.2715,43.5208],[6.273,43.5217],[6.2719,43.5256],[6.2701,43.5277],[6.2709,43.5296],[6.273,43.5329],[6.269,43.5337],[6.2548,43.5328],[6.2474,43.5334],[6.2471,43.5337],[6.2415,43.5337],[6.2402,43.5342],[6.2345,43.5353],[6.2319,43.5354],[6.2291,43.5349],[6.2238,43.535],[6.2169,43.536],[6.2148,43.536],[6.2137,43.5368],[6.21,43.5371],[6.2067,43.5384],[6.2032,43.5389],[6.1965,43.5375],[6.1872,43.5361],[6.1819,43.5391],[6.1759,43.5413],[6.1718,43.542],[6.1609,43.5487],[6.1566,43.5508],[6.1539,43.5514],[6.1491,43.5535],[6.1453,43.5547],[6.1428,43.5562],[6.139,43.557],[6.1346,43.5574],[6.1332,43.5571],[6.1205,43.5592],[6.1192,43.5614],[6.1171,43.5636],[6.123,43.5652],[6.1278,43.5672],[6.1274,43.5691],[6.1324,43.5716],[6.1396,43.5767],[6.1459,43.5787],[6.1514,43.5786],[6.1578,43.5792],[6.1592,43.5808],[6.1623,43.5821],[6.1621,43.5859],[6.1631,43.5887],[6.1653,43.5896],[6.1692,43.5902],[6.1708,43.5898],[6.1757,43.5915],[6.1723,43.5919],[6.1676,43.5929],[6.1661,43.5947],[6.1631,43.5962],[6.161,43.5995],[6.1571,43.5995],[6.1549,43.6026],[6.1518,43.6058],[6.1464,43.6068],[6.1443,43.6077],[6.138,43.613],[6.136,43.6149],[6.1293,43.6169],[6.1273,43.6183],[6.1249,43.6211],[6.1236,43.6223],[6.1205,43.6239],[6.1174,43.6244],[6.1176,43.6278],[6.114,43.6313],[6.1117,43.6355],[6.1119,43.6395],[6.1088,43.6454],[6.1082,43.6494],[6.1093,43.6539],[6.1083,43.6546],[6.1021,43.6574],[6.1017,43.6579],[6.0974,43.6588],[6.0954,43.6588],[6.0932,43.6578],[6.0884,43.6591],[6.0854,43.6605],[6.0772,43.6662],[6.0724,43.6699],[6.0689,43.671],[6.064,43.6701],[6.0589,43.67],[6.056,43.6707],[6.0545,43.6761],[6.053,43.6776],[6.0519,43.6809],[6.0524,43.6825],[6.0564,43.6825],[6.059,43.6829],[6.0585,43.686],[6.0557,43.6929],[6.0544,43.6948],[6.0526,43.6941],[6.0508,43.6958],[6.0516,43.6977],[6.054,43.6992],[6.0565,43.7001],[6.0575,43.7006],[6.0589,43.7032],[6.0652,43.7048],[6.0704,43.7049],[6.0738,43.7057],[6.077,43.7072],[6.0782,43.7112],[6.0802,43.712],[6.0829,43.7147],[6.088,43.7182],[6.0873,43.7205],[6.0906,43.7234],[6.0917,43.7253],[6.0916,43.7279],[6.0903,43.729],[6.0923,43.73],[6.0953,43.7296],[6.0964,43.7304],[6.0979,43.733],[6.1029,43.7363],[6.1063,43.7416],[6.1067,43.7445],[6.1087,43.7457],[6.1147,43.7461],[6.1164,43.745],[6.1167,43.7416],[6.1187,43.7403],[6.1227,43.7387],[6.1251,43.7382],[6.1286,43.7368],[6.1297,43.7362],[6.1317,43.737],[6.1364,43.7367],[6.1406,43.7376],[6.1418,43.738],[6.1443,43.74],[6.1457,43.74],[6.1505,43.7423],[6.1543,43.7436],[6.1625,43.7481],[6.1688,43.7512],[6.1751,43.7564],[6.1829,43.7622],[6.1842,43.7656],[6.1858,43.7703],[6.1884,43.7762],[6.1906,43.7802],[6.1928,43.7823],[6.1973,43.7875],[6.2027,43.791],[6.207,43.795],[6.2095,43.7969],[6.2124,43.7984],[6.2167,43.7995],[6.2205,43.7999],[6.2242,43.7998],[6.2308,43.7989],[6.2334,43.799],[6.2373,43.8009],[6.2422,43.8024],[6.2456,43.8024],[6.2496,43.8016],[6.2542,43.8004],[6.2574,43.7974],[6.258,43.7956],[6.2599,43.7926],[6.2606,43.788],[6.2618,43.786],[6.262,43.7834],[6.2629,43.7819],[6.2668,43.7796],[6.2686,43.7772],[6.27,43.7767],[6.2743,43.7764],[6.2784,43.7743],[6.2823,43.7736],[6.2832,43.772],[6.288,43.7698],[6.2904,43.7684],[6.2931,43.7655],[6.295,43.7642],[6.3,43.7644],[6.301,43.7632],[6.3034,43.7639],[6.3041,43.7631],[6.3066,43.7632],[6.308,43.7614],[6.3093,43.7611],[6.3106,43.7594],[6.3127,43.7591],[6.3141,43.758],[6.3173,43.7579],[6.3184,43.7561],[6.317,43.7555],[6.3169,43.7536],[6.3185,43.7532],[6.3211,43.7536],[6.3229,43.7533],[6.3255,43.7498],[6.3254,43.7481],[6.3263,43.7469],[6.3298,43.7453],[6.3351,43.7444],[6.3364,43.7434],[6.3383,43.7428],[6.3415,43.743],[6.3451,43.742],[6.3471,43.7395],[6.3486,43.7391],[6.35,43.7368],[6.3512,43.7362],[6.3563,43.7365],[6.3589,43.7358],[6.3619,43.7384],[6.365,43.7406],[6.3706,43.742],[6.372,43.7429],[6.3747,43.743],[6.3774,43.7415],[6.3787,43.7398],[6.3799,43.7377],[6.38,43.7352],[6.3835,43.7344],[6.3883,43.7334],[6.3882,43.7311],[6.3856,43.728],[6.3864,43.7259],[6.3909,43.725],[6.3936,43.723],[6.3944,43.7212],[6.3938,43.7183],[6.395,43.7177],[6.397,43.718],[6.4007,43.7158],[6.4001,43.7146],[6.4011,43.7124],[6.3998,43.7104],[6.4015,43.7094],[6.4035,43.7053],[6.4084,43.7016],[6.4119,43.6977],[6.4118,43.6964],[6.4155,43.6911],[6.4172,43.6897],[6.4194,43.6904],[6.4208,43.6898],[6.4214,43.6883],[6.4251,43.6857],[6.4264,43.6855],[6.4298,43.6833],[6.4308,43.6815],[6.4334,43.6815],[6.436,43.6804],[6.4372,43.6784],[6.4366,43.6759],[6.4375,43.6752],[6.4417,43.6757],[6.4452,43.6777],[6.4449,43.6797],[6.4471,43.6841],[6.4474,43.6868],[6.447,43.6915],[6.4464,43.6923],[6.4469,43.6984],[6.448,43.7017],[6.4475,43.704],[6.4477,43.7069],[6.4484,43.7094],[6.4478,43.7126],[6.4489,43.7138],[6.4516,43.7148],[6.4549,43.7151],[6.4566,43.7166],[6.4584,43.7197],[6.4607,43.7209],[6.4637,43.7241],[6.4677,43.7261],[6.4703,43.7289],[6.4735,43.73],[6.476,43.7334],[6.4802,43.7365],[6.4826,43.7393],[6.4831,43.7408],[6.4869,43.7441],[6.4926,43.7516],[6.4947,43.7523],[6.5012,43.7505],[6.5025,43.7513],[6.5059,43.751],[6.5084,43.7512],[6.5126,43.7537],[6.5139,43.7562],[6.5164,43.7553],[6.522,43.7544],[6.5252,43.7558],[6.5313,43.7565],[6.5349,43.7573],[6.5377,43.7552],[6.5369,43.7531],[6.5373,43.7497],[6.5394,43.7474],[6.5405,43.7483],[6.5469,43.7469],[6.5484,43.7478],[6.5517,43.7485],[6.5547,43.7507],[6.5566,43.7529],[6.5604,43.7537],[6.5621,43.7549],[6.5649,43.7543],[6.5641,43.751],[6.5692,43.7484],[6.5725,43.7473],[6.581,43.7456],[6.5845,43.7434],[6.5856,43.7438],[6.5986,43.7456],[6.6034,43.7476],[6.608,43.7491],[6.6114,43.7486],[6.6129,43.7508],[6.6197,43.7581],[6.622,43.7592],[6.6222,43.7621],[6.625,43.7658],[6.6262,43.7655],[6.6274,43.767],[6.6287,43.7672],[6.6356,43.7661],[6.6398,43.7661],[6.6418,43.7682],[6.6481,43.7672],[6.6521,43.7655],[6.655,43.7599],[6.6556,43.7567],[6.6555,43.7542],[6.6576,43.75],[6.6574,43.7487],[6.6549,43.7483],[6.6541,43.7475],[6.6647,43.7458],[6.6703,43.7456],[6.6723,43.7462],[6.6768,43.7468],[6.6804,43.7479],[6.6834,43.7478],[6.6875,43.7484],[6.6909,43.7475],[6.691,43.7458],[6.6928,43.7426],[6.6957,43.7418],[6.6916,43.7404],[6.6895,43.7383],[6.6914,43.7369],[6.6899,43.735],[6.6862,43.7315],[6.6867,43.7289],[6.686,43.726],[6.6923,43.7223],[6.6942,43.7215],[6.695,43.7185],[6.6991,43.7152],[6.7008,43.7117],[6.6986,43.7084],[6.6946,43.7092],[6.691,43.7095],[6.6845,43.712],[6.6799,43.712],[6.677,43.7123],[6.6727,43.7157],[6.6679,43.7203],[6.6669,43.7189],[6.663,43.7177],[6.6609,43.7163],[6.6603,43.7143],[6.6582,43.7119],[6.6565,43.7111],[6.6546,43.7086],[6.6507,43.7053],[6.6489,43.7023],[6.6467,43.7014],[6.6455,43.7003],[6.6452,43.6985],[6.6436,43.6964],[6.6412,43.6946],[6.6379,43.6939],[6.6332,43.6937],[6.6293,43.6945],[6.6191,43.6957],[6.6097,43.6984],[6.607,43.6982],[6.6002,43.6989],[6.5893,43.7008],[6.5878,43.7002],[6.5842,43.7014],[6.5824,43.7036],[6.5795,43.7035],[6.5785,43.704],[6.5775,43.706],[6.5714,43.7079],[6.5671,43.7083],[6.563,43.7082],[6.5628,43.7058],[6.5635,43.7049],[6.5632,43.7016],[6.5665,43.7012],[6.5648,43.6988],[6.567,43.6962],[6.5658,43.6943],[6.567,43.6934],[6.5656,43.6922],[6.5632,43.6914],[6.5647,43.6883],[6.5646,43.6861],[6.5621,43.6856],[6.5584,43.6879],[6.5561,43.687],[6.5553,43.6861],[6.5558,43.6846],[6.5527,43.6843],[6.5519,43.6827],[6.5503,43.6818],[6.5505,43.6786],[6.5486,43.6773],[6.5477,43.6783],[6.5487,43.6796],[6.5463,43.6819],[6.5435,43.683],[6.5437,43.6812],[6.5415,43.6799],[6.5403,43.6782],[6.5343,43.6801],[6.53,43.6772],[6.5282,43.6767],[6.5255,43.6769],[6.5256,43.6759],[6.5279,43.6689],[6.5275,43.6646],[6.5269,43.6623],[6.5303,43.6606],[6.5321,43.659],[6.534,43.6589],[6.5366,43.6579],[6.5408,43.6572],[6.5428,43.6564],[6.5493,43.6559],[6.5535,43.6566],[6.5594,43.656],[6.5609,43.6566],[6.5654,43.6559],[6.5717,43.6539],[6.5726,43.6541],[6.5767,43.6529],[6.5753,43.6487],[6.5711,43.6427],[6.5765,43.6403],[6.5805,43.6398],[6.5842,43.6389],[6.5868,43.6372],[6.5878,43.6357],[6.5893,43.6256],[6.5908,43.6221],[6.5928,43.6199],[6.5928,43.6182],[6.5943,43.6178],[6.5977,43.6185],[6.5994,43.6193],[6.6,43.6149],[6.6013,43.612],[6.6007,43.6105],[6.6018,43.6089],[6.6057,43.6066],[6.6103,43.6068],[6.6135,43.6074],[6.6172,43.6057],[6.6201,43.6052],[6.6263,43.6],[6.6255,43.5974],[6.6279,43.5948],[6.6256,43.5938],[6.6268,43.5925],[6.623,43.5926],[6.6208,43.5919],[6.6191,43.5904],[6.6158,43.5884],[6.6141,43.5861],[6.6149,43.5829],[6.6144,43.5804],[6.6121,43.5801],[6.613,43.5782],[6.6159,43.5763],[6.6157,43.5746],[6.6171,43.5721],[6.6172,43.5698],[6.6149,43.5688],[6.6162,43.5674],[6.6156,43.565],[6.6174,43.5648],[6.6185,43.5623],[6.6168,43.5611],[6.6187,43.5598],[6.6186,43.5571],[6.6211,43.5574],[6.6214,43.56],[6.6236,43.5615],[6.6252,43.5598],[6.6281,43.5602],[6.6275,43.5632],[6.6301,43.5647],[6.6315,43.5643],[6.6309,43.5623],[6.6326,43.5618],[6.6354,43.5609],[6.6374,43.5591],[6.6368,43.5574],[6.6403,43.5535],[6.6428,43.5525],[6.6436,43.5497],[6.6457,43.5471],[6.6458,43.5446],[6.6466,43.5418],[6.6451,43.5402],[6.6449,43.537],[6.6436,43.5356],[6.6404,43.5344],[6.6406,43.533],[6.6438,43.5289],[6.6465,43.5267],[6.647,43.5248],[6.6452,43.5191],[6.6469,43.5179],[6.6472,43.5162],[6.645,43.5144],[6.6406,43.5155],[6.6383,43.5168],[6.6349,43.5159],[6.6318,43.5156],[6.6281,43.5132],[6.6271,43.5136],[6.625,43.5126],[6.6243,43.5113],[6.6202,43.5083],[6.6176,43.5075],[6.6174,43.5063],[6.6136,43.5051],[6.6109,43.5049],[6.6093,43.5037],[6.6069,43.5007],[6.6058,43.4986],[6.6067,43.4963],[6.6082,43.4954],[6.6089,43.493],[6.6103,43.4904],[6.609,43.4889],[6.6094,43.4869],[6.6139,43.4817],[6.615,43.4799],[6.6093,43.4723],[6.6084,43.4674],[6.6094,43.4642],[6.6066,43.4631],[6.6043,43.4616],[6.6021,43.4629],[6.5987,43.4635],[6.5974,43.4618],[6.5955,43.4611],[6.5961,43.4594],[6.5937,43.4562],[6.5899,43.4521],[6.5889,43.4491],[6.5873,43.4467],[6.5859,43.4433],[6.5854,43.4368],[6.5873,43.4275],[6.5863,43.4209],[6.5733,43.4118],[6.5759,43.4079],[6.577,43.4054],[6.5782,43.4043],[6.5786,43.4025],[6.5808,43.4022],[6.5811,43.4006],[6.5773,43.3987],[6.5603,43.3946],[6.5558,43.3938],[6.5531,43.3947],[6.5497,43.3948],[6.5467,43.3964],[6.543,43.3972],[6.5417,43.3961],[6.5425,43.3946],[6.541,43.3911],[6.5429,43.3901],[6.5436,43.3887],[6.5429,43.385],[6.541,43.3841],[6.5419,43.3818],[6.5407,43.3802],[6.5405,43.3787],[6.5423,43.3762],[6.542,43.3748],[6.5371,43.3755],[6.5355,43.3733],[6.5297,43.3721],[6.5278,43.3714],[6.5237,43.3718],[6.5211,43.3727],[6.5211,43.3734],[6.5183,43.3754],[6.5154,43.3757],[6.5126,43.3768],[6.51,43.3786],[6.5082,43.3793],[6.5055,43.3794],[6.5026,43.3804],[6.5,43.3793],[6.4955,43.3783],[6.4887,43.3772],[6.4783,43.3781],[6.4735,43.3773],[6.4723,43.3758],[6.4504,43.3626],[6.4425,43.3587],[6.4368,43.3565],[6.4288,43.3538],[6.4276,43.3548],[6.4264,43.3552],[6.4249,43.3542],[6.4223,43.3548],[6.4218,43.3561],[6.4195,43.3582],[6.4182,43.3583],[6.4123,43.3615],[6.4121,43.365],[6.4142,43.3659],[6.4161,43.3681],[6.4155,43.3716],[6.4105,43.3773],[6.4089,43.3804],[6.3997,43.3882],[6.3924,43.3942],[6.3878,43.3974],[6.3857,43.3996],[6.383,43.4051],[6.3804,43.4111],[6.3783,43.4139],[6.3808,43.4183],[6.3809,43.4204],[6.383,43.421],[6.3858,43.4205],[6.3854,43.422],[6.3827,43.4226],[6.3813,43.4246],[6.3812,43.4269],[6.3795,43.4282],[6.3744,43.4301],[6.3732,43.4302],[6.3659,43.429],[6.3633,43.43],[6.3642,43.4332],[6.3663,43.4355],[6.3719,43.439],[6.3723,43.4405],[6.3718,43.443],[6.3656,43.4412]]]}},{"type":"Feature","properties":{"nom":"CPTS Durance-Haut Var","statut":"","communes":["13048","13059","13074","13080","13082","13093","13099","83006","83052","83066","83104","83113","83114","83146","83150"],"president":"Laure FABRE","coordonnateur":"Fabrice KEIL","contact":"cpts.dhv@gmail.com","site":""},"geometry":{"type":"Polygon","coordinates":[[[5.6958,43.5621],[5.6909,43.5636],[5.6872,43.5633],[5.6852,43.5628],[5.6819,43.5635],[5.6787,43.5633],[5.6757,43.5641],[5.6712,43.565],[5.6693,43.5646],[5.6668,43.5642],[5.6634,43.5643],[5.6607,43.5651],[5.6567,43.5651],[5.6555,43.5682],[5.6466,43.5702],[5.6433,43.5699],[5.644,43.5736],[5.643,43.5789],[5.638,43.579],[5.6312,43.58],[5.6296,43.5873],[5.6222,43.587],[5.6166,43.5913],[5.6158,43.5935],[5.6139,43.5943],[5.6022,43.5916],[5.5976,43.591],[5.5877,43.5904],[5.5849,43.5885],[5.5766,43.5861],[5.5714,43.5834],[5.5675,43.5822],[5.564,43.5816],[5.5623,43.5804],[5.5609,43.5785],[5.5598,43.5783],[5.5577,43.5796],[5.5544,43.5797],[5.5509,43.5782],[5.5485,43.5784],[5.5472,43.5812],[5.5456,43.5817],[5.5424,43.5807],[5.5393,43.5818],[5.535,43.5814],[5.5324,43.5841],[5.5307,43.5841],[5.5226,43.5922],[5.5182,43.5981],[5.5112,43.6072],[5.5068,43.609],[5.5022,43.6097],[5.4986,43.6105],[5.493,43.6124],[5.488,43.6128],[5.4888,43.6161],[5.4868,43.6159],[5.4844,43.6176],[5.4821,43.62],[5.4794,43.6209],[5.4767,43.6235],[5.4667,43.6161],[5.4638,43.6136],[5.459,43.6179],[5.4538,43.6161],[5.4517,43.6166],[5.4496,43.6206],[5.4492,43.623],[5.4316,43.6203],[5.4241,43.6227],[5.4226,43.62],[5.4154,43.623],[5.4134,43.6236],[5.4113,43.6227],[5.409,43.6226],[5.4034,43.6216],[5.3995,43.6217],[5.3893,43.625],[5.385,43.6256],[5.381,43.6251],[5.3768,43.626],[5.3653,43.6249],[5.3607,43.6243],[5.3494,43.6266],[5.3463,43.6278],[5.3407,43.6296],[5.3376,43.6309],[5.3343,43.6314],[5.3319,43.6334],[5.3267,43.6338],[5.3239,43.6349],[5.3197,43.6378],[5.3175,43.6381],[5.3166,43.6412],[5.3161,43.6464],[5.3133,43.6462],[5.3109,43.6491],[5.3105,43.6508],[5.3111,43.652],[5.3089,43.6524],[5.3076,43.6549],[5.3076,43.6574],[5.3034,43.6722],[5.3033,43.6755],[5.3043,43.6785],[5.3025,43.681],[5.3028,43.6833],[5.3015,43.6855],[5.3028,43.6859],[5.3023,43.6874],[5.298,43.6905],[5.3027,43.6914],[5.3054,43.6926],[5.3098,43.6931],[5.3102,43.6941],[5.3091,43.6977],[5.3111,43.6989],[5.3112,43.7012],[5.313,43.7012],[5.3156,43.7002],[5.3198,43.7026],[5.3198,43.7037],[5.3213,43.7049],[5.3212,43.7062],[5.3285,43.7085],[5.332,43.71],[5.3323,43.7089],[5.3373,43.71],[5.3385,43.707],[5.3408,43.7068],[5.3415,43.7094],[5.3452,43.7124],[5.3483,43.7122],[5.3506,43.7077],[5.3555,43.7062],[5.3623,43.7088],[5.3631,43.7079],[5.3662,43.7067],[5.3679,43.7066],[5.3705,43.7092],[5.3735,43.7083],[5.377,43.7063],[5.3828,43.7035],[5.3881,43.7022],[5.3909,43.7014],[5.3971,43.6989],[5.4043,43.6966],[5.4105,43.6941],[5.4127,43.6929],[5.4168,43.6903],[5.4242,43.6868],[5.4289,43.6856],[5.4376,43.6817],[5.4442,43.6799],[5.4453,43.6801],[5.4505,43.6796],[5.4526,43.6786],[5.4572,43.6775],[5.4653,43.6746],[5.4725,43.6726],[5.4762,43.6708],[5.4866,43.6684],[5.4881,43.6677],[5.5014,43.6664],[5.5094,43.6643],[5.5123,43.6633],[5.5191,43.6615],[5.5239,43.6606],[5.5315,43.659],[5.5327,43.659],[5.5434,43.6607],[5.5448,43.6607],[5.5498,43.6598],[5.5604,43.6616],[5.5748,43.6621],[5.5781,43.6617],[5.5877,43.6613],[5.5954,43.6596],[5.6069,43.6587],[5.6085,43.6604],[5.6136,43.6637],[5.6174,43.6648],[5.6239,43.6662],[5.6292,43.6672],[5.6315,43.6673],[5.6354,43.6691],[5.6402,43.6718],[5.6423,43.6722],[5.6449,43.6742],[5.6478,43.6758],[5.6502,43.6784],[5.6525,43.6799],[5.6561,43.6845],[5.6575,43.6858],[5.6605,43.6872],[5.6644,43.688],[5.6697,43.6911],[5.671,43.6925],[5.6736,43.6937],[5.6762,43.6929],[5.6828,43.6928],[5.6865,43.6922],[5.696,43.6911],[5.7052,43.6899],[5.7102,43.69],[5.7141,43.6913],[5.7173,43.6935],[5.7222,43.6996],[5.7244,43.7018],[5.7291,43.7077],[5.7309,43.7094],[5.737,43.716],[5.739,43.7174],[5.7414,43.7183],[5.7475,43.7196],[5.7497,43.7209],[5.7537,43.7246],[5.7567,43.7282],[5.7573,43.7294],[5.7621,43.736],[5.7643,43.7383],[5.7664,43.7397],[5.7694,43.7427],[5.7745,43.7496],[5.7762,43.7512],[5.7786,43.7526],[5.7813,43.7557],[5.8033,43.75],[5.8068,43.7494],[5.8125,43.7495],[5.815,43.7488],[5.8233,43.7477],[5.8237,43.7483],[5.8279,43.7481],[5.8312,43.7469],[5.8329,43.7457],[5.8333,43.7438],[5.8363,43.7417],[5.836,43.7401],[5.8407,43.7383],[5.8426,43.7368],[5.8446,43.7299],[5.8457,43.7282],[5.8457,43.7265],[5.8478,43.7248],[5.849,43.7182],[5.8514,43.7192],[5.8545,43.7226],[5.8562,43.7236],[5.8581,43.7233],[5.8611,43.7241],[5.8649,43.7235],[5.8669,43.7242],[5.8702,43.7234],[5.8713,43.7226],[5.8735,43.7225],[5.8782,43.7238],[5.8845,43.7239],[5.8868,43.7256],[5.8913,43.7275],[5.8977,43.7316],[5.9012,43.7326],[5.9017,43.7342],[5.905,43.7374],[5.9056,43.7394],[5.9044,43.7423],[5.905,43.7449],[5.9045,43.7482],[5.903,43.7534],[5.9053,43.7538],[5.9082,43.7533],[5.9125,43.7531],[5.9161,43.7539],[5.9201,43.7564],[5.9227,43.7575],[5.9255,43.7569],[5.9257,43.756],[5.9258,43.7516],[5.9275,43.7502],[5.9305,43.7501],[5.9338,43.7512],[5.936,43.7511],[5.9377,43.7502],[5.9388,43.7488],[5.9393,43.7445],[5.9412,43.7419],[5.9422,43.7379],[5.9434,43.7364],[5.9388,43.7333],[5.938,43.7306],[5.9405,43.7273],[5.9446,43.7254],[5.945,43.7245],[5.9515,43.7212],[5.9537,43.7206],[5.9572,43.7189],[5.9597,43.7218],[5.9611,43.7224],[5.9627,43.7248],[5.9646,43.7254],[5.9663,43.7213],[5.969,43.7202],[5.9718,43.7173],[5.9736,43.7148],[5.9764,43.7148],[5.9797,43.7156],[5.9816,43.7155],[5.9845,43.7145],[5.9848,43.7131],[5.9844,43.7087],[5.9855,43.706],[5.9857,43.7013],[5.9878,43.6954],[5.9926,43.694],[5.9952,43.6922],[6.0005,43.691],[6.0008,43.6897],[6.0027,43.6893],[6.0057,43.6876],[6.0062,43.6858],[6.0077,43.6835],[6.008,43.6793],[6.0114,43.6771],[6.0116,43.6741],[6.0163,43.6726],[6.0195,43.6707],[6.0217,43.6683],[6.0209,43.6675],[6.0258,43.6592],[6.0256,43.6569],[6.0265,43.6512],[6.0262,43.644],[6.021,43.639],[6.0133,43.6289],[6.0042,43.6288],[6.0007,43.6251],[5.9976,43.6236],[5.9952,43.624],[5.9924,43.6234],[5.9906,43.6243],[5.9803,43.6227],[5.9768,43.6217],[5.9739,43.62],[5.9706,43.619],[5.9638,43.6181],[5.9633,43.6156],[5.9535,43.6183],[5.9511,43.6194],[5.9492,43.6188],[5.9478,43.6203],[5.9393,43.6189],[5.9366,43.6197],[5.9343,43.6209],[5.929,43.6212],[5.9273,43.6203],[5.9226,43.6214],[5.9179,43.6209],[5.9152,43.6202],[5.9131,43.6206],[5.9117,43.6198],[5.9087,43.6193],[5.9035,43.6195],[5.9026,43.6182],[5.8988,43.618],[5.8969,43.6141],[5.8938,43.6129],[5.8952,43.6114],[5.895,43.6103],[5.898,43.6085],[5.8997,43.6049],[5.9068,43.6043],[5.9116,43.6019],[5.9128,43.5956],[5.9112,43.5924],[5.9122,43.591],[5.9113,43.5852],[5.9108,43.5835],[5.9117,43.5797],[5.9117,43.5759],[5.9091,43.5722],[5.9103,43.5696],[5.9108,43.5666],[5.9101,43.5659],[5.9096,43.5631],[5.9087,43.5626],[5.9113,43.5607],[5.915,43.561],[5.9157,43.5605],[5.9137,43.5585],[5.9127,43.5542],[5.9084,43.5488],[5.9056,43.5466],[5.8982,43.5412],[5.897,43.539],[5.8925,43.5395],[5.882,43.5398],[5.878,43.5408],[5.8748,43.541],[5.8613,43.5436],[5.8581,43.5438],[5.8515,43.5435],[5.8404,43.5429],[5.8371,43.5449],[5.8298,43.5477],[5.8277,43.5483],[5.8263,43.5485],[5.8216,43.5469],[5.8204,43.5452],[5.8143,43.5433],[5.8118,43.5439],[5.8045,43.5422],[5.7992,43.5417],[5.7967,43.5409],[5.7939,43.539],[5.7858,43.5374],[5.7835,43.5381],[5.7818,43.5404],[5.7809,43.5404],[5.7747,43.5428],[5.7725,43.5442],[5.7704,43.5455],[5.7656,43.5453],[5.7634,43.5463],[5.7612,43.5458],[5.758,43.5465],[5.7561,43.5459],[5.7516,43.5476],[5.7485,43.5497],[5.7419,43.5501],[5.7322,43.5542],[5.7309,43.553],[5.729,43.5534],[5.7251,43.5513],[5.7218,43.5519],[5.7205,43.5511],[5.7171,43.5511],[5.715,43.5515],[5.7109,43.5536],[5.7103,43.5546],[5.7067,43.5562],[5.7048,43.558],[5.6982,43.5608],[5.6958,43.5621]]]}},{"type":"Feature","properties":{"nom":"CPTS Grand Briançonnais-Ecrins","statut":"","communes":["05006","05023","05027","05031","05058","05063","05079","05085","05093","05101","05107","05109","05110","05122","05133","05151","05161","05174","05180","05181","05183"],"president":"Dr Justine WYTS","coordonnateur":"Julie LAVILLE","contact":"secretariat@cptsbrianconnaisecrins.fr;","site":""},"geometry":{"type":"Polygon","coordinates":[[[6.5849,44.7178],[6.584,44.7107],[6.5833,44.7092],[6.5812,44.7082],[6.5794,44.7087],[6.577,44.708],[6.5758,44.7032],[6.5718,44.7028],[6.5703,44.7021],[6.5671,44.6994],[6.566,44.6972],[6.5651,44.6986],[6.5606,44.6991],[6.5548,44.7004],[6.5506,44.7009],[6.5474,44.6994],[6.54,44.6982],[6.5341,44.6979],[6.5198,44.6984],[6.5168,44.6988],[6.5163,44.6997],[6.5114,44.7003],[6.5082,44.7004],[6.5051,44.7015],[6.497,44.7007],[6.4856,44.7007],[6.4837,44.7008],[6.4817,44.7001],[6.4782,44.6999],[6.4768,44.6989],[6.4733,44.6982],[6.4709,44.6968],[6.4665,44.6967],[6.4659,44.6955],[6.4619,44.6932],[6.4609,44.6918],[6.4578,44.6892],[6.4574,44.6871],[6.4549,44.6832],[6.4533,44.6823],[6.4507,44.6824],[6.4481,44.6841],[6.4451,44.6841],[6.4429,44.683],[6.4408,44.6843],[6.4412,44.6857],[6.4395,44.6864],[6.4366,44.6866],[6.4311,44.6881],[6.4278,44.6881],[6.4252,44.6886],[6.4209,44.6886],[6.4166,44.6906],[6.4146,44.6901],[6.412,44.6921],[6.4041,44.6959],[6.4017,44.6984],[6.4017,44.7],[6.4052,44.7037],[6.4053,44.7054],[6.4064,44.7061],[6.4046,44.7079],[6.4042,44.7093],[6.4017,44.7126],[6.3991,44.7139],[6.399,44.7155],[6.4022,44.7193],[6.4009,44.721],[6.4012,44.7231],[6.4,44.7239],[6.3978,44.7237],[6.3946,44.7241],[6.3915,44.7262],[6.39,44.7264],[6.388,44.728],[6.3844,44.7283],[6.3811,44.7314],[6.3804,44.7336],[6.3788,44.7339],[6.3769,44.7351],[6.3739,44.7343],[6.3705,44.7349],[6.3677,44.7348],[6.3637,44.7339],[6.3578,44.734],[6.3563,44.7334],[6.3545,44.7364],[6.3521,44.7388],[6.35,44.7401],[6.3487,44.7418],[6.3449,44.7441],[6.347,44.746],[6.3496,44.7466],[6.3515,44.7481],[6.3538,44.7489],[6.3547,44.7507],[6.357,44.7532],[6.3579,44.7555],[6.3595,44.758],[6.3583,44.759],[6.3576,44.7617],[6.3561,44.7626],[6.3533,44.7707],[6.3534,44.7729],[6.3518,44.7752],[6.3505,44.7759],[6.3468,44.7766],[6.3462,44.7782],[6.343,44.7838],[6.3442,44.7863],[6.3441,44.7893],[6.3446,44.7906],[6.3441,44.7932],[6.3445,44.7945],[6.3436,44.796],[6.3383,44.7985],[6.3399,44.8035],[6.3407,44.804],[6.3417,44.8069],[6.3396,44.8082],[6.3407,44.8101],[6.3427,44.8125],[6.3438,44.8163],[6.3486,44.817],[6.3499,44.8192],[6.3469,44.8208],[6.3461,44.8237],[6.3433,44.8243],[6.338,44.8264],[6.3357,44.8279],[6.3366,44.8288],[6.3356,44.8338],[6.332,44.8356],[6.333,44.8376],[6.3301,44.8388],[6.3296,44.8404],[6.3311,44.8426],[6.3335,44.8436],[6.3355,44.845],[6.3363,44.8484],[6.3391,44.8489],[6.3445,44.8493],[6.345,44.8501],[6.3481,44.8517],[6.354,44.8535],[6.3554,44.8548],[6.3538,44.8568],[6.3528,44.8597],[6.3513,44.8624],[6.3539,44.865],[6.3534,44.8684],[6.3523,44.8713],[6.3509,44.8723],[6.3504,44.8737],[6.3509,44.8757],[6.3508,44.8812],[6.353,44.8837],[6.3555,44.8844],[6.3564,44.8858],[6.3593,44.8881],[6.358,44.8893],[6.3584,44.8921],[6.3582,44.8938],[6.3569,44.8952],[6.3536,44.8975],[6.3564,44.9003],[6.3576,44.9028],[6.3576,44.9049],[6.3589,44.9072],[6.3574,44.9088],[6.3566,44.9109],[6.3577,44.9132],[6.3561,44.9159],[6.3565,44.9187],[6.3561,44.921],[6.3575,44.9221],[6.353,44.9245],[6.3532,44.9261],[6.356,44.9281],[6.3556,44.9298],[6.3565,44.9308],[6.3564,44.9331],[6.359,44.9366],[6.3583,44.9385],[6.3588,44.9413],[6.3582,44.9416],[6.3554,44.9424],[6.3523,44.9428],[6.3505,44.944],[6.3476,44.9444],[6.3434,44.9442],[6.3409,44.9462],[6.3391,44.947],[6.3361,44.947],[6.3339,44.9465],[6.3318,44.9469],[6.3305,44.9464],[6.329,44.9473],[6.3229,44.953],[6.3228,44.9549],[6.3236,44.9613],[6.3228,44.9618],[6.3252,44.9634],[6.3279,44.9647],[6.3295,44.9692],[6.3259,44.97],[6.3227,44.972],[6.3223,44.9743],[6.3182,44.9759],[6.3185,44.9771],[6.3154,44.979],[6.3148,44.9802],[6.3153,44.9822],[6.3168,44.9842],[6.3163,44.9867],[6.3171,44.9888],[6.3159,44.99],[6.3189,44.9926],[6.3213,44.9973],[6.3234,44.9982],[6.3235,44.9991],[6.3216,45.0002],[6.3182,45.0039],[6.3133,45.0038],[6.3064,45.0048],[6.3038,45.003],[6.3013,45.0041],[6.2965,45.0035],[6.2939,45.0025],[6.2901,45.0018],[6.2852,45.0001],[6.279,45.0008],[6.2756,45.0005],[6.2718,44.9988],[6.2661,44.9983],[6.2637,44.9971],[6.26,44.9978],[6.2565,44.9968],[6.2556,44.9959],[6.2534,44.9952],[6.2518,44.9967],[6.2308,45.0032],[6.2115,45.0092],[6.2049,45.0125],[6.2039,45.0125],[6.2024,45.0211],[6.2028,45.0228],[6.2048,45.0263],[6.2073,45.027],[6.2098,45.0292],[6.2087,45.0326],[6.2097,45.036],[6.2086,45.0407],[6.2105,45.0433],[6.2108,45.0451],[6.2144,45.047],[6.2156,45.0483],[6.2153,45.0532],[6.2169,45.0553],[6.2168,45.057],[6.2178,45.06],[6.219,45.0611],[6.2201,45.0654],[6.2247,45.0668],[6.2298,45.0673],[6.2329,45.0667],[6.2401,45.0677],[6.2435,45.0694],[6.2445,45.0717],[6.2407,45.0739],[6.2392,45.0751],[6.239,45.0778],[6.238,45.0787],[6.2375,45.0822],[6.2383,45.0827],[6.2372,45.0858],[6.2358,45.0872],[6.2345,45.0923],[6.2307,45.0961],[6.2306,45.0982],[6.2294,45.0997],[6.2298,45.1012],[6.2297,45.1054],[6.2289,45.1083],[6.2315,45.1106],[6.2337,45.1118],[6.2392,45.1123],[6.2402,45.1128],[6.2456,45.1197],[6.2465,45.1203],[6.2545,45.1208],[6.2571,45.1222],[6.2591,45.1243],[6.2606,45.1268],[6.2642,45.1264],[6.2667,45.1245],[6.2677,45.1225],[6.2691,45.1215],[6.2696,45.1197],[6.2737,45.1175],[6.2748,45.1158],[6.2767,45.115],[6.2826,45.1141],[6.2849,45.1111],[6.2863,45.1102],[6.2896,45.1097],[6.2935,45.1085],[6.2969,45.1088],[6.2992,45.1086],[6.3019,45.109],[6.3104,45.1116],[6.3128,45.1115],[6.3173,45.112],[6.3186,45.1131],[6.3225,45.1146],[6.3248,45.1148],[6.327,45.1157],[6.3288,45.1174],[6.3323,45.1187],[6.3336,45.1208],[6.3342,45.1229],[6.3379,45.1206],[6.3395,45.1178],[6.3399,45.1161],[6.343,45.1152],[6.346,45.1153],[6.3478,45.1144],[6.3487,45.1129],[6.3515,45.1108],[6.3555,45.1082],[6.3587,45.1065],[6.3628,45.1051],[6.3631,45.1039],[6.3657,45.101],[6.367,45.0962],[6.3713,45.0909],[6.3713,45.0891],[6.3724,45.0854],[6.3747,45.0832],[6.3742,45.0816],[6.3726,45.0804],[6.3721,45.0786],[6.3707,45.0775],[6.3677,45.0736],[6.3651,45.0713],[6.3649,45.0702],[6.3749,45.0675],[6.3774,45.0679],[6.3794,45.0675],[6.3824,45.065],[6.3843,45.0639],[6.3885,45.064],[6.3946,45.0614],[6.3963,45.0611],[6.3979,45.0625],[6.4038,45.0648],[6.4082,45.064],[6.4108,45.064],[6.4135,45.0632],[6.419,45.0612],[6.4228,45.0601],[6.4244,45.0605],[6.4291,45.0628],[6.4317,45.0637],[6.4343,45.0636],[6.4362,45.0628],[6.4386,45.0626],[6.4398,45.0616],[6.4416,45.058],[6.4441,45.0568],[6.4434,45.0551],[6.4477,45.0527],[6.4518,45.0517],[6.4535,45.0518],[6.4578,45.054],[6.4629,45.0541],[6.4666,45.0547],[6.4689,45.0556],[6.4741,45.0562],[6.479,45.0557],[6.4811,45.0563],[6.4862,45.0561],[6.4871,45.0564],[6.4866,45.0594],[6.4872,45.06],[6.486,45.0627],[6.4866,45.0651],[6.4892,45.0657],[6.4896,45.0677],[6.4887,45.0696],[6.4885,45.0729],[6.487,45.0747],[6.4845,45.0759],[6.4831,45.0772],[6.4841,45.0789],[6.487,45.0799],[6.4856,45.0858],[6.4819,45.0885],[6.4804,45.0908],[6.4805,45.0942],[6.4843,45.0943],[6.4867,45.0954],[6.4875,45.0965],[6.4909,45.0977],[6.4938,45.0999],[6.4995,45.1016],[6.5047,45.1037],[6.5074,45.1052],[6.5104,45.109],[6.5167,45.1055],[6.5194,45.1052],[6.5217,45.1041],[6.5255,45.1004],[6.528,45.0999],[6.5297,45.0986],[6.5343,45.099],[6.5392,45.0991],[6.541,45.1],[6.5454,45.1006],[6.5484,45.1017],[6.551,45.1033],[6.5548,45.1042],[6.5587,45.104],[6.5613,45.1053],[6.5617,45.1102],[6.5614,45.1112],[6.5639,45.1138],[6.5681,45.116],[6.5708,45.1168],[6.5722,45.1196],[6.5747,45.1213],[6.5765,45.1231],[6.5818,45.1214],[6.5845,45.1201],[6.5872,45.12],[6.5889,45.1193],[6.5927,45.1189],[6.5956,45.1192],[6.6017,45.1218],[6.6029,45.1198],[6.6065,45.1196],[6.6083,45.1207],[6.6127,45.1205],[6.6155,45.1215],[6.6181,45.1198],[6.6204,45.1167],[6.6248,45.1152],[6.6273,45.1108],[6.63,45.1093],[6.6267,45.1038],[6.6275,45.1012],[6.6298,45.1005],[6.6312,45.0992],[6.6333,45.0941],[6.6361,45.0941],[6.6388,45.0914],[6.6411,45.0898],[6.6412,45.0873],[6.6468,45.085],[6.6464,45.0801],[6.6452,45.0756],[6.6476,45.0741],[6.65,45.0735],[6.6549,45.0709],[6.6588,45.0719],[6.6621,45.0716],[6.663,45.0695],[6.6622,45.0681],[6.663,45.0633],[6.6628,45.0615],[6.6635,45.0596],[6.6636,45.057],[6.662,45.0543],[6.6588,45.0522],[6.6613,45.05],[6.6655,45.0485],[6.6668,45.0466],[6.6684,45.0458],[6.6695,45.0442],[6.6703,45.0418],[6.6668,45.0409],[6.665,45.0395],[6.6657,45.0372],[6.6646,45.0359],[6.6642,45.0339],[6.6665,45.0304],[6.6694,45.0286],[6.6708,45.029],[6.6716,45.0229],[6.6739,45.0196],[6.6751,45.0194],[6.6778,45.0207],[6.6797,45.0206],[6.6831,45.0223],[6.6843,45.0223],[6.6879,45.021],[6.6919,45.0207],[6.7034,45.0212],[6.707,45.0219],[6.7104,45.0209],[6.7177,45.0206],[6.7212,45.022],[6.7257,45.0215],[6.7274,45.0204],[6.7293,45.0204],[6.7336,45.0185],[6.7408,45.0167],[6.743,45.0165],[6.7454,45.0143],[6.7449,45.0115],[6.7474,45.0078],[6.7483,45.0052],[6.7499,45.0036],[6.7507,44.9988],[6.7517,44.9966],[6.7499,44.9953],[6.7425,44.9948],[6.7413,44.994],[6.7372,44.9935],[6.7378,44.9892],[6.742,44.9888],[6.7493,44.9849],[6.7492,44.9822],[6.75,44.9799],[6.7496,44.9774],[6.7514,44.9778],[6.7558,44.9753],[6.7564,44.9742],[6.761,44.9726],[6.7635,44.9712],[6.7652,44.962],[6.7649,44.9597],[6.7585,44.9491],[6.7584,44.9478],[6.7563,44.947],[6.7561,44.9458],[6.7539,44.946],[6.7531,44.943],[6.75,44.9406],[6.7468,44.9391],[6.746,44.9378],[6.7441,44.9372],[6.7448,44.9356],[6.7509,44.9368],[6.7531,44.9379],[6.758,44.9371],[6.7609,44.9332],[6.7603,44.9319],[6.761,44.9308],[6.7573,44.931],[6.7543,44.9319],[6.7539,44.9284],[6.7489,44.9224],[6.7501,44.9201],[6.7518,44.9198],[6.752,44.9173],[6.7505,44.9146],[6.7508,44.9094],[6.7498,44.9075],[6.751,44.9055],[6.7546,44.9049],[6.7583,44.9039],[6.7617,44.9025],[6.7668,44.9023],[6.7712,44.9034],[6.7765,44.9008],[6.7764,44.8998],[6.7783,44.8989],[6.7788,44.8952],[6.7804,44.8934],[6.7824,44.8939],[6.7842,44.8937],[6.7837,44.8919],[6.7847,44.8897],[6.7919,44.8894],[6.8015,44.8911],[6.7995,44.8877],[6.8002,44.8843],[6.803,44.8795],[6.8034,44.8781],[6.808,44.8757],[6.8117,44.8751],[6.8155,44.8731],[6.8161,44.8723],[6.8193,44.8711],[6.8218,44.8708],[6.8239,44.8691],[6.827,44.8681],[6.8302,44.8678],[6.8323,44.8658],[6.8333,44.8639],[6.8382,44.8619],[6.8393,44.8603],[6.8413,44.8596],[6.8449,44.8595],[6.8471,44.8586],[6.8512,44.8574],[6.8548,44.8578],[6.8564,44.8561],[6.8579,44.8555],[6.8599,44.8529],[6.8632,44.8506],[6.8702,44.8496],[6.8738,44.8506],[6.8775,44.851],[6.8819,44.8494],[6.8834,44.8481],[6.8815,44.8465],[6.8803,44.8435],[6.8783,44.8408],[6.8762,44.8354],[6.8749,44.8345],[6.8718,44.8314],[6.8693,44.8304],[6.8661,44.8283],[6.86,44.8263],[6.8565,44.8239],[6.8523,44.8235],[6.8469,44.825],[6.8452,44.8247],[6.841,44.823],[6.8392,44.8217],[6.8371,44.817],[6.8346,44.8149],[6.8325,44.8145],[6.8283,44.812],[6.8247,44.8117],[6.8216,44.8118],[6.8183,44.8128],[6.8148,44.8149],[6.8126,44.8152],[6.8091,44.8143],[6.8045,44.8152],[6.8018,44.816],[6.7951,44.8161],[6.7889,44.8192],[6.7875,44.8202],[6.7822,44.8196],[6.7783,44.8187],[6.777,44.8178],[6.7741,44.8173],[6.771,44.8159],[6.7692,44.8157],[6.7632,44.8138],[6.7591,44.8146],[6.7558,44.8136],[6.7494,44.8141],[6.7483,44.8136],[6.7472,44.8153],[6.7443,44.8176],[6.742,44.8204],[6.7352,44.82],[6.7315,44.8202],[6.7274,44.818],[6.7228,44.8164],[6.7161,44.8165],[6.713,44.8173],[6.7073,44.8171],[6.7017,44.8155],[6.699,44.8156],[6.6959,44.817],[6.6924,44.8159],[6.6907,44.8147],[6.6897,44.8127],[6.6855,44.8116],[6.6828,44.8118],[6.6795,44.81],[6.6797,44.8051],[6.6762,44.8045],[6.6743,44.8031],[6.6746,44.8015],[6.674,44.797],[6.6732,44.7965],[6.6682,44.7959],[6.6671,44.7963],[6.6646,44.7952],[6.6672,44.791],[6.6681,44.7878],[6.6703,44.7835],[6.6717,44.7841],[6.6763,44.7818],[6.6779,44.7817],[6.6813,44.7793],[6.6828,44.7788],[6.6822,44.7768],[6.6829,44.7754],[6.6826,44.7736],[6.6816,44.7721],[6.6737,44.7702],[6.6714,44.7692],[6.6704,44.7681],[6.6659,44.7643],[6.6632,44.7636],[6.6595,44.7633],[6.6557,44.7642],[6.6513,44.7616],[6.6464,44.76],[6.6425,44.7578],[6.6424,44.7566],[6.6392,44.756],[6.6363,44.7545],[6.6343,44.7545],[6.6315,44.7522],[6.6226,44.7491],[6.6211,44.7491],[6.6179,44.7464],[6.617,44.7449],[6.6149,44.7433],[6.6143,44.7421],[6.6116,44.7396],[6.6083,44.7338],[6.6075,44.7312],[6.6067,44.7252],[6.6031,44.7234],[6.5985,44.7223],[6.5968,44.7212],[6.5956,44.7195],[6.592,44.7184],[6.5929,44.7159],[6.5908,44.7152],[6.5879,44.7177],[6.5874,44.7187],[6.5849,44.7178]]]}},{"type":"Feature","properties":{"nom":"CPTS Guil Durance","statut":"","communes":["04154","05001","05003","05007","05012","05026","05036","05038","05044","05045","05046","05052","05065","05077","05082","05098","05106","05108","05111","05114","05116","05119","05120","05128","05130","05134","05136","05156","05157","05163","05164","05177"],"president":"Xavier BONO","coordonnateur":"En attente de recrutement","contact":"","site":""},"geometry":{"type":"Polygon","coordinates":[[[6.3073,44.4915],[6.3078,44.4926],[6.311,44.4965],[6.3169,44.5017],[6.3211,44.5044],[6.3299,44.5084],[6.3324,44.51],[6.3348,44.5114],[6.3356,44.5152],[6.3353,44.5178],[6.3329,44.5204],[6.3329,44.5219],[6.3342,44.5237],[6.3311,44.5254],[6.3295,44.5251],[6.3277,44.526],[6.3272,44.5279],[6.3242,44.5308],[6.3229,44.5346],[6.3233,44.5374],[6.3213,44.5399],[6.3204,44.5419],[6.3163,44.5442],[6.3145,44.5457],[6.312,44.5466],[6.3133,44.5508],[6.315,44.5515],[6.3163,44.5533],[6.317,44.5573],[6.317,44.562],[6.3233,44.5805],[6.32,44.5813],[6.3185,44.5824],[6.3137,44.5847],[6.31,44.5851],[6.3074,44.5895],[6.3063,44.5924],[6.3022,44.5953],[6.3,44.5982],[6.2954,44.5985],[6.2936,44.5994],[6.2922,44.5991],[6.2884,44.6019],[6.2887,44.6035],[6.2903,44.6064],[6.2909,44.6086],[6.2907,44.611],[6.2895,44.6129],[6.2914,44.6149],[6.294,44.6157],[6.2946,44.617],[6.2969,44.6194],[6.298,44.622],[6.3002,44.6232],[6.302,44.6257],[6.3062,44.627],[6.3124,44.6284],[6.3154,44.6296],[6.3191,44.6306],[6.3216,44.6322],[6.3246,44.6349],[6.3323,44.6399],[6.3342,44.642],[6.3344,44.6435],[6.3359,44.6476],[6.3425,44.6499],[6.3429,44.6508],[6.3454,44.6533],[6.346,44.6559],[6.3489,44.6591],[6.3522,44.6611],[6.3581,44.6619],[6.3607,44.663],[6.3676,44.662],[6.3714,44.6605],[6.3745,44.6541],[6.3786,44.6495],[6.3807,44.6484],[6.383,44.6463],[6.386,44.6453],[6.3861,44.6434],[6.3873,44.6425],[6.3912,44.6411],[6.3953,44.6408],[6.3967,44.6403],[6.3986,44.6386],[6.4003,44.6384],[6.4032,44.6394],[6.4021,44.6412],[6.4021,44.6427],[6.4081,44.6483],[6.4109,44.6494],[6.4145,44.6504],[6.4179,44.6519],[6.42,44.6543],[6.4215,44.6577],[6.4231,44.6588],[6.4285,44.6598],[6.43,44.6608],[6.4324,44.6639],[6.4323,44.6649],[6.4339,44.667],[6.4341,44.6693],[6.4352,44.6712],[6.4343,44.6717],[6.433,44.6753],[6.4338,44.6764],[6.4344,44.6789],[6.4369,44.6803],[6.4389,44.6821],[6.4414,44.682],[6.4429,44.683],[6.4451,44.6841],[6.4481,44.6841],[6.4507,44.6824],[6.4533,44.6823],[6.4549,44.6832],[6.4574,44.6871],[6.4578,44.6892],[6.4609,44.6918],[6.4619,44.6932],[6.4659,44.6955],[6.4665,44.6967],[6.4709,44.6968],[6.4733,44.6982],[6.4768,44.6989],[6.4782,44.6999],[6.4817,44.7001],[6.4837,44.7008],[6.4856,44.7007],[6.497,44.7007],[6.5051,44.7015],[6.5082,44.7004],[6.5114,44.7003],[6.5163,44.6997],[6.5168,44.6988],[6.5198,44.6984],[6.5341,44.6979],[6.54,44.6982],[6.5474,44.6994],[6.5506,44.7009],[6.5548,44.7004],[6.5606,44.6991],[6.5651,44.6986],[6.566,44.6972],[6.5671,44.6994],[6.5703,44.7021],[6.5718,44.7028],[6.5758,44.7032],[6.577,44.708],[6.5794,44.7087],[6.5812,44.7082],[6.5833,44.7092],[6.584,44.7107],[6.5849,44.7178],[6.5874,44.7187],[6.5879,44.7177],[6.5908,44.7152],[6.5929,44.7159],[6.592,44.7184],[6.5956,44.7195],[6.5968,44.7212],[6.5985,44.7223],[6.6031,44.7234],[6.6067,44.7252],[6.6075,44.7312],[6.6083,44.7338],[6.6116,44.7396],[6.6143,44.7421],[6.6149,44.7433],[6.617,44.7449],[6.6179,44.7464],[6.6211,44.7491],[6.6226,44.7491],[6.6315,44.7522],[6.6343,44.7545],[6.6363,44.7545],[6.6392,44.756],[6.6424,44.7566],[6.6425,44.7578],[6.6464,44.76],[6.6513,44.7616],[6.6557,44.7642],[6.6595,44.7633],[6.6632,44.7636],[6.6659,44.7643],[6.6704,44.7681],[6.6714,44.7692],[6.6737,44.7702],[6.6816,44.7721],[6.6826,44.7736],[6.6829,44.7754],[6.6822,44.7768],[6.6828,44.7788],[6.6813,44.7793],[6.6779,44.7817],[6.6763,44.7818],[6.6717,44.7841],[6.6703,44.7835],[6.6681,44.7878],[6.6672,44.791],[6.6646,44.7952],[6.6671,44.7963],[6.6682,44.7959],[6.6732,44.7965],[6.674,44.797],[6.6746,44.8015],[6.6743,44.8031],[6.6762,44.8045],[6.6797,44.8051],[6.6795,44.81],[6.6828,44.8118],[6.6855,44.8116],[6.6897,44.8127],[6.6907,44.8147],[6.6924,44.8159],[6.6959,44.817],[6.699,44.8156],[6.7017,44.8155],[6.7073,44.8171],[6.713,44.8173],[6.7161,44.8165],[6.7228,44.8164],[6.7274,44.818],[6.7315,44.8202],[6.7352,44.82],[6.742,44.8204],[6.7443,44.8176],[6.7472,44.8153],[6.7483,44.8136],[6.7494,44.8141],[6.7558,44.8136],[6.7591,44.8146],[6.7632,44.8138],[6.7692,44.8157],[6.771,44.8159],[6.7741,44.8173],[6.777,44.8178],[6.7783,44.8187],[6.7822,44.8196],[6.7875,44.8202],[6.7889,44.8192],[6.7951,44.8161],[6.8018,44.816],[6.8045,44.8152],[6.8091,44.8143],[6.8126,44.8152],[6.8148,44.8149],[6.8183,44.8128],[6.8216,44.8118],[6.8247,44.8117],[6.8283,44.812],[6.8325,44.8145],[6.8346,44.8149],[6.8371,44.817],[6.8392,44.8217],[6.841,44.823],[6.8452,44.8247],[6.8469,44.825],[6.8523,44.8235],[6.8565,44.8239],[6.86,44.8263],[6.8661,44.8283],[6.8693,44.8304],[6.8718,44.8314],[6.8749,44.8345],[6.8762,44.8354],[6.8783,44.8408],[6.8803,44.8435],[6.8815,44.8465],[6.8834,44.8481],[6.8872,44.8472],[6.8924,44.8482],[6.8962,44.8478],[6.8982,44.8485],[6.9003,44.8479],[6.9035,44.8479],[6.9047,44.8472],[6.9057,44.8453],[6.9071,44.8444],[6.9132,44.845],[6.9151,44.8475],[6.9205,44.85],[6.9221,44.8511],[6.9242,44.8543],[6.9269,44.8563],[6.9263,44.8578],[6.9268,44.8592],[6.9298,44.8616],[6.9312,44.8635],[6.9329,44.8622],[6.9359,44.8617],[6.9372,44.8605],[6.9424,44.8597],[6.9442,44.8591],[6.9458,44.8577],[6.9501,44.856],[6.9549,44.8552],[6.9576,44.8528],[6.9613,44.8507],[6.9646,44.8494],[6.9695,44.8482],[6.971,44.8463],[6.9752,44.8463],[6.9778,44.8458],[6.9813,44.8468],[6.9855,44.8451],[6.9906,44.8439],[6.9938,44.8423],[6.9962,44.8419],[7.0012,44.8423],[7.0068,44.8393],[7.0064,44.8357],[7.0085,44.8319],[7.0097,44.8288],[7.0098,44.826],[7.0127,44.8251],[7.0195,44.8248],[7.022,44.8234],[7.0238,44.8231],[7.0225,44.8216],[7.0204,44.8212],[7.0206,44.8195],[7.0196,44.8174],[7.0204,44.816],[7.0196,44.8131],[7.0147,44.8096],[7.0135,44.806],[7.012,44.8036],[7.0101,44.8025],[7.0093,44.8001],[7.0095,44.7983],[7.008,44.7979],[7.0051,44.7957],[7.0039,44.7928],[7.001,44.7919],[6.9994,44.7897],[7.0001,44.7886],[7.0059,44.7851],[7.0098,44.7844],[7.0117,44.7837],[7.015,44.779],[7.0187,44.7766],[7.02,44.774],[7.0199,44.7726],[7.0223,44.7708],[7.0212,44.77],[7.0205,44.7678],[7.0217,44.7656],[7.0237,44.7641],[7.0248,44.7624],[7.0252,44.7601],[7.0243,44.7554],[7.022,44.7547],[7.0213,44.7515],[7.0232,44.7492],[7.0233,44.7475],[7.0262,44.7446],[7.0253,44.7423],[7.0235,44.74],[7.0265,44.7373],[7.0274,44.7357],[7.029,44.7353],[7.0306,44.732],[7.0299,44.7298],[7.0327,44.7278],[7.036,44.725],[7.0367,44.7235],[7.0387,44.7221],[7.0403,44.72],[7.0421,44.7186],[7.0449,44.718],[7.0546,44.7147],[7.0621,44.7145],[7.066,44.7133],[7.0664,44.7108],[7.0652,44.7083],[7.0676,44.705],[7.068,44.7022],[7.0708,44.7009],[7.071,44.6982],[7.0732,44.6956],[7.0732,44.6938],[7.0756,44.6903],[7.0747,44.6876],[7.0755,44.6846],[7.0771,44.6809],[7.0716,44.6795],[7.0635,44.6803],[7.0597,44.68],[7.0568,44.6809],[7.0538,44.6827],[7.0496,44.6827],[7.0472,44.6832],[7.0461,44.6844],[7.0444,44.6847],[7.0405,44.6866],[7.0368,44.6894],[7.0303,44.6914],[7.0268,44.6911],[7.0237,44.6913],[7.0205,44.6903],[7.0178,44.6887],[7.0139,44.6891],[7.0093,44.6884],[7.0069,44.6886],[7.0047,44.6872],[7.0016,44.6876],[6.9992,44.6904],[6.9961,44.6903],[6.9904,44.6904],[6.9871,44.6901],[6.9862,44.6881],[6.9843,44.6864],[6.9792,44.6838],[6.9776,44.6834],[6.9762,44.6809],[6.9715,44.6784],[6.9712,44.6772],[6.9654,44.6775],[6.9632,44.6781],[6.9616,44.6762],[6.9589,44.6739],[6.9577,44.6713],[6.9577,44.6693],[6.959,44.6686],[6.9582,44.6668],[6.9593,44.6648],[6.9588,44.6625],[6.9563,44.6614],[6.9512,44.6586],[6.9483,44.6548],[6.9435,44.6535],[6.9396,44.6521],[6.936,44.6534],[6.9335,44.6532],[6.9303,44.6552],[6.9237,44.6554],[6.9206,44.6572],[6.9198,44.6584],[6.9156,44.66],[6.9113,44.6572],[6.9076,44.6564],[6.9076,44.6534],[6.9053,44.6523],[6.9016,44.6472],[6.9006,44.645],[6.8978,44.6442],[6.8932,44.6413],[6.8911,44.6384],[6.8914,44.637],[6.89,44.6358],[6.8858,44.6352],[6.8838,44.6334],[6.8826,44.6304],[6.8788,44.6302],[6.8778,44.6295],[6.8746,44.6292],[6.8713,44.6281],[6.8671,44.6279],[6.8628,44.6293],[6.8584,44.6294],[6.8584,44.6261],[6.8551,44.6249],[6.8538,44.6237],[6.854,44.6221],[6.8533,44.6182],[6.8539,44.6148],[6.8498,44.6126],[6.8481,44.6113],[6.8451,44.6104],[6.8434,44.609],[6.8398,44.6086],[6.8371,44.6094],[6.8354,44.6093],[6.8305,44.6099],[6.8244,44.6089],[6.819,44.6076],[6.8148,44.605],[6.8133,44.6044],[6.8109,44.6022],[6.8089,44.6014],[6.8072,44.6015],[6.8052,44.6039],[6.7999,44.6042],[6.7964,44.6011],[6.796,44.5971],[6.7942,44.5942],[6.7921,44.5923],[6.7857,44.5945],[6.7817,44.5948],[6.7792,44.5919],[6.7768,44.5901],[6.7739,44.589],[6.769,44.5882],[6.7669,44.587],[6.7672,44.5853],[6.7692,44.5833],[6.7684,44.5823],[6.7716,44.5811],[6.7725,44.5802],[6.7718,44.5758],[6.7686,44.5735],[6.7646,44.5737],[6.7625,44.5733],[6.7599,44.574],[6.7547,44.5711],[6.7522,44.5705],[6.7515,44.5691],[6.7493,44.5665],[6.7499,44.5633],[6.748,44.5605],[6.7429,44.5583],[6.7418,44.5551],[6.7372,44.5525],[6.7332,44.5517],[6.7311,44.5521],[6.7293,44.5532],[6.7254,44.5501],[6.7244,44.5489],[6.7222,44.5476],[6.72,44.5471],[6.716,44.5448],[6.7147,44.5432],[6.7112,44.5411],[6.7042,44.5391],[6.7012,44.539],[6.6981,44.5401],[6.6956,44.5402],[6.6926,44.5411],[6.6861,44.5415],[6.6829,44.5413],[6.6799,44.5419],[6.681,44.5394],[6.6819,44.5389],[6.6812,44.5364],[6.6816,44.534],[6.6833,44.5312],[6.6809,44.5277],[6.6798,44.5225],[6.6788,44.5205],[6.6778,44.52],[6.6743,44.5168],[6.6722,44.5122],[6.673,44.5095],[6.6729,44.5068],[6.6704,44.5036],[6.6685,44.5003],[6.6631,44.4979],[6.6616,44.4955],[6.6585,44.4946],[6.6539,44.4948],[6.6519,44.4941],[6.6507,44.4909],[6.6489,44.4895],[6.6437,44.4878],[6.6417,44.4855],[6.6424,44.4832],[6.6412,44.4812],[6.6388,44.4789],[6.6376,44.4762],[6.6375,44.4746],[6.6397,44.4722],[6.6381,44.4688],[6.637,44.4686],[6.6353,44.4661],[6.6365,44.465],[6.6368,44.4626],[6.6357,44.4615],[6.6368,44.4588],[6.636,44.4564],[6.6341,44.4564],[6.6326,44.4527],[6.6328,44.4498],[6.6323,44.4469],[6.6282,44.4472],[6.6261,44.4467],[6.6232,44.4473],[6.6182,44.4468],[6.6157,44.447],[6.6122,44.4468],[6.6106,44.4462],[6.6075,44.4462],[6.6043,44.4484],[6.5989,44.4487],[6.5959,44.447],[6.5929,44.4469],[6.5889,44.4455],[6.5856,44.446],[6.5796,44.4474],[6.5781,44.4487],[6.5731,44.4466],[6.5705,44.4469],[6.5665,44.4464],[6.5624,44.4455],[6.5563,44.4459],[6.5546,44.4466],[6.5515,44.4472],[6.5474,44.4468],[6.5431,44.4481],[6.5405,44.4508],[6.5363,44.4521],[6.5333,44.452],[6.5306,44.4502],[6.5275,44.4487],[6.5243,44.4481],[6.5196,44.448],[6.5167,44.4491],[6.5143,44.4491],[6.5125,44.45],[6.5092,44.4509],[6.5043,44.4506],[6.5012,44.4491],[6.4979,44.4488],[6.4954,44.451],[6.4923,44.4513],[6.4893,44.4526],[6.4854,44.453],[6.4817,44.454],[6.4795,44.4526],[6.4742,44.4512],[6.4714,44.4515],[6.4686,44.4513],[6.4667,44.454],[6.4652,44.4552],[6.4647,44.4599],[6.4642,44.4612],[6.4605,44.4626],[6.4591,44.4656],[6.4452,44.4657],[6.4435,44.4676],[6.4433,44.4686],[6.4391,44.4719],[6.4361,44.4736],[6.435,44.4751],[6.4325,44.4715],[6.4306,44.4704],[6.428,44.4702],[6.4237,44.4676],[6.4215,44.4677],[6.4178,44.4689],[6.4148,44.4691],[6.4121,44.4701],[6.41,44.4726],[6.4072,44.477],[6.4084,44.4805],[6.4079,44.4802],[6.3906,44.4834],[6.3848,44.484],[6.3831,44.4833],[6.3769,44.4792],[6.3717,44.4796],[6.3671,44.4793],[6.3561,44.4738],[6.3485,44.4748],[6.3402,44.4799],[6.3396,44.4767],[6.3387,44.4748],[6.3387,44.4707],[6.3345,44.4705],[6.3266,44.4679],[6.3261,44.4663],[6.3277,44.4653],[6.3271,44.4635],[6.3249,44.4634],[6.3189,44.4651],[6.3119,44.4669],[6.3066,44.4712],[6.3016,44.4736],[6.2989,44.4742],[6.2978,44.475],[6.2935,44.4809],[6.2978,44.482],[6.3002,44.4831],[6.3044,44.4864],[6.3066,44.4895],[6.3073,44.4915]]]}},{"type":"Feature","properties":{"nom":"CPTS H3VE","statut":"","communes":["04008","04032","04042","04043","04076","04090","04115","04170","04174","04194","04202","04224","06001","06002","06005","06008","06016","06021","06040","06045","06047","06051","06052","06053","06056","06066","06071","06076","06078","06082","06087","06093","06094","06096","06097","06098","06099","06100","06101","06106","06107","06115","06124","06125","06131","06133","06135","06139","06141","06143","06145","06158","06160"],"president":"Rodolphe BIZET","coordonnateur":"","contact":"cptsh3ve@gmail.com","site":""},"geometry":{"type":"Polygon","coordinates":[[[6.805,43.8783],[6.7998,43.8784],[6.7966,43.8789],[6.7954,43.8776],[6.7919,43.8762],[6.7908,43.8787],[6.7892,43.8813],[6.7866,43.8809],[6.7866,43.883],[6.783,43.8828],[6.7816,43.8835],[6.779,43.8837],[6.7758,43.8808],[6.7729,43.8792],[6.7698,43.8782],[6.7629,43.8771],[6.7579,43.8767],[6.7562,43.8748],[6.7531,43.8728],[6.7484,43.8717],[6.7456,43.8721],[6.7441,43.8728],[6.7354,43.8743],[6.7318,43.8752],[6.7264,43.8772],[6.7181,43.879],[6.7165,43.8796],[6.7121,43.8808],[6.7063,43.8819],[6.7023,43.8823],[6.6991,43.8833],[6.6925,43.8843],[6.6893,43.8845],[6.6851,43.8857],[6.68,43.8863],[6.6726,43.8884],[6.6707,43.8877],[6.6685,43.8866],[6.664,43.8852],[6.6608,43.8833],[6.6558,43.8826],[6.6505,43.8822],[6.6479,43.8806],[6.646,43.88],[6.6415,43.8793],[6.6402,43.8849],[6.6351,43.8919],[6.6361,43.8942],[6.6377,43.8954],[6.6445,43.8976],[6.6475,43.8989],[6.6495,43.9004],[6.651,43.9028],[6.6511,43.9073],[6.6504,43.9097],[6.6507,43.9118],[6.6501,43.9148],[6.6482,43.9177],[6.6481,43.92],[6.6474,43.9224],[6.6488,43.9279],[6.6534,43.929],[6.6578,43.9295],[6.6556,43.93],[6.6506,43.9328],[6.6494,43.9322],[6.6466,43.9322],[6.6448,43.9315],[6.6439,43.9298],[6.6416,43.934],[6.6436,43.9399],[6.6449,43.9426],[6.6437,43.9437],[6.6425,43.947],[6.6397,43.9499],[6.6371,43.952],[6.6345,43.9521],[6.6282,43.954],[6.6281,43.9562],[6.6287,43.9583],[6.6327,43.9597],[6.6334,43.9647],[6.6325,43.9672],[6.629,43.9707],[6.6273,43.9734],[6.6267,43.9755],[6.6269,43.9785],[6.6242,43.9811],[6.6235,43.9837],[6.6225,43.9845],[6.6204,43.9868],[6.6202,43.9907],[6.6189,43.9924],[6.6184,43.9963],[6.6152,43.9987],[6.6132,43.9991],[6.6108,44.0017],[6.6104,44.0031],[6.6077,44.0077],[6.6047,44.0095],[6.6025,44.0097],[6.6019,44.0114],[6.5999,44.0135],[6.5978,44.0144],[6.5921,44.0186],[6.589,44.0235],[6.59,44.0302],[6.5951,44.0358],[6.5975,44.0371],[6.6005,44.0377],[6.6039,44.0373],[6.6065,44.038],[6.6113,44.0379],[6.6136,44.0392],[6.6133,44.0418],[6.614,44.0428],[6.6136,44.0452],[6.6143,44.0467],[6.6136,44.0504],[6.6164,44.0535],[6.6162,44.0551],[6.6178,44.0564],[6.6209,44.0566],[6.6242,44.0564],[6.6272,44.0569],[6.6284,44.0576],[6.628,44.0596],[6.6298,44.0601],[6.6328,44.0589],[6.6365,44.0591],[6.6385,44.0599],[6.6398,44.0578],[6.6438,44.0562],[6.648,44.0557],[6.6483,44.0549],[6.6516,44.055],[6.6544,44.0543],[6.657,44.056],[6.6586,44.0562],[6.6598,44.0581],[6.6611,44.0589],[6.6661,44.0599],[6.671,44.0614],[6.6705,44.0627],[6.6713,44.0654],[6.6725,44.0673],[6.6752,44.0677],[6.6744,44.0698],[6.6759,44.0765],[6.6772,44.0775],[6.6816,44.0786],[6.6852,44.0781],[6.6865,44.0764],[6.6908,44.0726],[6.6893,44.0762],[6.6883,44.0796],[6.686,44.0813],[6.6864,44.0845],[6.6888,44.0854],[6.6886,44.088],[6.6911,44.0885],[6.6934,44.0895],[6.6957,44.0872],[6.6977,44.0863],[6.6989,44.0839],[6.7009,44.0854],[6.7004,44.0888],[6.6993,44.0903],[6.6972,44.0918],[6.7003,44.0964],[6.7006,44.0958],[6.7052,44.0963],[6.708,44.1004],[6.7101,44.1043],[6.7133,44.1069],[6.7146,44.1112],[6.7141,44.114],[6.713,44.116],[6.7166,44.1176],[6.7191,44.1183],[6.7186,44.1194],[6.7168,44.1205],[6.7115,44.1213],[6.7076,44.1245],[6.7069,44.1277],[6.7072,44.1297],[6.7053,44.1317],[6.7043,44.136],[6.7045,44.1403],[6.7079,44.1421],[6.7073,44.1444],[6.7046,44.1449],[6.702,44.1475],[6.698,44.1494],[6.6992,44.1512],[6.6982,44.1523],[6.6993,44.1542],[6.7,44.1566],[6.6933,44.1611],[6.6882,44.1658],[6.6871,44.1672],[6.6865,44.1692],[6.6881,44.1695],[6.6893,44.1709],[6.6911,44.1715],[6.6923,44.1734],[6.6939,44.1734],[6.6993,44.1757],[6.7012,44.1775],[6.7021,44.1788],[6.702,44.1817],[6.7028,44.1844],[6.6985,44.1885],[6.6981,44.1898],[6.701,44.1933],[6.7031,44.1938],[6.7049,44.1954],[6.7052,44.1977],[6.7064,44.2014],[6.7118,44.2032],[6.7134,44.2049],[6.7161,44.2052],[6.7167,44.2075],[6.7176,44.2082],[6.7183,44.2107],[6.7166,44.2146],[6.7146,44.2159],[6.7141,44.2182],[6.7182,44.2203],[6.7183,44.222],[6.7229,44.2252],[6.725,44.2263],[6.7249,44.2287],[6.7258,44.2304],[6.7244,44.2328],[6.722,44.2332],[6.7217,44.2345],[6.7235,44.2373],[6.7238,44.2397],[6.7258,44.2423],[6.7255,44.2457],[6.7244,44.2471],[6.724,44.2498],[6.7283,44.2526],[6.73,44.2515],[6.7353,44.2523],[6.7382,44.2532],[6.7393,44.2556],[6.7423,44.2588],[6.7484,44.2598],[6.7498,44.2612],[6.7527,44.26],[6.755,44.2602],[6.7574,44.2616],[6.7591,44.2621],[6.7584,44.2651],[6.7573,44.2678],[6.7574,44.27],[6.7588,44.2713],[6.7583,44.2744],[6.7599,44.2765],[6.7635,44.2796],[6.7666,44.2787],[6.7696,44.277],[6.7731,44.2778],[6.7773,44.2768],[6.7786,44.276],[6.7823,44.2752],[6.7866,44.2731],[6.7903,44.2723],[6.793,44.2708],[6.794,44.2672],[6.7945,44.2628],[6.7964,44.2596],[6.8014,44.2588],[6.8016,44.2571],[6.7981,44.2534],[6.7966,44.2502],[6.7973,44.2484],[6.7998,44.245],[6.8023,44.2451],[6.8029,44.2445],[6.8065,44.2441],[6.8081,44.2405],[6.8078,44.2388],[6.8058,44.2367],[6.805,44.2343],[6.8051,44.2325],[6.8061,44.2321],[6.807,44.2286],[6.8094,44.226],[6.8091,44.2248],[6.8098,44.2215],[6.8119,44.2203],[6.8152,44.2167],[6.8192,44.2157],[6.8229,44.2154],[6.825,44.2107],[6.8278,44.208],[6.828,44.206],[6.8322,44.2035],[6.8354,44.1992],[6.8366,44.1988],[6.8366,44.1973],[6.8394,44.1957],[6.8422,44.1958],[6.8448,44.195],[6.8461,44.1952],[6.8493,44.1927],[6.8515,44.1916],[6.8543,44.192],[6.8556,44.1899],[6.859,44.1886],[6.8632,44.1886],[6.8655,44.1872],[6.8686,44.1864],[6.8713,44.1848],[6.8735,44.1845],[6.8735,44.181],[6.8748,44.1779],[6.8745,44.1769],[6.8778,44.172],[6.8804,44.1747],[6.8831,44.1787],[6.8859,44.1808],[6.8878,44.1808],[6.8894,44.1818],[6.8902,44.184],[6.8911,44.185],[6.8939,44.1866],[6.8954,44.1869],[6.8976,44.1887],[6.9042,44.1902],[6.9117,44.1893],[6.9139,44.1894],[6.9155,44.1894],[6.9207,44.188],[6.9217,44.1883],[6.9269,44.1882],[6.9285,44.1873],[6.9336,44.1902],[6.9377,44.1907],[6.9413,44.1923],[6.9428,44.1934],[6.9443,44.1934],[6.9468,44.1956],[6.9506,44.1964],[6.9508,44.1946],[6.9518,44.194],[6.9563,44.1891],[6.9573,44.1871],[6.9579,44.1831],[6.9585,44.1814],[6.96,44.18],[6.9626,44.1757],[6.9633,44.1737],[6.9626,44.1712],[6.9628,44.166],[6.9617,44.1629],[6.9619,44.1618],[6.9634,44.1607],[6.9676,44.1592],[6.9688,44.1584],[6.9714,44.1581],[6.9752,44.1583],[6.979,44.1587],[6.9798,44.1593],[6.9835,44.1574],[6.9865,44.1552],[6.9878,44.1549],[6.9881,44.1531],[6.99,44.151],[6.9919,44.15],[6.9923,44.1485],[6.9937,44.1474],[6.994,44.1438],[6.9934,44.1408],[6.9941,44.1379],[6.9933,44.1366],[6.994,44.1326],[6.9958,44.132],[6.9982,44.1296],[7.0006,44.1297],[7.003,44.1277],[7.0047,44.128],[7.0054,44.126],[7.0045,44.1228],[7.0058,44.1202],[7.0072,44.119],[7.0067,44.1171],[7.0098,44.1171],[7.0136,44.1148],[7.0162,44.1144],[7.0167,44.1126],[7.0183,44.1111],[7.0192,44.1091],[7.022,44.1086],[7.0252,44.1095],[7.0285,44.1079],[7.0278,44.1049],[7.0258,44.1037],[7.0238,44.1015],[7.0204,44.0968],[7.0213,44.0955],[7.021,44.092],[7.022,44.09],[7.0234,44.0851],[7.0226,44.0816],[7.0216,44.0791],[7.0203,44.0779],[7.0221,44.0766],[7.0246,44.0735],[7.0276,44.0675],[7.031,44.065],[7.0365,44.0644],[7.0367,44.0634],[7.0393,44.0615],[7.0432,44.0608],[7.0465,44.0615],[7.0477,44.0606],[7.0483,44.0596],[7.054,44.0559],[7.0549,44.0534],[7.0544,44.0524],[7.0526,44.0513],[7.0507,44.0489],[7.0513,44.0466],[7.0535,44.044],[7.0559,44.0436],[7.0594,44.0405],[7.0592,44.0366],[7.0582,44.0357],[7.0572,44.033],[7.0579,44.0303],[7.0595,44.0281],[7.0576,44.0273],[7.0537,44.0264],[7.0527,44.0222],[7.0553,44.0204],[7.0581,44.0178],[7.0593,44.0172],[7.0596,44.0157],[7.0607,44.015],[7.0618,44.0123],[7.0633,44.0109],[7.0637,44.0095],[7.0658,44.0085],[7.0689,44.006],[7.0709,44.0053],[7.0701,44.0029],[7.0719,44.0018],[7.0738,43.998],[7.0745,43.9954],[7.0757,43.9949],[7.0785,43.995],[7.0798,43.9939],[7.0838,43.9925],[7.0872,43.9926],[7.0931,43.9916],[7.0996,43.9889],[7.101,43.9856],[7.1007,43.9838],[7.1049,43.9804],[7.1075,43.9779],[7.1077,43.975],[7.1086,43.9739],[7.1115,43.9731],[7.112,43.9702],[7.1116,43.9672],[7.1118,43.9647],[7.1097,43.9622],[7.1109,43.9613],[7.1133,43.9615],[7.1154,43.9611],[7.1176,43.9595],[7.1202,43.9593],[7.1211,43.9583],[7.1237,43.959],[7.1264,43.9588],[7.1284,43.9574],[7.1309,43.9584],[7.1341,43.9558],[7.1354,43.9539],[7.1382,43.9528],[7.1414,43.951],[7.1407,43.9491],[7.1423,43.9475],[7.1431,43.9457],[7.1456,43.9439],[7.1459,43.9419],[7.1471,43.9405],[7.146,43.938],[7.1464,43.9364],[7.149,43.9339],[7.154,43.9334],[7.1564,43.9323],[7.1595,43.9293],[7.1605,43.9267],[7.1623,43.9266],[7.1675,43.925],[7.1667,43.9229],[7.1663,43.9192],[7.1696,43.9193],[7.1733,43.9168],[7.176,43.9143],[7.1786,43.9138],[7.1806,43.9127],[7.1848,43.9117],[7.1876,43.9095],[7.1887,43.9076],[7.1905,43.908],[7.1926,43.91],[7.1956,43.9068],[7.1954,43.9036],[7.192,43.9036],[7.191,43.902],[7.1886,43.901],[7.1893,43.8982],[7.191,43.8967],[7.1898,43.8952],[7.188,43.8942],[7.1888,43.8911],[7.1879,43.8884],[7.19,43.8852],[7.19,43.8838],[7.1892,43.8805],[7.1883,43.8794],[7.1892,43.8783],[7.1922,43.8763],[7.1921,43.8738],[7.1948,43.8721],[7.1977,43.8693],[7.1981,43.8663],[7.1972,43.8605],[7.1969,43.8601],[7.1951,43.8577],[7.1953,43.8562],[7.1971,43.8541],[7.1972,43.8522],[7.1958,43.8494],[7.196,43.8468],[7.1948,43.8442],[7.1918,43.8364],[7.1911,43.8335],[7.1876,43.8239],[7.185,43.8224],[7.184,43.8239],[7.1756,43.8337],[7.1742,43.8363],[7.1692,43.8401],[7.1666,43.8407],[7.1655,43.843],[7.1632,43.8436],[7.1609,43.8431],[7.1585,43.8445],[7.1578,43.8462],[7.1551,43.8461],[7.154,43.8453],[7.1517,43.8456],[7.1483,43.8473],[7.1434,43.8455],[7.1413,43.8415],[7.1387,43.8422],[7.1371,43.8445],[7.1341,43.8464],[7.1299,43.8456],[7.1286,43.8486],[7.1278,43.8517],[7.1257,43.853],[7.1254,43.8541],[7.1236,43.8541],[7.1212,43.8554],[7.1186,43.8538],[7.1162,43.8536],[7.1132,43.8556],[7.1095,43.8603],[7.1076,43.8603],[7.1043,43.8624],[7.1034,43.8614],[7.1011,43.8607],[7.0973,43.8618],[7.0961,43.8617],[7.0944,43.8593],[7.0919,43.8583],[7.0889,43.8579],[7.0885,43.8559],[7.0867,43.8554],[7.0839,43.8556],[7.0803,43.8545],[7.0769,43.8559],[7.0721,43.8552],[7.0731,43.8538],[7.0721,43.853],[7.072,43.8479],[7.0681,43.8457],[7.0684,43.8424],[7.0691,43.8417],[7.0698,43.8385],[7.0676,43.8323],[7.0651,43.8266],[7.0649,43.8256],[7.0589,43.8244],[7.0536,43.8246],[7.0509,43.8252],[7.0489,43.825],[7.0458,43.8253],[7.0425,43.8249],[7.0398,43.824],[7.0377,43.8226],[7.0357,43.8236],[7.035,43.8251],[7.0313,43.8253],[7.0284,43.8282],[7.0237,43.8283],[7.018,43.8281],[7.0145,43.8269],[7.0096,43.8277],[7.0024,43.8267],[6.9996,43.8261],[6.9937,43.8276],[6.9929,43.8256],[6.9911,43.8229],[6.9888,43.8248],[6.9848,43.8251],[6.9783,43.829],[6.9733,43.8314],[6.9687,43.835],[6.966,43.8359],[6.9604,43.8366],[6.9594,43.836],[6.9597,43.8346],[6.9547,43.8341],[6.9486,43.8329],[6.9453,43.8329],[6.9443,43.8321],[6.9393,43.8311],[6.9349,43.8308],[6.9331,43.8303],[6.9308,43.8308],[6.9275,43.8307],[6.9239,43.8302],[6.9175,43.8307],[6.9123,43.8317],[6.9156,43.8348],[6.9163,43.8373],[6.9162,43.8392],[6.917,43.8413],[6.9158,43.843],[6.9156,43.8449],[6.9147,43.8455],[6.9152,43.8476],[6.918,43.8501],[6.916,43.8532],[6.9139,43.8531],[6.9138,43.8547],[6.9125,43.8565],[6.9104,43.8571],[6.9104,43.858],[6.9084,43.86],[6.9084,43.8616],[6.9072,43.8629],[6.9074,43.8653],[6.9051,43.8655],[6.9038,43.8649],[6.9017,43.8619],[6.8966,43.8603],[6.8969,43.8594],[6.8939,43.8593],[6.889,43.858],[6.8865,43.8581],[6.879,43.8568],[6.8731,43.8551],[6.869,43.8547],[6.863,43.8532],[6.8574,43.8523],[6.8519,43.8517],[6.8514,43.856],[6.8507,43.8572],[6.8503,43.8604],[6.8489,43.8609],[6.8476,43.8639],[6.8432,43.8659],[6.8428,43.8676],[6.8439,43.8696],[6.8484,43.8715],[6.8355,43.8698],[6.828,43.8694],[6.8274,43.8727],[6.8281,43.876],[6.8258,43.8782],[6.8241,43.8789],[6.8221,43.881],[6.8199,43.8812],[6.8146,43.8806],[6.8105,43.8806],[6.8085,43.8802],[6.805,43.8783]]]}},{"type":"Feature","properties":{"nom":"CPTS Haute Ouvèze","statut":"","communes":["84022","84028","84040","84044","84045","84049","84094","84096","84098","84104","84111","84116","84117","84126","84134","84137","84146","84149"],"president":"Mike GUESTIN","coordonnateur":"Florence GIANNONE BENOIT","contact":"projet.cpts.nordvaucluse@gmail.com","site":""},"geometry":{"type":"Polygon","coordinates":[[[5.0721,44.1877],[5.0682,44.1862],[5.0676,44.1852],[5.0643,44.1833],[5.0625,44.1816],[5.0596,44.1801],[5.057,44.1821],[5.0543,44.181],[5.0515,44.1803],[5.0492,44.1785],[5.0493,44.1775],[5.0442,44.1758],[5.0413,44.1738],[5.0399,44.1734],[5.0373,44.1713],[5.0363,44.1697],[5.0392,44.1685],[5.0335,44.1651],[5.0301,44.1647],[5.0315,44.1632],[5.0342,44.1618],[5.0362,44.1622],[5.0409,44.1618],[5.0412,44.1614],[5.038,44.1592],[5.0352,44.1585],[5.034,44.1574],[5.0347,44.156],[5.0392,44.1522],[5.0403,44.1464],[5.0414,44.1437],[5.0383,44.144],[5.0341,44.143],[5.0311,44.141],[5.0253,44.1396],[5.024,44.139],[5.0223,44.1369],[5.0201,44.135],[5.0186,44.1352],[5.0155,44.1343],[5.0144,44.1348],[5.0102,44.1354],[5.0075,44.1361],[5.0062,44.1371],[5.0036,44.137],[4.9976,44.1382],[4.9954,44.1383],[4.9924,44.1435],[4.9927,44.1478],[4.9947,44.1504],[4.9958,44.153],[4.9937,44.1568],[4.987,44.1596],[4.9796,44.163],[4.9737,44.1632],[4.9694,44.1626],[4.9687,44.16],[4.969,44.1581],[4.9674,44.1578],[4.9643,44.156],[4.9583,44.1571],[4.9556,44.1538],[4.9528,44.1515],[4.9521,44.1497],[4.9464,44.1499],[4.9406,44.1495],[4.9377,44.1497],[4.9415,44.1519],[4.9381,44.1532],[4.9296,44.151],[4.9285,44.1519],[4.9307,44.1546],[4.9313,44.1576],[4.925,44.1595],[4.9211,44.1601],[4.9206,44.1607],[4.927,44.1613],[4.9323,44.162],[4.9334,44.1658],[4.9337,44.1698],[4.9359,44.1701],[4.9355,44.1733],[4.9323,44.1715],[4.9294,44.1705],[4.9239,44.1724],[4.9212,44.1741],[4.9179,44.1734],[4.9089,44.171],[4.9081,44.1706],[4.8982,44.1746],[4.8897,44.175],[4.8848,44.1712],[4.883,44.1717],[4.8803,44.1714],[4.8728,44.1718],[4.8721,44.1756],[4.8751,44.1767],[4.878,44.1797],[4.8772,44.1802],[4.8762,44.1842],[4.8774,44.1866],[4.8768,44.1898],[4.8784,44.1943],[4.8816,44.1976],[4.8839,44.1986],[4.8836,44.2044],[4.887,44.2044],[4.8908,44.205],[4.8958,44.2052],[4.9011,44.2056],[4.9156,44.2081],[4.915,44.211],[4.9088,44.2141],[4.9058,44.216],[4.9039,44.2163],[4.9014,44.223],[4.9012,44.227],[4.8988,44.2327],[4.898,44.2361],[4.8976,44.2396],[4.898,44.2425],[4.8991,44.2425],[4.9041,44.2449],[4.9102,44.247],[4.9125,44.2464],[4.9179,44.2527],[4.9217,44.2543],[4.9242,44.2528],[4.9264,44.2527],[4.9267,44.2552],[4.9329,44.2621],[4.9377,44.2663],[4.9427,44.269],[4.9501,44.2711],[4.9599,44.2742],[4.9683,44.2778],[4.9713,44.2798],[4.974,44.281],[4.9756,44.2822],[4.9774,44.2825],[4.9814,44.2848],[4.985,44.2859],[4.9895,44.286],[4.9971,44.2856],[4.9999,44.2862],[5.003,44.2861],[5.0055,44.2867],[5.0108,44.2904],[5.0171,44.2927],[5.0212,44.2949],[5.0221,44.2958],[5.0252,44.297],[5.0295,44.2979],[5.0402,44.3001],[5.0429,44.3013],[5.0452,44.3013],[5.048,44.3032],[5.0493,44.3031],[5.0521,44.3044],[5.0557,44.3053],[5.0606,44.3081],[5.0685,44.2998],[5.0681,44.2955],[5.0706,44.2892],[5.0753,44.2861],[5.0765,44.2841],[5.0817,44.2837],[5.0845,44.2826],[5.0865,44.2839],[5.0943,44.2828],[5.0989,44.2818],[5.1041,44.2799],[5.1053,44.2777],[5.108,44.2773],[5.1079,44.2809],[5.1159,44.2843],[5.1192,44.2869],[5.1216,44.288],[5.1237,44.2883],[5.1276,44.29],[5.1318,44.2928],[5.1375,44.2947],[5.14,44.2962],[5.1427,44.2969],[5.1469,44.2992],[5.1499,44.3019],[5.1518,44.3022],[5.1548,44.3019],[5.1548,44.3035],[5.154,44.3059],[5.1506,44.3096],[5.1547,44.3112],[5.1564,44.3114],[5.1601,44.3128],[5.1664,44.3149],[5.1688,44.3141],[5.1699,44.3132],[5.1709,44.3098],[5.1731,44.3095],[5.1737,44.3084],[5.1725,44.3056],[5.1704,44.3039],[5.1693,44.3013],[5.1701,44.2987],[5.1686,44.296],[5.1689,44.2936],[5.1681,44.2899],[5.1616,44.2891],[5.1612,44.2874],[5.1587,44.286],[5.1546,44.285],[5.1535,44.2838],[5.1497,44.2821],[5.1483,44.28],[5.1471,44.2756],[5.1468,44.2718],[5.148,44.2709],[5.1475,44.2692],[5.1487,44.2694],[5.152,44.2681],[5.1548,44.2675],[5.1604,44.2669],[5.1607,44.2666],[5.1597,44.2623],[5.1602,44.2589],[5.16,44.2572],[5.1624,44.255],[5.1618,44.2535],[5.1622,44.2505],[5.1616,44.2456],[5.1581,44.2422],[5.1528,44.2383],[5.1518,44.2383],[5.1495,44.2353],[5.1532,44.233],[5.1554,44.2334],[5.1549,44.2309],[5.1581,44.2288],[5.1609,44.2298],[5.1617,44.2275],[5.1638,44.2265],[5.1656,44.2247],[5.1679,44.2253],[5.1611,44.2161],[5.1589,44.2152],[5.1569,44.2117],[5.1551,44.2098],[5.1522,44.2077],[5.1486,44.2075],[5.1461,44.2043],[5.1447,44.2038],[5.1391,44.2074],[5.1342,44.2047],[5.1297,44.2017],[5.128,44.2015],[5.1233,44.2039],[5.1191,44.2066],[5.1151,44.2075],[5.1083,44.2094],[5.1066,44.2084],[5.1061,44.2072],[5.1034,44.2066],[5.101,44.2054],[5.1005,44.204],[5.0983,44.203],[5.0964,44.1991],[5.0928,44.1949],[5.0926,44.1938],[5.0908,44.192],[5.0866,44.1918],[5.0785,44.1919],[5.0773,44.1934],[5.0738,44.1916],[5.0717,44.1919],[5.0683,44.19],[5.0721,44.1877]]]}},{"type":"Feature","properties":{"nom":"CPTS Hauts pays du Verdon et Monts d'Azur","statut":"","communes":["04005","04006","04007","04022","04025","04030","04039","04059","04061","04069","04092","04099","04133","04136","04148","04171","04173","04180","04183","04187","04204","04210","04214","04218","04219","04236","04240","06003","06024","06028","06116","06134","06154","83020","83022","83040","83074","83142"],"president":"Nathalie BLANC","coordonnateur":"Vincent Kaskarian","contact":"cptschpv@gmail.com","site":"cpts-hpvma.site-sante.fr"},"geometry":{"type":"Polygon","coordinates":[[[6.5349,43.7573],[6.5313,43.7565],[6.5252,43.7558],[6.522,43.7544],[6.5164,43.7553],[6.5139,43.7562],[6.5126,43.7537],[6.5084,43.7512],[6.5059,43.751],[6.5025,43.7513],[6.5012,43.7505],[6.4947,43.7523],[6.4926,43.7516],[6.4869,43.7441],[6.4831,43.7408],[6.4826,43.7393],[6.4802,43.7365],[6.476,43.7334],[6.4735,43.73],[6.4703,43.7289],[6.4677,43.7261],[6.4637,43.7241],[6.4607,43.7209],[6.4584,43.7197],[6.4566,43.7166],[6.4549,43.7151],[6.4516,43.7148],[6.4489,43.7138],[6.4478,43.7126],[6.4484,43.7094],[6.4477,43.7069],[6.4475,43.704],[6.448,43.7017],[6.4469,43.6984],[6.4464,43.6923],[6.447,43.6915],[6.4474,43.6868],[6.4471,43.6841],[6.4449,43.6797],[6.4452,43.6777],[6.4417,43.6757],[6.4375,43.6752],[6.4366,43.6759],[6.4372,43.6784],[6.436,43.6804],[6.4334,43.6815],[6.4308,43.6815],[6.4298,43.6833],[6.4264,43.6855],[6.4251,43.6857],[6.4214,43.6883],[6.4208,43.6898],[6.4194,43.6904],[6.4172,43.6897],[6.4155,43.6911],[6.4118,43.6964],[6.4119,43.6977],[6.4084,43.7016],[6.4035,43.7053],[6.4015,43.7094],[6.3998,43.7104],[6.4011,43.7124],[6.4001,43.7146],[6.4007,43.7158],[6.397,43.718],[6.395,43.7177],[6.3938,43.7183],[6.3944,43.7212],[6.3936,43.723],[6.3909,43.725],[6.3864,43.7259],[6.3856,43.728],[6.3882,43.7311],[6.3883,43.7334],[6.3835,43.7344],[6.38,43.7352],[6.3799,43.7377],[6.3787,43.7398],[6.3801,43.7408],[6.3785,43.7427],[6.3783,43.7454],[6.3787,43.75],[6.3786,43.7522],[6.3794,43.7561],[6.3789,43.7588],[6.3795,43.7597],[6.38,43.7633],[6.3814,43.7677],[6.3837,43.7698],[6.3841,43.771],[6.3872,43.7722],[6.3885,43.7736],[6.39,43.777],[6.3914,43.778],[6.3909,43.779],[6.3927,43.7817],[6.3929,43.7839],[6.3939,43.7856],[6.3955,43.787],[6.3959,43.7885],[6.3938,43.79],[6.389,43.7905],[6.3856,43.7896],[6.3814,43.7904],[6.3801,43.7915],[6.375,43.7928],[6.3721,43.794],[6.3698,43.796],[6.3667,43.7963],[6.3678,43.8019],[6.3686,43.8026],[6.3669,43.8041],[6.3643,43.805],[6.3605,43.8037],[6.36,43.803],[6.3574,43.8028],[6.3539,43.8042],[6.3521,43.8053],[6.3489,43.8082],[6.3489,43.8108],[6.3467,43.8124],[6.3472,43.8151],[6.3494,43.8156],[6.3518,43.8182],[6.3514,43.8209],[6.3522,43.8218],[6.3558,43.824],[6.356,43.8253],[6.3583,43.8272],[6.3586,43.8287],[6.3537,43.8288],[6.3483,43.8313],[6.3467,43.833],[6.345,43.8339],[6.347,43.8376],[6.3487,43.8374],[6.3505,43.8394],[6.3514,43.8411],[6.3488,43.8433],[6.3444,43.844],[6.3395,43.8468],[6.3384,43.8478],[6.3377,43.8498],[6.3369,43.8548],[6.3371,43.8577],[6.3307,43.8583],[6.3276,43.8596],[6.3266,43.8614],[6.3248,43.8629],[6.3197,43.864],[6.3158,43.8654],[6.3152,43.8665],[6.315,43.8671],[6.3076,43.8737],[6.3082,43.879],[6.3092,43.8827],[6.3082,43.8839],[6.309,43.8854],[6.3085,43.8873],[6.3072,43.8888],[6.3138,43.895],[6.3166,43.9019],[6.3217,43.9065],[6.3231,43.9087],[6.3222,43.9113],[6.32,43.9127],[6.3184,43.9149],[6.3147,43.9173],[6.3141,43.9192],[6.3155,43.9203],[6.313,43.9219],[6.3076,43.9223],[6.3053,43.9232],[6.3013,43.9232],[6.298,43.9225],[6.297,43.9234],[6.295,43.9222],[6.2917,43.9214],[6.2906,43.9206],[6.2854,43.9231],[6.2827,43.923],[6.2815,43.924],[6.2779,43.9241],[6.2768,43.9226],[6.2717,43.9207],[6.2713,43.9215],[6.2683,43.9208],[6.2653,43.9207],[6.2635,43.9189],[6.2604,43.9204],[6.259,43.9201],[6.257,43.9218],[6.2575,43.923],[6.2558,43.9235],[6.2558,43.9256],[6.2516,43.9289],[6.2453,43.9419],[6.2457,43.944],[6.2529,43.9501],[6.2563,43.9521],[6.256,43.9533],[6.254,43.955],[6.2568,43.9552],[6.2588,43.9544],[6.2598,43.9549],[6.2578,43.9568],[6.2576,43.9583],[6.2562,43.9602],[6.2533,43.9622],[6.2583,43.9674],[6.2591,43.9695],[6.2578,43.9717],[6.2569,43.9745],[6.2572,43.9769],[6.2614,43.9748],[6.2629,43.9745],[6.2646,43.9766],[6.2683,43.9759],[6.2686,43.9723],[6.2698,43.9706],[6.2752,43.9718],[6.2795,43.9719],[6.2835,43.9743],[6.2856,43.9747],[6.2855,43.9765],[6.2888,43.9772],[6.2886,43.974],[6.2917,43.9716],[6.2938,43.9705],[6.2941,43.9692],[6.2983,43.9654],[6.3007,43.9646],[6.3023,43.9633],[6.3048,43.9627],[6.3061,43.9605],[6.3075,43.9595],[6.3086,43.957],[6.3081,43.9558],[6.3099,43.9539],[6.3115,43.951],[6.3117,43.9468],[6.3137,43.9438],[6.3159,43.9421],[6.3165,43.9382],[6.3187,43.9373],[6.3205,43.9408],[6.33,43.9414],[6.3293,43.9431],[6.3295,43.9456],[6.3305,43.9488],[6.3327,43.9499],[6.3333,43.9529],[6.332,43.9565],[6.3294,43.9609],[6.3365,43.9616],[6.3392,43.9643],[6.3409,43.9642],[6.343,43.9669],[6.3466,43.9706],[6.3484,43.9705],[6.3551,43.9716],[6.3573,43.9715],[6.3535,43.9733],[6.3511,43.9738],[6.3541,43.9757],[6.3553,43.977],[6.3544,43.9792],[6.3566,43.9803],[6.3576,43.9826],[6.3617,43.9836],[6.3638,43.9851],[6.3636,43.9868],[6.3643,43.9885],[6.3567,43.9938],[6.3565,43.9948],[6.3515,43.9976],[6.3487,43.9987],[6.3408,44.0039],[6.3394,44.0052],[6.3336,44.0076],[6.3321,44.0089],[6.3278,44.011],[6.326,44.0125],[6.3233,44.0155],[6.3228,44.0171],[6.3209,44.0191],[6.3198,44.0215],[6.3198,44.023],[6.3172,44.0275],[6.3185,44.0303],[6.3189,44.0329],[6.3198,44.0344],[6.3208,44.0392],[6.3221,44.042],[6.3227,44.0444],[6.3239,44.0465],[6.3247,44.0489],[6.3286,44.0527],[6.3296,44.0545],[6.3293,44.0558],[6.3288,44.058],[6.3303,44.0628],[6.333,44.0665],[6.3333,44.0684],[6.3347,44.07],[6.3354,44.0722],[6.3371,44.0744],[6.339,44.0788],[6.3391,44.0812],[6.3401,44.0848],[6.3401,44.093],[6.3409,44.0947],[6.3421,44.0974],[6.3449,44.0992],[6.3496,44.0999],[6.3506,44.1015],[6.3535,44.1042],[6.3562,44.1056],[6.359,44.1058],[6.3631,44.1069],[6.3623,44.1104],[6.364,44.1098],[6.3667,44.1101],[6.3688,44.1091],[6.3705,44.1099],[6.3751,44.1103],[6.3777,44.1101],[6.3812,44.1116],[6.3835,44.1101],[6.3853,44.1074],[6.3864,44.1069],[6.39,44.107],[6.3936,44.1082],[6.3973,44.1097],[6.4012,44.1108],[6.405,44.1113],[6.4072,44.1128],[6.4123,44.1132],[6.4169,44.1142],[6.4184,44.1141],[6.4194,44.115],[6.4216,44.1194],[6.4214,44.1219],[6.4226,44.1256],[6.4235,44.1262],[6.4234,44.1289],[6.4263,44.1316],[6.4279,44.1337],[6.4289,44.1339],[6.4318,44.133],[6.4347,44.1339],[6.4362,44.1348],[6.4392,44.1347],[6.4416,44.1335],[6.4445,44.1331],[6.4496,44.133],[6.4526,44.1338],[6.4566,44.1354],[6.4582,44.1368],[6.4618,44.1369],[6.4657,44.1383],[6.4674,44.1395],[6.4738,44.1418],[6.4792,44.1446],[6.4819,44.147],[6.4836,44.1479],[6.4846,44.1522],[6.486,44.1541],[6.4867,44.1584],[6.4892,44.1614],[6.4891,44.1627],[6.4913,44.1634],[6.4935,44.1648],[6.4983,44.1671],[6.4993,44.1681],[6.4989,44.1726],[6.5016,44.1743],[6.5033,44.1741],[6.5044,44.1757],[6.5065,44.1769],[6.5091,44.1776],[6.5163,44.1784],[6.521,44.1803],[6.524,44.1794],[6.5268,44.1792],[6.5335,44.185],[6.5344,44.187],[6.5366,44.1889],[6.5375,44.1904],[6.5363,44.1936],[6.5365,44.1955],[6.5356,44.1984],[6.533,44.2011],[6.5328,44.2038],[6.5333,44.2057],[6.535,44.2086],[6.5369,44.2106],[6.5343,44.215],[6.5359,44.2186],[6.537,44.2198],[6.5362,44.222],[6.5375,44.2241],[6.5368,44.2258],[6.5365,44.2308],[6.5347,44.2324],[6.5353,44.2333],[6.5407,44.2363],[6.5416,44.2377],[6.5449,44.2422],[6.5441,44.2459],[6.5434,44.247],[6.541,44.2482],[6.5405,44.2503],[6.5424,44.2531],[6.5414,44.2544],[6.5409,44.2566],[6.5416,44.2589],[6.5432,44.2596],[6.5434,44.2609],[6.5449,44.263],[6.5461,44.2636],[6.5468,44.2657],[6.5457,44.2683],[6.5424,44.272],[6.5397,44.2735],[6.54,44.2761],[6.5362,44.2821],[6.5366,44.2839],[6.5343,44.2858],[6.5326,44.2881],[6.534,44.2892],[6.5352,44.2932],[6.5351,44.2969],[6.5361,44.2991],[6.5347,44.3011],[6.5345,44.3035],[6.5384,44.3056],[6.5398,44.3083],[6.5396,44.3138],[6.5426,44.3165],[6.5424,44.321],[6.5453,44.3233],[6.548,44.3224],[6.552,44.3199],[6.5556,44.3188],[6.5588,44.319],[6.5598,44.3176],[6.5629,44.3152],[6.5663,44.3145],[6.5698,44.3145],[6.5725,44.312],[6.5782,44.3126],[6.5819,44.3104],[6.5835,44.3088],[6.5878,44.3067],[6.5898,44.3047],[6.5899,44.3028],[6.5929,44.2998],[6.5938,44.2976],[6.5933,44.2954],[6.5917,44.2944],[6.5914,44.2926],[6.597,44.2905],[6.599,44.2889],[6.6019,44.2877],[6.6048,44.2875],[6.6085,44.2889],[6.6119,44.2897],[6.613,44.291],[6.6147,44.2916],[6.6168,44.2937],[6.6188,44.2942],[6.6234,44.2979],[6.6263,44.297],[6.6285,44.2952],[6.6336,44.2921],[6.6373,44.2907],[6.6423,44.2919],[6.644,44.2934],[6.6465,44.2938],[6.6491,44.2957],[6.6536,44.2945],[6.6568,44.2925],[6.6581,44.291],[6.6615,44.2924],[6.6654,44.2935],[6.6667,44.2943],[6.67,44.2946],[6.6746,44.2937],[6.6774,44.2952],[6.6798,44.2938],[6.6853,44.2936],[6.6863,44.2925],[6.6902,44.2921],[6.6954,44.2901],[6.7026,44.2902],[6.7046,44.2906],[6.7074,44.2866],[6.7082,44.2838],[6.7099,44.2819],[6.7102,44.2788],[6.7091,44.2774],[6.7082,44.2748],[6.7044,44.2724],[6.7048,44.2697],[6.7039,44.2678],[6.7041,44.2656],[6.7069,44.2643],[6.709,44.2643],[6.7129,44.2628],[6.7206,44.2633],[6.7229,44.2642],[6.7246,44.2623],[6.7218,44.2592],[6.7237,44.2561],[6.7272,44.254],[6.7283,44.2526],[6.724,44.2498],[6.7244,44.2471],[6.7255,44.2457],[6.7258,44.2423],[6.7238,44.2397],[6.7235,44.2373],[6.7217,44.2345],[6.722,44.2332],[6.7244,44.2328],[6.7258,44.2304],[6.7249,44.2287],[6.725,44.2263],[6.7229,44.2252],[6.7183,44.222],[6.7182,44.2203],[6.7141,44.2182],[6.7146,44.2159],[6.7166,44.2146],[6.7183,44.2107],[6.7176,44.2082],[6.7167,44.2075],[6.7161,44.2052],[6.7134,44.2049],[6.7118,44.2032],[6.7064,44.2014],[6.7052,44.1977],[6.7049,44.1954],[6.7031,44.1938],[6.701,44.1933],[6.6981,44.1898],[6.6985,44.1885],[6.7028,44.1844],[6.702,44.1817],[6.7021,44.1788],[6.7012,44.1775],[6.6993,44.1757],[6.6939,44.1734],[6.6923,44.1734],[6.6911,44.1715],[6.6893,44.1709],[6.6881,44.1695],[6.6865,44.1692],[6.6871,44.1672],[6.6882,44.1658],[6.6933,44.1611],[6.7,44.1566],[6.6993,44.1542],[6.6982,44.1523],[6.6992,44.1512],[6.698,44.1494],[6.702,44.1475],[6.7046,44.1449],[6.7073,44.1444],[6.7079,44.1421],[6.7045,44.1403],[6.7043,44.136],[6.7053,44.1317],[6.7072,44.1297],[6.7069,44.1277],[6.7076,44.1245],[6.7115,44.1213],[6.7168,44.1205],[6.7186,44.1194],[6.7191,44.1183],[6.7166,44.1176],[6.713,44.116],[6.7141,44.114],[6.7146,44.1112],[6.7133,44.1069],[6.7101,44.1043],[6.708,44.1004],[6.7052,44.0963],[6.7006,44.0958],[6.7003,44.0964],[6.6972,44.0918],[6.6993,44.0903],[6.7004,44.0888],[6.7009,44.0854],[6.6989,44.0839],[6.6977,44.0863],[6.6957,44.0872],[6.6934,44.0895],[6.6911,44.0885],[6.6886,44.088],[6.6888,44.0854],[6.6864,44.0845],[6.686,44.0813],[6.6883,44.0796],[6.6893,44.0762],[6.6908,44.0726],[6.6865,44.0764],[6.6852,44.0781],[6.6816,44.0786],[6.6772,44.0775],[6.6759,44.0765],[6.6744,44.0698],[6.6752,44.0677],[6.6725,44.0673],[6.6713,44.0654],[6.6705,44.0627],[6.671,44.0614],[6.6661,44.0599],[6.6611,44.0589],[6.6598,44.0581],[6.6586,44.0562],[6.657,44.056],[6.6544,44.0543],[6.6516,44.055],[6.6483,44.0549],[6.648,44.0557],[6.6438,44.0562],[6.6398,44.0578],[6.6385,44.0599],[6.6365,44.0591],[6.6328,44.0589],[6.6298,44.0601],[6.628,44.0596],[6.6284,44.0576],[6.6272,44.0569],[6.6242,44.0564],[6.6209,44.0566],[6.6178,44.0564],[6.6162,44.0551],[6.6164,44.0535],[6.6136,44.0504],[6.6143,44.0467],[6.6136,44.0452],[6.614,44.0428],[6.6133,44.0418],[6.6136,44.0392],[6.6113,44.0379],[6.6065,44.038],[6.6039,44.0373],[6.6005,44.0377],[6.5975,44.0371],[6.5951,44.0358],[6.59,44.0302],[6.589,44.0235],[6.5921,44.0186],[6.5978,44.0144],[6.5999,44.0135],[6.6019,44.0114],[6.6025,44.0097],[6.6047,44.0095],[6.6077,44.0077],[6.6104,44.0031],[6.6108,44.0017],[6.6132,43.9991],[6.6152,43.9987],[6.6184,43.9963],[6.6189,43.9924],[6.6202,43.9907],[6.6204,43.9868],[6.6225,43.9845],[6.6235,43.9837],[6.6242,43.9811],[6.6269,43.9785],[6.6267,43.9755],[6.6273,43.9734],[6.629,43.9707],[6.6325,43.9672],[6.6334,43.9647],[6.6327,43.9597],[6.6287,43.9583],[6.6281,43.9562],[6.6282,43.954],[6.6345,43.9521],[6.6371,43.952],[6.6397,43.9499],[6.6425,43.947],[6.6437,43.9437],[6.6449,43.9426],[6.6436,43.9399],[6.6416,43.934],[6.6439,43.9298],[6.6448,43.9315],[6.6466,43.9322],[6.6494,43.9322],[6.6506,43.9328],[6.6556,43.93],[6.6578,43.9295],[6.6534,43.929],[6.6488,43.9279],[6.6474,43.9224],[6.6481,43.92],[6.6482,43.9177],[6.6501,43.9148],[6.6507,43.9118],[6.6504,43.9097],[6.6511,43.9073],[6.651,43.9028],[6.6495,43.9004],[6.6475,43.8989],[6.6445,43.8976],[6.6377,43.8954],[6.6361,43.8942],[6.6351,43.8919],[6.6402,43.8849],[6.6415,43.8793],[6.646,43.88],[6.6479,43.8806],[6.6505,43.8822],[6.6558,43.8826],[6.6608,43.8833],[6.664,43.8852],[6.6685,43.8866],[6.6707,43.8877],[6.6726,43.8884],[6.68,43.8863],[6.6851,43.8857],[6.6893,43.8845],[6.6925,43.8843],[6.6991,43.8833],[6.7023,43.8823],[6.7063,43.8819],[6.7121,43.8808],[6.7165,43.8796],[6.7181,43.879],[6.7264,43.8772],[6.7318,43.8752],[6.7354,43.8743],[6.7441,43.8728],[6.7456,43.8721],[6.7484,43.8717],[6.7531,43.8728],[6.7562,43.8748],[6.7579,43.8767],[6.7629,43.8771],[6.7698,43.8782],[6.7729,43.8792],[6.7758,43.8808],[6.779,43.8837],[6.7816,43.8835],[6.783,43.8828],[6.7866,43.883],[6.7866,43.8809],[6.7892,43.8813],[6.7908,43.8787],[6.7919,43.8762],[6.7889,43.868],[6.7891,43.8663],[6.7911,43.8631],[6.7897,43.8605],[6.792,43.8564],[6.7914,43.8533],[6.7925,43.8488],[6.7945,43.8431],[6.7964,43.843],[6.8029,43.8415],[6.8057,43.8413],[6.8056,43.8394],[6.8043,43.8394],[6.8001,43.8381],[6.7977,43.8359],[6.7972,43.834],[6.798,43.8333],[6.7971,43.8305],[6.7971,43.829],[6.7997,43.8254],[6.8024,43.8239],[6.8002,43.8223],[6.8017,43.8209],[6.8037,43.8202],[6.805,43.8163],[6.8031,43.8141],[6.8023,43.8121],[6.8091,43.8133],[6.8127,43.8144],[6.8158,43.8145],[6.8185,43.8155],[6.8214,43.8156],[6.8248,43.815],[6.8328,43.815],[6.8361,43.8162],[6.844,43.8163],[6.847,43.8168],[6.8515,43.8184],[6.8541,43.8201],[6.859,43.8199],[6.8589,43.8185],[6.8598,43.8147],[6.8593,43.8057],[6.86,43.8019],[6.8602,43.7987],[6.8592,43.7905],[6.8585,43.788],[6.8585,43.7844],[6.8594,43.7831],[6.8608,43.7821],[6.8611,43.7793],[6.8594,43.7796],[6.8547,43.7787],[6.8551,43.7753],[6.857,43.7737],[6.8578,43.7691],[6.8578,43.7646],[6.8594,43.7617],[6.8611,43.7604],[6.8612,43.7592],[6.8639,43.7569],[6.8654,43.755],[6.8666,43.7519],[6.8678,43.7498],[6.8692,43.7488],[6.8688,43.7464],[6.868,43.7456],[6.873,43.738],[6.8727,43.7351],[6.8719,43.7342],[6.8673,43.7372],[6.8651,43.7364],[6.8604,43.7356],[6.8588,43.735],[6.8535,43.735],[6.8528,43.7337],[6.8512,43.7337],[6.8453,43.732],[6.8404,43.7309],[6.8332,43.7342],[6.8226,43.7375],[6.82,43.7398],[6.8156,43.7428],[6.8105,43.7448],[6.8073,43.748],[6.8062,43.7494],[6.8022,43.7487],[6.798,43.7473],[6.795,43.7467],[6.7882,43.7468],[6.7844,43.7478],[6.7799,43.7491],[6.7762,43.7508],[6.773,43.7516],[6.7707,43.7516],[6.768,43.7506],[6.7648,43.7485],[6.758,43.7492],[6.7543,43.751],[6.7483,43.7509],[6.7431,43.7534],[6.7409,43.7507],[6.7407,43.7497],[6.7374,43.7478],[6.7354,43.746],[6.7325,43.7448],[6.7258,43.7435],[6.722,43.7424],[6.7203,43.7413],[6.7185,43.7413],[6.7161,43.7405],[6.7125,43.7404],[6.7139,43.746],[6.7086,43.7481],[6.7072,43.75],[6.7014,43.7541],[6.6969,43.7552],[6.6929,43.7551],[6.6873,43.7571],[6.6827,43.7579],[6.6788,43.7571],[6.6758,43.7543],[6.6707,43.7515],[6.6663,43.7506],[6.6642,43.7493],[6.6608,43.7479],[6.6574,43.7487],[6.6576,43.75],[6.6555,43.7542],[6.6556,43.7567],[6.655,43.7599],[6.6521,43.7655],[6.6481,43.7672],[6.6418,43.7682],[6.6398,43.7661],[6.6356,43.7661],[6.6287,43.7672],[6.6274,43.767],[6.6262,43.7655],[6.625,43.7658],[6.6222,43.7621],[6.622,43.7592],[6.6197,43.7581],[6.6129,43.7508],[6.6114,43.7486],[6.608,43.7491],[6.6034,43.7476],[6.5986,43.7456],[6.5856,43.7438],[6.5845,43.7434],[6.581,43.7456],[6.5725,43.7473],[6.5692,43.7484],[6.5641,43.751],[6.5649,43.7543],[6.5621,43.7549],[6.5604,43.7537],[6.5566,43.7529],[6.5547,43.7507],[6.5517,43.7485],[6.5484,43.7478],[6.5469,43.7469],[6.5405,43.7483],[6.5394,43.7474],[6.5373,43.7497],[6.5369,43.7531],[6.5377,43.7552],[6.5349,43.7573]]]}},{"type":"Feature","properties":{"nom":"CPTS Hyères et des Iles d'Or","statut":"","communes":["83069"],"president":"Dr Guillaume MOUCHOTTE","coordonnateur":"Alvina GUILLE","contact":"cptsdesilesdor@gmail.com","site":"cpts-hyeresetilesdor.fr"},"geometry":{"type":"MultiPolygon","coordinates":[[[[6.4372,43.0218],[6.4372,43.023],[6.4406,43.0251],[6.4458,43.0249],[6.4482,43.0256],[6.4513,43.0276],[6.4527,43.0273],[6.454,43.0258],[6.4563,43.0276],[6.4579,43.0276],[6.4596,43.0298],[6.4605,43.0301],[6.4617,43.0335],[6.461,43.0352],[6.4624,43.0365],[6.4624,43.0376],[6.4667,43.0414],[6.468,43.0441],[6.4707,43.0454],[6.4728,43.0457],[6.4733,43.0469],[6.4758,43.0472],[6.4781,43.0479],[6.4808,43.0481],[6.4836,43.0474],[6.4854,43.0479],[6.4872,43.0491],[6.4891,43.0487],[6.492,43.0498],[6.4928,43.0493],[6.4956,43.0506],[6.4969,43.0502],[6.4987,43.0513],[6.5012,43.0516],[6.5046,43.0535],[6.5084,43.0522],[6.5077,43.0485],[6.5079,43.0476],[6.5107,43.0479],[6.5113,43.0468],[6.5036,43.0426],[6.5005,43.0431],[6.4996,43.0425],[6.4953,43.0428],[6.4942,43.0433],[6.492,43.0412],[6.4891,43.0429],[6.4875,43.0427],[6.4874,43.0407],[6.4849,43.0401],[6.4843,43.037],[6.4804,43.032],[6.4801,43.0303],[6.4776,43.0279],[6.4728,43.0251],[6.473,43.0207],[6.471,43.0166],[6.4675,43.0175],[6.4648,43.0151],[6.4609,43.0137],[6.459,43.0138],[6.4545,43.0156],[6.4523,43.0171],[6.4504,43.0174],[6.4486,43.0131],[6.4459,43.0109],[6.4453,43.0088],[6.4405,43.0059],[6.4383,43.0036],[6.4355,43.0053],[6.4337,43.0069],[6.4335,43.0091],[6.4326,43.0107],[6.4345,43.0124],[6.4342,43.0147],[6.4348,43.0155],[6.4337,43.0172],[6.4336,43.0192],[6.4372,43.0218]]],[[[6.3908,42.9951],[6.3899,42.9974],[6.3879,42.9981],[6.3855,42.9981],[6.3816,42.9973],[6.3805,42.9976],[6.3745,42.9969],[6.3735,42.9957],[6.372,42.9982],[6.37,42.9987],[6.3703,43.0008],[6.3727,43.0017],[6.3724,43.0034],[6.3745,43.0041],[6.3748,43.0053],[6.3766,43.0051],[6.377,43.0074],[6.3802,43.0078],[6.3829,43.0064],[6.3835,43.0074],[6.3826,43.0095],[6.3804,43.0099],[6.3827,43.0123],[6.387,43.013],[6.391,43.0115],[6.3926,43.0125],[6.3926,43.014],[6.3951,43.0135],[6.3986,43.0151],[6.4004,43.0149],[6.4015,43.0167],[6.4027,43.0155],[6.405,43.0174],[6.4075,43.0177],[6.4089,43.0192],[6.4102,43.0183],[6.4096,43.0167],[6.4128,43.017],[6.4142,43.0156],[6.4124,43.0138],[6.4115,43.0112],[6.4116,43.0096],[6.4129,43.0089],[6.4146,43.0094],[6.4168,43.0117],[6.4199,43.0138],[6.4201,43.0118],[6.4176,43.0072],[6.4155,43.0058],[6.4135,43.0032],[6.4097,43.0016],[6.4093,42.9998],[6.4069,42.9972],[6.4028,42.9944],[6.4005,42.9948],[6.3984,42.9942],[6.3971,42.9928],[6.3949,42.9933],[6.3946,42.9952],[6.3908,42.9951]]],[[[6.3951,42.9893],[6.3968,42.9891],[6.395,42.9869],[6.3939,42.9884],[6.3951,42.9893]]],[[[6.3592,43.0089],[6.3606,43.0119],[6.36,43.0151],[6.3615,43.0162],[6.3617,43.0174],[6.3684,43.0181],[6.3676,43.0151],[6.3648,43.0134],[6.3637,43.0099],[6.3646,43.006],[6.3638,43.004],[6.3624,43.0046],[6.3615,43.0063],[6.3592,43.0089]]],[[[6.2484,43.0134],[6.2493,43.0125],[6.2489,43.0084],[6.2505,43.0076],[6.2507,43.0056],[6.2523,43.0038],[6.2494,43.0025],[6.2508,42.9997],[6.2471,42.9975],[6.245,42.9973],[6.2436,42.9983],[6.241,42.9978],[6.2386,42.9969],[6.2374,42.9973],[6.235,42.9951],[6.234,42.996],[6.2321,42.9961],[6.2307,42.9933],[6.2291,42.9934],[6.2271,42.9923],[6.2256,42.9926],[6.2231,42.9914],[6.2207,42.9917],[6.2208,42.9901],[6.2191,42.9899],[6.2167,42.9912],[6.2145,42.9897],[6.2129,42.9868],[6.2088,42.9852],[6.2091,42.9844],[6.2056,42.9818],[6.2047,42.9824],[6.1999,42.982],[6.1959,42.9834],[6.1951,42.9853],[6.1972,42.9863],[6.1972,42.9876],[6.1941,42.9887],[6.1943,42.9899],[6.1922,42.9908],[6.1904,42.9907],[6.1883,42.9919],[6.1828,42.9932],[6.1809,42.9939],[6.1788,42.9935],[6.1786,42.9949],[6.1774,42.9959],[6.1742,42.9962],[6.1734,42.9956],[6.1709,42.9968],[6.1698,42.9966],[6.1693,42.9994],[6.1671,42.9998],[6.167,42.9983],[6.1627,42.9979],[6.1613,42.9989],[6.1625,42.9999],[6.1609,43.0011],[6.162,43.0018],[6.1658,43.0005],[6.1691,43.0013],[6.1688,43.0037],[6.1704,43.0062],[6.1745,43.0075],[6.1769,43.0065],[6.1774,43.0081],[6.1796,43.0086],[6.181,43.0078],[6.1847,43.0085],[6.1858,43.0052],[6.1882,43.0039],[6.1933,43.0049],[6.1939,43.0036],[6.1972,43.0031],[6.1977,43.001],[6.2008,43.0005],[6.2024,43.0013],[6.2034,43.0031],[6.2065,43.0028],[6.2076,43.0016],[6.2117,43.0026],[6.2139,43.004],[6.2161,43.0074],[6.2173,43.0082],[6.2178,43.0102],[6.2161,43.0121],[6.2184,43.0121],[6.2209,43.0128],[6.2226,43.0126],[6.223,43.0109],[6.2249,43.0113],[6.2275,43.0111],[6.2282,43.0097],[6.2306,43.01],[6.234,43.0117],[6.2362,43.0142],[6.2369,43.0164],[6.2363,43.0185],[6.2388,43.0213],[6.2392,43.0243],[6.2423,43.0255],[6.2419,43.0228],[6.2441,43.02],[6.2474,43.0185],[6.2487,43.0165],[6.2484,43.0134]]],[[[6.1072,43.0909],[6.1066,43.0932],[6.1068,43.0964],[6.1049,43.0978],[6.1019,43.0983],[6.0997,43.1004],[6.0966,43.1027],[6.0956,43.1052],[6.0929,43.1058],[6.0881,43.1079],[6.0863,43.1082],[6.0846,43.1094],[6.0836,43.1112],[6.0809,43.1141],[6.0799,43.1145],[6.082,43.1174],[6.0814,43.1204],[6.0845,43.1219],[6.0859,43.1255],[6.0857,43.1263],[6.0806,43.1282],[6.0818,43.1305],[6.0818,43.1317],[6.0832,43.1337],[6.0848,43.1345],[6.0872,43.1365],[6.0916,43.1365],[6.0976,43.1352],[6.0997,43.1377],[6.1037,43.1376],[6.1056,43.1367],[6.1098,43.1367],[6.1136,43.1359],[6.1174,43.1383],[6.1198,43.1431],[6.1169,43.148],[6.119,43.1494],[6.121,43.1493],[6.1203,43.151],[6.1263,43.1523],[6.1276,43.1521],[6.1279,43.1544],[6.1247,43.1591],[6.1227,43.1604],[6.1203,43.1609],[6.1167,43.163],[6.1151,43.1646],[6.1103,43.1664],[6.1092,43.1675],[6.1088,43.1699],[6.1102,43.1721],[6.1094,43.178],[6.1105,43.1842],[6.1115,43.1863],[6.1141,43.1881],[6.1155,43.1898],[6.1184,43.1896],[6.1202,43.1902],[6.1231,43.1922],[6.1268,43.194],[6.1288,43.1986],[6.1303,43.201],[6.1324,43.2056],[6.1347,43.2069],[6.1364,43.2068],[6.1437,43.2052],[6.1456,43.2032],[6.1499,43.205],[6.1518,43.2054],[6.1559,43.2039],[6.1599,43.204],[6.1632,43.2026],[6.1607,43.2014],[6.1605,43.2003],[6.1586,43.1978],[6.1604,43.196],[6.1614,43.1942],[6.1641,43.1923],[6.1684,43.1919],[6.1688,43.1884],[6.1704,43.1875],[6.1721,43.1878],[6.1743,43.1873],[6.1775,43.186],[6.1805,43.1867],[6.1819,43.1864],[6.1841,43.1838],[6.1866,43.1794],[6.1871,43.1778],[6.1906,43.1767],[6.1932,43.1735],[6.1934,43.1722],[6.195,43.1693],[6.1965,43.1701],[6.1984,43.1682],[6.2039,43.1623],[6.2038,43.1615],[6.2007,43.1592],[6.198,43.1563],[6.2001,43.1539],[6.205,43.1502],[6.2023,43.148],[6.2014,43.1456],[6.2027,43.1439],[6.2019,43.1409],[6.1993,43.138],[6.1992,43.1371],[6.1964,43.1364],[6.1943,43.1344],[6.1963,43.1319],[6.1952,43.1289],[6.1951,43.1254],[6.2018,43.125],[6.2116,43.1247],[6.2178,43.125],[6.2245,43.123],[6.2276,43.1209],[6.2302,43.1198],[6.234,43.1195],[6.2357,43.1138],[6.2343,43.113],[6.2302,43.1132],[6.2221,43.1145],[6.2184,43.1146],[6.2114,43.1161],[6.2081,43.1164],[6.2021,43.1154],[6.201,43.1161],[6.1958,43.1135],[6.192,43.1099],[6.184,43.1085],[6.1818,43.1078],[6.1785,43.1057],[6.1738,43.1008],[6.1724,43.1009],[6.1704,43.0998],[6.1682,43.0976],[6.1656,43.0943],[6.1604,43.0893],[6.1592,43.0869],[6.16,43.0857],[6.1581,43.0849],[6.1583,43.0829],[6.1569,43.0824],[6.1563,43.08],[6.1547,43.0798],[6.1543,43.0762],[6.1534,43.0755],[6.1531,43.0719],[6.1515,43.0676],[6.1512,43.0656],[6.1503,43.0645],[6.1494,43.0566],[6.1493,43.0516],[6.15,43.0459],[6.152,43.0372],[6.1532,43.0352],[6.1562,43.035],[6.1571,43.0344],[6.1614,43.034],[6.1694,43.035],[6.1692,43.0329],[6.1658,43.0319],[6.1654,43.0311],[6.1603,43.0301],[6.1588,43.0291],[6.1548,43.0274],[6.1537,43.0282],[6.1505,43.0279],[6.1488,43.0259],[6.1468,43.0276],[6.1446,43.0281],[6.142,43.0299],[6.1369,43.0304],[6.1371,43.0316],[6.1353,43.0329],[6.1362,43.0355],[6.1347,43.0362],[6.1321,43.0358],[6.1296,43.0346],[6.1266,43.0356],[6.1269,43.0341],[6.1253,43.0335],[6.1254,43.0319],[6.1238,43.0317],[6.1229,43.0329],[6.12,43.032],[6.1167,43.0348],[6.1126,43.0351],[6.1101,43.0327],[6.1081,43.0322],[6.1071,43.0301],[6.105,43.0309],[6.1034,43.0309],[6.1038,43.0285],[6.1014,43.0279],[6.1008,43.0291],[6.097,43.0273],[6.0952,43.0292],[6.0959,43.0309],[6.0976,43.0326],[6.0963,43.0333],[6.0934,43.0335],[6.0913,43.0354],[6.0912,43.0368],[6.093,43.0372],[6.0929,43.0386],[6.0938,43.0404],[6.096,43.04],[6.1,43.0409],[6.1013,43.0407],[6.1048,43.0421],[6.1062,43.0409],[6.1102,43.0397],[6.1141,43.0397],[6.1178,43.0389],[6.12,43.0392],[6.1226,43.0407],[6.1246,43.0405],[6.1282,43.0427],[6.1316,43.048],[6.133,43.0549],[6.1323,43.0595],[6.1307,43.0632],[6.1304,43.0655],[6.1278,43.0731],[6.1254,43.0783],[6.1241,43.0793],[6.119,43.0806],[6.1176,43.0818],[6.114,43.0837],[6.1096,43.0839],[6.1092,43.0861],[6.1059,43.0898],[6.1072,43.0909]]],[[[6.1448,43.0163],[6.1406,43.018],[6.1395,43.0197],[6.1398,43.0206],[6.1426,43.0206],[6.1452,43.02],[6.147,43.0194],[6.1444,43.0179],[6.1448,43.0163]]]]}},{"type":"Feature","properties":{"nom":"CPTS Initiative Action Santé Orange","statut":"","communes":["84027","84029","84037","84039","84056","84087"],"president":"Thierry MUNINI","coordonnateur":"Virginia VIDAL","contact":"cpts.iaso@outlook.fr","site":""},"geometry":{"type":"Polygon","coordinates":[[[4.915,44.1017],[4.9172,44.1003],[4.9184,44.0987],[4.9216,44.0938],[4.9259,44.0928],[4.9257,44.0904],[4.9265,44.0872],[4.9304,44.0823],[4.9311,44.0818],[4.9331,44.0759],[4.9344,44.0737],[4.9335,44.0719],[4.9287,44.072],[4.9248,44.0725],[4.9206,44.0718],[4.9157,44.0715],[4.9086,44.073],[4.9059,44.073],[4.9004,44.0697],[4.9002,44.0665],[4.8979,44.0622],[4.8938,44.0607],[4.888,44.0595],[4.8734,44.0585],[4.8654,44.057],[4.864,44.0546],[4.8647,44.052],[4.8641,44.0461],[4.8654,44.0427],[4.8624,44.036],[4.8601,44.0366],[4.8544,44.0369],[4.8472,44.0356],[4.8375,44.0327],[4.8359,44.0341],[4.8327,44.0352],[4.83,44.0378],[4.828,44.0387],[4.8208,44.0404],[4.818,44.0417],[4.8163,44.0434],[4.8133,44.0478],[4.8105,44.0496],[4.808,44.0504],[4.804,44.0504],[4.7988,44.049],[4.7959,44.0479],[4.7922,44.05],[4.7891,44.0522],[4.7876,44.054],[4.7872,44.0558],[4.7883,44.0609],[4.7884,44.0634],[4.788,44.065],[4.7851,44.0674],[4.7817,44.0684],[4.7694,44.0715],[4.7672,44.0723],[4.7633,44.0748],[4.7596,44.0751],[4.7579,44.0772],[4.7605,44.0789],[4.7598,44.0816],[4.7609,44.0863],[4.7583,44.0879],[4.7549,44.0883],[4.7488,44.0872],[4.7389,44.0839],[4.7359,44.0826],[4.7301,44.079],[4.7259,44.0784],[4.7226,44.0797],[4.7206,44.0818],[4.7197,44.0856],[4.7195,44.0903],[4.7188,44.0925],[4.7145,44.0963],[4.7075,44.1037],[4.7061,44.1078],[4.707,44.1137],[4.7107,44.1185],[4.7112,44.1223],[4.7116,44.1295],[4.7117,44.1347],[4.7175,44.1415],[4.7189,44.1445],[4.7191,44.1484],[4.7182,44.1524],[4.721,44.1529],[4.7237,44.1517],[4.7264,44.1493],[4.7265,44.1475],[4.7276,44.146],[4.7294,44.1459],[4.7298,44.147],[4.7318,44.1478],[4.7334,44.15],[4.7358,44.1521],[4.7353,44.1551],[4.7383,44.1559],[4.7408,44.1552],[4.7438,44.1555],[4.7481,44.1568],[4.751,44.1559],[4.7508,44.1546],[4.7604,44.1539],[4.7708,44.1547],[4.7767,44.1544],[4.7771,44.1558],[4.7787,44.1568],[4.7801,44.1591],[4.7838,44.1614],[4.7865,44.162],[4.7872,44.1635],[4.7906,44.1656],[4.7963,44.1708],[4.7965,44.172],[4.8015,44.1724],[4.8015,44.1768],[4.8127,44.1825],[4.8146,44.1844],[4.8154,44.1877],[4.8203,44.1878],[4.8212,44.1833],[4.822,44.1833],[4.8208,44.1758],[4.8205,44.1724],[4.8208,44.166],[4.8236,44.1644],[4.8268,44.1668],[4.8296,44.1699],[4.8324,44.1724],[4.8378,44.1761],[4.8408,44.1771],[4.8453,44.1775],[4.848,44.1773],[4.8518,44.1759],[4.8543,44.1745],[4.8565,44.1742],[4.8614,44.176],[4.8693,44.1751],[4.8721,44.1756],[4.8728,44.1718],[4.8803,44.1714],[4.883,44.1717],[4.8848,44.1712],[4.8897,44.175],[4.8982,44.1746],[4.9081,44.1706],[4.9089,44.171],[4.9179,44.1734],[4.9212,44.1741],[4.9239,44.1724],[4.9294,44.1705],[4.9323,44.1715],[4.9355,44.1733],[4.9359,44.1701],[4.9337,44.1698],[4.9334,44.1658],[4.9323,44.162],[4.927,44.1613],[4.9206,44.1607],[4.9211,44.1601],[4.925,44.1595],[4.9313,44.1576],[4.9307,44.1546],[4.9285,44.1519],[4.9296,44.151],[4.9381,44.1532],[4.9415,44.1519],[4.9377,44.1497],[4.9406,44.1495],[4.9464,44.1499],[4.9521,44.1497],[4.9514,44.1452],[4.9526,44.1404],[4.9531,44.137],[4.9524,44.1339],[4.9527,44.1322],[4.952,44.1303],[4.9507,44.1293],[4.9438,44.1271],[4.941,44.1268],[4.9355,44.1239],[4.93,44.1197],[4.9274,44.1162],[4.9269,44.1144],[4.9247,44.1117],[4.9215,44.111],[4.9198,44.11],[4.9188,44.1064],[4.9157,44.104],[4.915,44.1017]]]}},{"type":"Feature","properties":{"nom":"CPTS Initiatives Santé","statut":"","communes":["13043","13054","13088","13102","13117"],"president":"Dr Florence ZEMOUR","coordonnateur":"Flora CAIMI","contact":"cpts.initiatives.sante@gmail.com","site":""},"geometry":{"type":"Polygon","coordinates":[[[5.2788,43.3805],[5.2807,43.3788],[5.2829,43.3754],[5.285,43.3748],[5.2838,43.3723],[5.2799,43.3708],[5.2782,43.3664],[5.278,43.3639],[5.2791,43.3626],[5.2797,43.3598],[5.2815,43.3569],[5.2832,43.356],[5.2823,43.3537],[5.279,43.3512],[5.2789,43.3504],[5.2751,43.3486],[5.2713,43.345],[5.2689,43.3439],[5.2657,43.3433],[5.2652,43.3416],[5.2627,43.3418],[5.2614,43.3412],[5.26,43.3393],[5.2578,43.3393],[5.2586,43.3377],[5.256,43.3374],[5.2555,43.3382],[5.2514,43.3357],[5.2467,43.3337],[5.2436,43.3328],[5.2433,43.3314],[5.2411,43.332],[5.2396,43.3313],[5.2372,43.3317],[5.2363,43.3344],[5.2347,43.3369],[5.2335,43.3439],[5.2355,43.3446],[5.2372,43.344],[5.237,43.3487],[5.2358,43.3511],[5.2328,43.3535],[5.23,43.3541],[5.2275,43.3555],[5.2297,43.3579],[5.2307,43.3602],[5.2304,43.3628],[5.2287,43.3653],[5.228,43.3682],[5.227,43.3691],[5.2243,43.3698],[5.2217,43.3716],[5.2221,43.3728],[5.2206,43.374],[5.2172,43.376],[5.2159,43.3777],[5.2143,43.3819],[5.2071,43.381],[5.2058,43.38],[5.2007,43.3777],[5.1993,43.3738],[5.198,43.3742],[5.1967,43.3793],[5.1955,43.3825],[5.1954,43.3858],[5.1961,43.3925],[5.1952,43.3935],[5.1917,43.3932],[5.1887,43.3958],[5.1878,43.3973],[5.1866,43.4009],[5.1858,43.4052],[5.1719,43.4186],[5.1768,43.4218],[5.1829,43.4266],[5.1904,43.4342],[5.194,43.437],[5.1988,43.4387],[5.2044,43.4421],[5.1954,43.4485],[5.1984,43.4509],[5.2019,43.4483],[5.2086,43.4437],[5.2116,43.4449],[5.2128,43.4462],[5.2167,43.4472],[5.2205,43.4492],[5.2261,43.4526],[5.227,43.4549],[5.2271,43.4579],[5.2286,43.4601],[5.2276,43.4629],[5.2301,43.4651],[5.2295,43.4674],[5.2273,43.4701],[5.2279,43.4724],[5.226,43.4747],[5.2246,43.4757],[5.2241,43.4786],[5.2234,43.4791],[5.2264,43.4801],[5.2274,43.4788],[5.2327,43.4785],[5.2338,43.478],[5.2391,43.4773],[5.2396,43.4753],[5.2408,43.4746],[5.2429,43.475],[5.2434,43.4762],[5.2472,43.4753],[5.2491,43.4744],[5.2543,43.4782],[5.2572,43.481],[5.258,43.4833],[5.259,43.4839],[5.2717,43.4857],[5.2709,43.483],[5.2719,43.4812],[5.2741,43.4826],[5.2738,43.4848],[5.2773,43.4855],[5.2795,43.4848],[5.281,43.4834],[5.2816,43.48],[5.2823,43.4789],[5.2855,43.4763],[5.2892,43.477],[5.2892,43.4743],[5.2901,43.473],[5.2903,43.4694],[5.2876,43.4692],[5.2869,43.4677],[5.2887,43.4662],[5.2921,43.4623],[5.2941,43.461],[5.2988,43.4629],[5.299,43.4584],[5.2975,43.4571],[5.2982,43.4553],[5.2981,43.4526],[5.2991,43.4507],[5.2983,43.4496],[5.299,43.448],[5.301,43.4461],[5.3018,43.4452],[5.3036,43.4404],[5.3068,43.4362],[5.3101,43.4337],[5.3108,43.4316],[5.3008,43.4328],[5.2964,43.4316],[5.2949,43.4294],[5.295,43.4257],[5.2944,43.4231],[5.2929,43.4207],[5.2911,43.4197],[5.2865,43.4205],[5.2842,43.4198],[5.282,43.4205],[5.2811,43.4199],[5.2766,43.4195],[5.2749,43.4189],[5.2729,43.4087],[5.2726,43.4052],[5.2674,43.4027],[5.2651,43.4011],[5.2661,43.4005],[5.2708,43.394],[5.2713,43.3912],[5.2757,43.3885],[5.2788,43.3805]]]}},{"type":"Feature","properties":{"nom":"CPTS Itinéraire Santé","statut":"","communes":["13055"],"arrondissements":["13211","13212","13213"],"president":"Dr Didier RONFLE","coordonnateur":"Julie GHAZAROSSIAN \nJohanna ZARATZIAN","contact":"contact@cpts-itineraire-sante.fr","site":"cpts-itineraire-sante.fr"},"geometry":{"type":"Polygon","coordinates":[[[5.5053,43.2769],[5.5061,43.2744],[5.5061,43.2743],[5.5092,43.2715],[5.5102,43.2695],[5.5107,43.2686],[5.5144,43.2677],[5.5144,43.2676],[5.5147,43.2672],[5.5131,43.2637],[5.513,43.2634],[5.5084,43.2639],[5.4961,43.2685],[5.4923,43.2674],[5.4849,43.2623],[5.4862,43.2578],[5.4825,43.2549],[5.4724,43.2534],[5.4595,43.2548],[5.4522,43.2575],[5.4593,43.26],[5.4541,43.2654],[5.4533,43.2729],[5.4444,43.2768],[5.4434,43.2818],[5.4399,43.285],[5.4294,43.2858],[5.4258,43.2901],[5.4149,43.2917],[5.4087,43.2956],[5.4096,43.3039],[5.4092,43.3123],[5.4105,43.315],[5.3991,43.317],[5.3936,43.3165],[5.4061,43.3311],[5.4161,43.3528],[5.4126,43.3601],[5.4138,43.3638],[5.4135,43.376],[5.4154,43.3788],[5.415,43.3786],[5.4222,43.3822],[5.4246,43.3834],[5.4262,43.3835],[5.429,43.385],[5.4306,43.3852],[5.4321,43.3861],[5.4335,43.387],[5.4358,43.3873],[5.4374,43.3888],[5.4387,43.3909],[5.4402,43.391],[5.4415,43.39],[5.4456,43.3884],[5.4475,43.387],[5.4491,43.3857],[5.4505,43.3829],[5.4508,43.3822],[5.4584,43.3719],[5.4593,43.3707],[5.4599,43.3689],[5.4602,43.3681],[5.4604,43.3679],[5.461,43.3674],[5.4611,43.3666],[5.4613,43.365],[5.4627,43.3635],[5.4636,43.3625],[5.4636,43.3618],[5.4635,43.361],[5.4642,43.3604],[5.4646,43.3601],[5.4618,43.3563],[5.4611,43.3558],[5.4594,43.3547],[5.4566,43.3519],[5.4559,43.3504],[5.4557,43.3502],[5.4532,43.3475],[5.4531,43.3473],[5.4519,43.3451],[5.4502,43.3392],[5.4505,43.3389],[5.4522,43.3369],[5.455,43.3357],[5.4551,43.3356],[5.4582,43.3314],[5.4596,43.3306],[5.4666,43.323],[5.4672,43.3224],[5.4674,43.3222],[5.4708,43.3199],[5.4713,43.3184],[5.4717,43.3173],[5.4733,43.3164],[5.4744,43.3159],[5.4751,43.3148],[5.4751,43.3147],[5.4823,43.3138],[5.4833,43.3147],[5.4877,43.3155],[5.4887,43.3154],[5.4951,43.315],[5.4974,43.3154],[5.5,43.3151],[5.5016,43.3173],[5.5019,43.3176],[5.5052,43.3178],[5.5069,43.3179],[5.5124,43.3202],[5.5127,43.3206],[5.5136,43.3219],[5.5149,43.3215],[5.5159,43.3211],[5.5175,43.3213],[5.5179,43.3213],[5.5228,43.3208],[5.5226,43.3194],[5.5213,43.3177],[5.5212,43.3164],[5.523,43.3142],[5.5253,43.314],[5.5278,43.3137],[5.5295,43.3143],[5.5307,43.3137],[5.5307,43.3122],[5.5284,43.3111],[5.5271,43.3091],[5.5285,43.3072],[5.5284,43.3052],[5.5284,43.3037],[5.5294,43.303],[5.5302,43.3011],[5.5325,43.2995],[5.5321,43.2983],[5.5303,43.2973],[5.5269,43.2942],[5.525,43.2942],[5.5246,43.2942],[5.5233,43.2934],[5.5229,43.2932],[5.5224,43.2927],[5.521,43.2913],[5.521,43.2911],[5.5211,43.2899],[5.5197,43.2895],[5.5185,43.2892],[5.5184,43.288],[5.5183,43.288],[5.5161,43.2881],[5.5129,43.2889],[5.5122,43.2876],[5.5119,43.2869],[5.5111,43.2822],[5.5053,43.2832],[5.5053,43.2831],[5.5047,43.2814],[5.5055,43.2801],[5.5053,43.2769]]]}},{"type":"Feature","properties":{"nom":"CPTS La Caravelle","statut":"","communes":["13071","13106"],"president":"Marguerite CHENG","coordonnateur":"Jean-Pierre CALISSI","contact":"cptslacaravelle@orange.fr","site":""},"geometry":{"type":"Polygon","coordinates":[[[5.3811,43.415],[5.3858,43.4144],[5.3878,43.4154],[5.3927,43.4165],[5.3933,43.4116],[5.3949,43.404],[5.3964,43.4011],[5.4069,43.3958],[5.407,43.3925],[5.4077,43.3909],[5.4125,43.3892],[5.4157,43.3892],[5.4205,43.3855],[5.4223,43.3854],[5.4253,43.3842],[5.4246,43.3834],[5.4139,43.3781],[5.413,43.3766],[5.4109,43.3757],[5.4056,43.3767],[5.4048,43.3752],[5.4003,43.374],[5.3957,43.3744],[5.3924,43.3732],[5.3914,43.372],[5.39,43.3725],[5.3852,43.3713],[5.3852,43.3702],[5.382,43.3713],[5.3815,43.3702],[5.3796,43.3697],[5.3761,43.3706],[5.376,43.3722],[5.378,43.3745],[5.3781,43.3764],[5.3745,43.3781],[5.3777,43.3796],[5.3768,43.3819],[5.3768,43.3837],[5.3784,43.3843],[5.3776,43.3857],[5.3746,43.3886],[5.3685,43.3896],[5.3665,43.3881],[5.3647,43.3881],[5.3632,43.3872],[5.3608,43.3872],[5.3607,43.386],[5.3587,43.385],[5.3546,43.3846],[5.3504,43.3825],[5.353,43.3775],[5.3545,43.3763],[5.3552,43.3745],[5.3522,43.3743],[5.3489,43.3755],[5.3444,43.3751],[5.3386,43.3773],[5.3364,43.3768],[5.3371,43.3753],[5.3339,43.3732],[5.3323,43.3715],[5.3298,43.3713],[5.3272,43.3724],[5.3243,43.3711],[5.324,43.3697],[5.3219,43.3682],[5.3205,43.3685],[5.3188,43.3701],[5.3193,43.3734],[5.318,43.3744],[5.3171,43.3769],[5.3155,43.377],[5.3115,43.379],[5.3103,43.3815],[5.304,43.3809],[5.304,43.3848],[5.3022,43.387],[5.299,43.387],[5.297,43.389],[5.294,43.3872],[5.2929,43.3851],[5.2909,43.3853],[5.2855,43.3842],[5.2859,43.3834],[5.2816,43.382],[5.2811,43.3803],[5.2788,43.3805],[5.2757,43.3885],[5.2713,43.3912],[5.2708,43.394],[5.2661,43.4005],[5.2651,43.4011],[5.2674,43.4027],[5.2726,43.4052],[5.2729,43.4087],[5.2749,43.4189],[5.2766,43.4195],[5.2811,43.4199],[5.282,43.4205],[5.2842,43.4198],[5.2865,43.4205],[5.2911,43.4197],[5.2929,43.4207],[5.2944,43.4231],[5.295,43.4257],[5.2949,43.4294],[5.2964,43.4316],[5.3008,43.4328],[5.3108,43.4316],[5.3175,43.4294],[5.3222,43.4293],[5.3265,43.4281],[5.3321,43.4245],[5.3357,43.4226],[5.3419,43.4205],[5.3442,43.4193],[5.3555,43.422],[5.3566,43.4208],[5.3584,43.4177],[5.3597,43.4181],[5.3609,43.417],[5.3638,43.4179],[5.3668,43.4202],[5.3675,43.4193],[5.3717,43.4195],[5.3749,43.42],[5.377,43.417],[5.3793,43.4146],[5.3811,43.415]]]}},{"type":"Feature","properties":{"nom":"CPTS La Poudrerie","statut":"","communes":["13063","13092"],"president":"Dr Olivier GUERCIA","coordonnateur":"Diane LAPRAS","contact":"cpts.mirchamas@gmail.com","site":""},"geometry":{"type":"Polygon","coordinates":[[[5.0649,43.5558],[5.0655,43.5574],[5.0678,43.557],[5.0716,43.5576],[5.0748,43.5588],[5.0774,43.5593],[5.0797,43.5638],[5.0797,43.5672],[5.0815,43.5675],[5.0813,43.5689],[5.0828,43.5694],[5.0839,43.5685],[5.0857,43.5686],[5.0846,43.5651],[5.09,43.5698],[5.0948,43.5653],[5.0993,43.5591],[5.1026,43.557],[5.1035,43.5543],[5.1076,43.5551],[5.1099,43.5496],[5.1104,43.5473],[5.1119,43.5443],[5.1129,43.5435],[5.115,43.5378],[5.1175,43.5338],[5.1217,43.5229],[5.1219,43.5158],[5.1193,43.513],[5.1181,43.5132],[5.1182,43.518],[5.1171,43.5201],[5.1152,43.521],[5.1137,43.523],[5.1087,43.5255],[5.1027,43.526],[5.0937,43.5251],[5.0915,43.5251],[5.0849,43.5264],[5.0812,43.5263],[5.0794,43.5269],[5.0758,43.5261],[5.0708,43.5266],[5.0643,43.5278],[5.0587,43.5279],[5.0556,43.527],[5.0487,43.5226],[5.0456,43.5218],[5.0451,43.5234],[5.0432,43.5253],[5.0433,43.5274],[5.041,43.5298],[5.0373,43.5327],[5.0337,43.5357],[5.0319,43.5395],[5.0334,43.5423],[5.033,43.5451],[5.0314,43.546],[5.0294,43.5487],[5.0268,43.5483],[5.0252,43.5494],[5.0249,43.5507],[5.0257,43.5521],[5.022,43.5562],[5.0193,43.5554],[5.0169,43.5563],[5.0145,43.5555],[5.0099,43.5566],[5.009,43.5533],[5.0074,43.5514],[5.0025,43.5503],[5.0011,43.5539],[5.0049,43.5604],[5.0072,43.5636],[4.9914,43.5768],[4.9931,43.5797],[4.9834,43.5879],[4.9672,43.6009],[4.969,43.6015],[4.9745,43.602],[4.9801,43.603],[4.9804,43.6052],[4.9802,43.6125],[4.9784,43.6163],[4.9886,43.618],[4.9998,43.6107],[5.0081,43.605],[5.0113,43.6065],[5.0178,43.605],[5.0253,43.6011],[5.026,43.5997],[5.0301,43.5981],[5.0347,43.5951],[5.0389,43.5919],[5.0437,43.5923],[5.0449,43.5906],[5.0453,43.5891],[5.0473,43.5878],[5.0474,43.5836],[5.048,43.5819],[5.0467,43.5792],[5.0501,43.5768],[5.0502,43.5754],[5.053,43.5752],[5.0567,43.5732],[5.0584,43.5698],[5.0597,43.564],[5.0606,43.5632],[5.0626,43.5599],[5.0626,43.5585],[5.0649,43.5558]]]}},{"type":"Feature","properties":{"nom":"CPTS La Seyne Toulon ouest","statut":"","communes":["83090","83103","83126","83137","83153"],"president":"Dr Wilfrid GUARDIGLI","coordonnateur":"Emilie MERENS","contact":"cptslsto@orange.fr","site":"cptslsto.fr","infra":["Toulon"]},"geometry":{"type":"MultiPolygon","coordinates":[[[[5.9096,43.0794],[5.9124,43.0832],[5.914,43.0836],[5.9171,43.0858],[5.921,43.0844],[5.9219,43.083],[5.922,43.0813],[5.9246,43.0782],[5.9274,43.0775],[5.928,43.0784],[5.9262,43.0802],[5.929,43.0829],[5.9303,43.0819],[5.9317,43.0828],[5.9382,43.0846],[5.9441,43.082],[5.9469,43.0798],[5.9494,43.0788],[5.951,43.0768],[5.9515,43.0739],[5.9511,43.072],[5.9478,43.069],[5.947,43.0677],[5.9439,43.0664],[5.9428,43.0678],[5.941,43.0687],[5.9399,43.0701],[5.9375,43.0707],[5.9366,43.0717],[5.9324,43.0712],[5.9306,43.0719],[5.9286,43.0717],[5.9266,43.0699],[5.9226,43.0694],[5.9215,43.0686],[5.919,43.0684],[5.9149,43.0673],[5.9125,43.066],[5.9093,43.0678],[5.9073,43.07],[5.9067,43.0728],[5.9036,43.0734],[5.901,43.0731],[5.8993,43.0743],[5.8997,43.0761],[5.8985,43.0776],[5.8968,43.0781],[5.8929,43.0784],[5.8902,43.078],[5.8867,43.077],[5.8856,43.0748],[5.8829,43.0722],[5.8806,43.0726],[5.8786,43.0705],[5.8753,43.0687],[5.8723,43.0692],[5.8723,43.0657],[5.8709,43.0653],[5.8688,43.0635],[5.868,43.0618],[5.8653,43.0598],[5.8632,43.0575],[5.8621,43.0556],[5.862,43.0534],[5.8628,43.0517],[5.8605,43.049],[5.859,43.048],[5.8537,43.0481],[5.8496,43.0498],[5.8476,43.0497],[5.8471,43.0616],[5.847,43.0746],[5.8488,43.0788],[5.8513,43.0832],[5.8544,43.0911],[5.855,43.0948],[5.854,43.0974],[5.8524,43.0992],[5.8521,43.1011],[5.8499,43.1067],[5.849,43.1102],[5.8492,43.1215],[5.8373,43.1216],[5.8324,43.1213],[5.8274,43.1217],[5.823,43.1204],[5.8227,43.1232],[5.8229,43.1272],[5.8236,43.1293],[5.8256,43.1314],[5.8253,43.1345],[5.8263,43.1431],[5.8243,43.1435],[5.8226,43.1446],[5.8193,43.1457],[5.8177,43.1475],[5.8155,43.1559],[5.8161,43.1583],[5.8187,43.1577],[5.8225,43.1576],[5.8236,43.158],[5.8275,43.1566],[5.829,43.1552],[5.8314,43.1549],[5.8356,43.1551],[5.8386,43.1564],[5.84,43.1562],[5.8406,43.1546],[5.843,43.1536],[5.8501,43.1538],[5.8556,43.1536],[5.8566,43.156],[5.859,43.1565],[5.8624,43.1584],[5.8662,43.1582],[5.8724,43.1592],[5.8727,43.16],[5.8757,43.1608],[5.8795,43.1598],[5.8822,43.1604],[5.8834,43.1606],[5.8843,43.1626],[5.8869,43.1634],[5.8876,43.1619],[5.8908,43.1632],[5.89,43.161],[5.8934,43.1632],[5.8951,43.1653],[5.8954,43.1668],[5.8982,43.1693],[5.9,43.1698],[5.9022,43.1714],[5.9026,43.1731],[5.9026,43.1781],[5.9009,43.1798],[5.9001,43.1828],[5.9091,43.1852],[5.9123,43.1881],[5.9161,43.191],[5.9184,43.1902],[5.9221,43.1927],[5.9269,43.1975],[5.931,43.2011],[5.9345,43.2034],[5.9381,43.2134],[5.9396,43.216],[5.9465,43.2093],[5.9545,43.2059],[5.9595,43.201],[5.9644,43.1977],[5.9666,43.1971],[5.97,43.197],[5.9719,43.1964],[5.9736,43.1957],[5.9738,43.1936],[5.9785,43.1915],[5.9776,43.1884],[5.981,43.1833],[5.9833,43.1825],[5.9877,43.1787],[5.9907,43.1736],[5.9883,43.1733],[5.9852,43.164],[5.9715,43.1679],[5.9645,43.1672],[5.9592,43.1665],[5.9574,43.1651],[5.9563,43.1656],[5.9536,43.1641],[5.9554,43.1615],[5.9547,43.1601],[5.9561,43.1581],[5.9562,43.1567],[5.9604,43.1549],[5.9644,43.1544],[5.9654,43.1533],[5.9683,43.1519],[5.9693,43.152],[5.9736,43.1506],[5.9748,43.1506],[5.9768,43.1488],[5.9781,43.1466],[5.9801,43.1448],[5.9795,43.1412],[5.9777,43.1372],[5.9775,43.1352],[5.98,43.1346],[5.983,43.1329],[5.9851,43.1335],[5.9854,43.1303],[5.9872,43.1245],[5.9856,43.1232],[5.9845,43.1227],[5.9842,43.1203],[5.9844,43.1151],[5.9824,43.1162],[5.9809,43.1158],[5.9799,43.1131],[5.9799,43.1106],[5.9807,43.1092],[5.9788,43.1076],[5.9791,43.1065],[5.9776,43.1056],[5.9768,43.1072],[5.9748,43.1077],[5.9716,43.1062],[5.9722,43.1043],[5.9703,43.1045],[5.9681,43.1036],[5.9676,43.1049],[5.9631,43.1069],[5.9587,43.1071],[5.9558,43.1082],[5.9547,43.1067],[5.9505,43.1066],[5.949,43.1076],[5.9472,43.107],[5.9447,43.1073],[5.9441,43.1065],[5.9416,43.1069],[5.9409,43.1078],[5.9378,43.107],[5.9339,43.1043],[5.9302,43.1023],[5.9286,43.1026],[5.9257,43.1023],[5.9258,43.104],[5.9308,43.1117],[5.9302,43.1136],[5.9345,43.1132],[5.9333,43.1169],[5.9323,43.1178],[5.9343,43.1186],[5.93,43.1209],[5.9285,43.1208],[5.9279,43.1185],[5.9261,43.1156],[5.9226,43.1152],[5.9221,43.1185],[5.9226,43.1191],[5.9273,43.1195],[5.9271,43.1215],[5.9232,43.1232],[5.9214,43.1219],[5.9206,43.1239],[5.9176,43.1219],[5.9196,43.1213],[5.9198,43.12],[5.9139,43.1193],[5.9137,43.1207],[5.9147,43.1228],[5.9127,43.1229],[5.9108,43.1192],[5.9075,43.1189],[5.9077,43.1166],[5.9113,43.1168],[5.9109,43.1151],[5.9005,43.1137],[5.8992,43.113],[5.8957,43.1147],[5.8974,43.1162],[5.896,43.1167],[5.8949,43.1147],[5.8931,43.1156],[5.8873,43.1161],[5.8856,43.1171],[5.8847,43.1137],[5.8863,43.1129],[5.8854,43.1109],[5.8877,43.1106],[5.8917,43.1091],[5.8917,43.108],[5.8812,43.1094],[5.8816,43.1079],[5.8867,43.1073],[5.8858,43.1052],[5.883,43.1073],[5.8805,43.105],[5.8821,43.1041],[5.8832,43.1026],[5.8883,43.1036],[5.8953,43.1029],[5.8967,43.1037],[5.901,43.104],[5.9049,43.1029],[5.9093,43.1008],[5.91,43.0999],[5.9076,43.0985],[5.908,43.0958],[5.911,43.0948],[5.9104,43.0932],[5.9074,43.0929],[5.9059,43.0934],[5.9013,43.0916],[5.8998,43.0898],[5.899,43.0878],[5.8948,43.0817],[5.8968,43.0805],[5.9002,43.0814],[5.9006,43.0791],[5.9039,43.0789],[5.9078,43.0786],[5.9096,43.0794]]],[[[5.9199,43.1181],[5.9157,43.1178],[5.9157,43.117],[5.9133,43.1161],[5.9139,43.1187],[5.9206,43.1195],[5.9199,43.1181]]]]}},{"type":"Feature","properties":{"nom":"CPTS Littoral Sud (Marseille 8-9)","statut":"","communes":["13055"],"arrondissements":["13208","13209"],"president":"Dr France MARCHAND","coordonnateur":"Maude DUPLAIN","contact":"cpts.littoralsudmarseille@gmail.com","site":""},"geometry":{"type":"MultiPolygon","coordinates":[[[[5.3757,43.2098],[5.375,43.2094],[5.3736,43.2085],[5.3725,43.2086],[5.3686,43.2073],[5.3641,43.2072],[5.3634,43.2072],[5.3604,43.2091],[5.3568,43.2084],[5.3536,43.21],[5.3528,43.2113],[5.3506,43.2111],[5.3471,43.2127],[5.346,43.2124],[5.3451,43.2121],[5.3418,43.2126],[5.3405,43.2137],[5.3425,43.2168],[5.3428,43.2168],[5.3458,43.2169],[5.3448,43.2189],[5.3447,43.2213],[5.3447,43.2215],[5.3464,43.226],[5.3469,43.2263],[5.348,43.2271],[5.348,43.229],[5.348,43.2295],[5.3501,43.232],[5.3517,43.2327],[5.3522,43.2329],[5.3527,43.2331],[5.3533,43.2331],[5.3557,43.2329],[5.3566,43.2335],[5.3568,43.2338],[5.3594,43.2357],[5.3603,43.2376],[5.3613,43.2379],[5.3617,43.2387],[5.3622,43.2397],[5.3625,43.2431],[5.3651,43.2423],[5.3669,43.2424],[5.3686,43.2441],[5.367,43.2452],[5.3698,43.2456],[5.3705,43.2445],[5.3725,43.2451],[5.3747,43.2484],[5.3752,43.2513],[5.3733,43.2521],[5.3746,43.2532],[5.3748,43.2552],[5.376,43.2552],[5.3761,43.2552],[5.3755,43.2581],[5.3748,43.2594],[5.3747,43.2595],[5.3728,43.2591],[5.3715,43.2599],[5.3722,43.2611],[5.3723,43.2614],[5.3708,43.263],[5.3683,43.2641],[5.3677,43.2643],[5.3682,43.2652],[5.3687,43.266],[5.3709,43.266],[5.3702,43.2675],[5.3682,43.2685],[5.3727,43.2721],[5.3738,43.2792],[5.3887,43.2831],[5.3991,43.2776],[5.3998,43.2746],[5.4101,43.2756],[5.4146,43.2694],[5.4174,43.268],[5.4298,43.2656],[5.4314,43.2604],[5.4411,43.2584],[5.4522,43.2575],[5.4595,43.2548],[5.4724,43.2534],[5.4825,43.2549],[5.4862,43.2578],[5.4849,43.2623],[5.4923,43.2674],[5.4961,43.2685],[5.5084,43.2639],[5.513,43.2634],[5.5143,43.2612],[5.5149,43.2601],[5.5155,43.258],[5.5168,43.2534],[5.5173,43.252],[5.5182,43.2496],[5.5193,43.2456],[5.5196,43.2443],[5.5195,43.2439],[5.5193,43.2417],[5.5258,43.2382],[5.5262,43.2375],[5.5245,43.2352],[5.5233,43.2348],[5.5147,43.235],[5.5098,43.2351],[5.5071,43.2332],[5.5071,43.2329],[5.5071,43.231],[5.5064,43.2297],[5.5067,43.2268],[5.5084,43.2254],[5.5107,43.2236],[5.512,43.222],[5.512,43.2219],[5.512,43.22],[5.5167,43.2171],[5.5168,43.217],[5.5179,43.2155],[5.5174,43.2135],[5.5174,43.2134],[5.5139,43.2078],[5.5127,43.2073],[5.5118,43.2069],[5.5102,43.198],[5.5102,43.1979],[5.5092,43.1978],[5.5091,43.1981],[5.5083,43.2013],[5.5054,43.1994],[5.5028,43.2007],[5.5022,43.1995],[5.5044,43.1987],[5.5001,43.197],[5.4999,43.1969],[5.4969,43.1985],[5.4944,43.2005],[5.4946,43.2012],[5.4949,43.2026],[5.4929,43.2035],[5.4915,43.2024],[5.4897,43.2033],[5.4873,43.2039],[5.4861,43.2042],[5.4848,43.2045],[5.4834,43.2058],[5.4807,43.2052],[5.4795,43.2046],[5.4781,43.2039],[5.4737,43.2059],[5.4702,43.2059],[5.4708,43.2074],[5.469,43.2087],[5.4682,43.2086],[5.4644,43.2083],[5.463,43.2094],[5.4627,43.2097],[5.4607,43.2099],[5.4589,43.2112],[5.4573,43.2113],[5.4556,43.2105],[5.4535,43.2095],[5.4483,43.2101],[5.4481,43.2103],[5.4472,43.2114],[5.4452,43.2112],[5.4462,43.2102],[5.4477,43.2088],[5.4474,43.2082],[5.447,43.2074],[5.4482,43.2068],[5.4508,43.2055],[5.4526,43.2039],[5.4542,43.2036],[5.4545,43.202],[5.451,43.203],[5.449,43.2026],[5.4472,43.2047],[5.4468,43.2052],[5.4459,43.2049],[5.4444,43.2043],[5.442,43.2052],[5.4398,43.2061],[5.4388,43.2071],[5.437,43.2063],[5.4367,43.2062],[5.433,43.2072],[5.4325,43.2074],[5.432,43.2082],[5.4291,43.2092],[5.4275,43.2092],[5.4266,43.2092],[5.4243,43.2103],[5.4232,43.2104],[5.4209,43.2105],[5.4203,43.2096],[5.423,43.2083],[5.4245,43.2068],[5.4262,43.2052],[5.4269,43.2035],[5.4256,43.2039],[5.4245,43.2042],[5.4224,43.2049],[5.4205,43.2059],[5.4177,43.2073],[5.4171,43.2073],[5.416,43.2072],[5.412,43.2089],[5.4101,43.2101],[5.409,43.2108],[5.4082,43.2119],[5.4059,43.2118],[5.4055,43.2118],[5.4053,43.2121],[5.4045,43.2129],[5.3987,43.2129],[5.3974,43.2125],[5.3971,43.2124],[5.3963,43.2124],[5.3939,43.2125],[5.3899,43.212],[5.3895,43.2117],[5.3874,43.2103],[5.3822,43.2095],[5.3818,43.2097],[5.3816,43.2098],[5.38,43.2105],[5.3757,43.2098]]],[[[5.3757,43.1767],[5.373,43.1774],[5.3738,43.1792],[5.3774,43.1794],[5.3804,43.1804],[5.3838,43.1786],[5.3897,43.1779],[5.3928,43.1767],[5.3961,43.1761],[5.3984,43.1743],[5.3967,43.173],[5.3931,43.1731],[5.3889,43.1727],[5.3864,43.1731],[5.385,43.1743],[5.3816,43.1748],[5.3803,43.1758],[5.3771,43.1758],[5.3757,43.1767]]],[[[5.389,43.1854],[5.3836,43.1872],[5.3809,43.1899],[5.3825,43.1906],[5.3845,43.19],[5.3851,43.1891],[5.3878,43.1875],[5.3913,43.1861],[5.389,43.1854]]],[[[5.37,43.1954],[5.3705,43.1938],[5.3658,43.1962],[5.3614,43.1969],[5.3625,43.2],[5.3633,43.1988],[5.3666,43.1976],[5.3685,43.196],[5.37,43.1954]]],[[[5.3285,43.2125],[5.333,43.213],[5.3356,43.2126],[5.3374,43.2129],[5.3396,43.2118],[5.34,43.2101],[5.3382,43.2079],[5.3348,43.2097],[5.3334,43.2093],[5.3324,43.2107],[5.3294,43.2111],[5.3285,43.2125]]]]}},{"type":"Feature","properties":{"nom":"CPTS Marseille-7","statut":"","communes":["13055"],"arrondissements":["13207"],"president":"Saida MEZI","coordonnateur":"Haizia MOULAI","contact":"cpts13007@gmail.com","site":""},"geometry":{"type":"MultiPolygon","coordinates":[[[[5.3497,43.2859],[5.3521,43.2881],[5.3544,43.2893],[5.355,43.291],[5.3545,43.2914],[5.3533,43.2925],[5.3541,43.2938],[5.3575,43.2951],[5.3586,43.2948],[5.3611,43.293],[5.3613,43.2928],[5.3638,43.2927],[5.3647,43.2927],[5.3658,43.2928],[5.3689,43.2931],[5.3709,43.2936],[5.371,43.2936],[5.3721,43.291],[5.3701,43.2864],[5.3738,43.2792],[5.3727,43.2721],[5.3682,43.2685],[5.3674,43.2689],[5.367,43.269],[5.3631,43.2704],[5.3623,43.2725],[5.3617,43.274],[5.3601,43.2744],[5.3583,43.2761],[5.3549,43.2779],[5.3533,43.2787],[5.3533,43.2788],[5.3533,43.28],[5.351,43.2799],[5.3501,43.2798],[5.3476,43.2802],[5.3455,43.2816],[5.346,43.2822],[5.3466,43.2828],[5.3491,43.2839],[5.3497,43.2859]]],[[[5.3277,43.2805],[5.3267,43.2792],[5.3248,43.2789],[5.3244,43.2804],[5.3277,43.2805]]],[[[5.3112,43.2743],[5.3086,43.2729],[5.3044,43.2729],[5.3016,43.272],[5.2999,43.2693],[5.2992,43.2671],[5.2963,43.2669],[5.2957,43.2653],[5.2925,43.2637],[5.2919,43.2623],[5.288,43.2612],[5.288,43.2627],[5.2863,43.264],[5.2857,43.2657],[5.2881,43.2665],[5.2903,43.2681],[5.2927,43.2682],[5.2966,43.2703],[5.2971,43.2719],[5.3012,43.2736],[5.3015,43.2754],[5.3036,43.2763],[5.303,43.2788],[5.301,43.2796],[5.2985,43.2784],[5.2968,43.2791],[5.2929,43.2793],[5.2916,43.2803],[5.2946,43.2814],[5.2976,43.2809],[5.2978,43.2818],[5.3021,43.282],[5.3034,43.2814],[5.305,43.2827],[5.3007,43.2834],[5.3005,43.2844],[5.3026,43.2854],[5.3055,43.2845],[5.3058,43.2854],[5.31,43.2852],[5.3114,43.2844],[5.3126,43.285],[5.3126,43.2873],[5.3169,43.287],[5.3178,43.2859],[5.3239,43.2862],[5.3233,43.2851],[5.321,43.285],[5.3208,43.2833],[5.3194,43.2824],[5.3177,43.2829],[5.3157,43.2813],[5.3135,43.2804],[5.3086,43.2815],[5.306,43.2793],[5.3036,43.2789],[5.3041,43.2765],[5.3057,43.2768],[5.308,43.277],[5.3119,43.2759],[5.3112,43.2743]]]]}},{"type":"Feature","properties":{"nom":"CPTS Nice Centre - Nice Est","statut":"","communes":["06011","06059","06088","06121","06159"],"president":"Dr Marc-André GUERVILLE","coordonnateur":"Lilian ROUCHE","contact":"contact@cpts-nice-centre-nice-est.fr","site":"","infra":["Nice"]},"geometry":{"type":"Polygon","coordinates":[[[7.3311,43.6983],[7.3311,43.6969],[7.3336,43.6936],[7.3339,43.6896],[7.3382,43.6887],[7.3405,43.6877],[7.3414,43.6862],[7.3434,43.6859],[7.3449,43.687],[7.347,43.6875],[7.3497,43.687],[7.3487,43.6853],[7.3459,43.6846],[7.3416,43.6826],[7.34,43.6855],[7.3352,43.6864],[7.3345,43.6833],[7.3353,43.6782],[7.3333,43.6753],[7.3313,43.6745],[7.329,43.6749],[7.3264,43.6741],[7.3241,43.6769],[7.3245,43.6782],[7.3238,43.6803],[7.3248,43.6815],[7.3243,43.683],[7.3225,43.6841],[7.3234,43.685],[7.3224,43.687],[7.3205,43.6878],[7.3199,43.6903],[7.3203,43.6913],[7.3248,43.6931],[7.3243,43.695],[7.3265,43.6962],[7.3252,43.698],[7.3247,43.7006],[7.3213,43.7002],[7.3204,43.7028],[7.3206,43.7044],[7.3179,43.7059],[7.3147,43.7065],[7.3129,43.7055],[7.3118,43.7012],[7.3087,43.699],[7.3069,43.6981],[7.3072,43.6944],[7.3087,43.6924],[7.3075,43.6874],[7.306,43.6859],[7.3033,43.6856],[7.2996,43.6861],[7.2949,43.6859],[7.2936,43.6866],[7.2941,43.6888],[7.293,43.6908],[7.2911,43.6913],[7.2899,43.693],[7.2853,43.6938],[7.2857,43.6977],[7.2842,43.6978],[7.2842,43.6952],[7.2833,43.6944],[7.2849,43.6927],[7.2807,43.6926],[7.2788,43.693],[7.2768,43.6944],[7.2725,43.6945],[7.2687,43.6943],[7.2624,43.6943],[7.2561,43.6932],[7.2479,43.691],[7.2438,43.6894],[7.2379,43.686],[7.2328,43.6815],[7.2306,43.6786],[7.2316,43.6767],[7.2312,43.6752],[7.2293,43.6734],[7.2297,43.672],[7.229,43.6689],[7.2303,43.6654],[7.2259,43.6623],[7.2253,43.6594],[7.2224,43.6574],[7.2213,43.6577],[7.2184,43.656],[7.2181,43.6546],[7.2134,43.6528],[7.2116,43.6498],[7.213,43.6484],[7.2116,43.6473],[7.2082,43.6475],[7.2065,43.6456],[7.2007,43.6452],[7.1992,43.6474],[7.2025,43.6497],[7.2029,43.6513],[7.2004,43.653],[7.1993,43.6548],[7.2,43.6557],[7.2004,43.6587],[7.1999,43.661],[7.1967,43.6689],[7.1921,43.679],[7.1897,43.685],[7.1884,43.6889],[7.1871,43.6947],[7.1853,43.7123],[7.1844,43.7187],[7.1821,43.7333],[7.1819,43.737],[7.1828,43.7414],[7.1838,43.7445],[7.1852,43.7467],[7.1909,43.752],[7.1951,43.7561],[7.1977,43.7597],[7.1994,43.7608],[7.2026,43.7592],[7.2057,43.7585],[7.2069,43.7577],[7.21,43.7575],[7.2115,43.7565],[7.2148,43.756],[7.2165,43.7533],[7.2165,43.7514],[7.2183,43.7517],[7.2201,43.7509],[7.2199,43.7426],[7.2222,43.7413],[7.2237,43.7431],[7.2295,43.7456],[7.2322,43.7455],[7.2339,43.7465],[7.2369,43.7495],[7.239,43.751],[7.2422,43.7502],[7.2425,43.7513],[7.2442,43.7511],[7.2486,43.7516],[7.2486,43.7478],[7.2498,43.7467],[7.2524,43.746],[7.2524,43.7444],[7.2511,43.7423],[7.2515,43.7402],[7.2556,43.7419],[7.2579,43.7419],[7.2608,43.7445],[7.2624,43.7454],[7.2637,43.7434],[7.2675,43.7443],[7.2714,43.7438],[7.2728,43.745],[7.2742,43.745],[7.2758,43.743],[7.2777,43.7424],[7.2795,43.743],[7.2799,43.7422],[7.2792,43.74],[7.2818,43.7366],[7.2813,43.7359],[7.2859,43.7339],[7.2907,43.7349],[7.2928,43.736],[7.2949,43.7364],[7.2958,43.7381],[7.2988,43.7396],[7.2966,43.7426],[7.2952,43.7463],[7.2951,43.7485],[7.2961,43.7499],[7.2972,43.7543],[7.2966,43.755],[7.2962,43.7587],[7.2971,43.758],[7.298,43.7557],[7.3023,43.7537],[7.3072,43.7534],[7.3079,43.7509],[7.3095,43.7485],[7.3121,43.7455],[7.3097,43.7438],[7.3098,43.7408],[7.3076,43.7371],[7.3058,43.7358],[7.3033,43.7349],[7.2928,43.7337],[7.2925,43.7329],[7.2941,43.7311],[7.2984,43.7289],[7.3006,43.7241],[7.3022,43.7216],[7.3034,43.7211],[7.3052,43.7223],[7.3058,43.7261],[7.31,43.725],[7.3131,43.7228],[7.3164,43.7223],[7.3209,43.7234],[7.3227,43.7264],[7.3241,43.7273],[7.332,43.7278],[7.3316,43.7296],[7.3373,43.7316],[7.3419,43.7368],[7.3437,43.7372],[7.3449,43.7386],[7.3532,43.7381],[7.3563,43.739],[7.3582,43.7405],[7.3583,43.7416],[7.3636,43.741],[7.3702,43.7377],[7.372,43.745],[7.3757,43.7443],[7.3758,43.7427],[7.3749,43.7408],[7.3753,43.7379],[7.3745,43.7359],[7.3767,43.7356],[7.3813,43.737],[7.3876,43.7401],[7.3889,43.7387],[7.3918,43.7336],[7.3897,43.7305],[7.391,43.7291],[7.39,43.7263],[7.3903,43.7255],[7.3856,43.7242],[7.3833,43.7226],[7.3816,43.7222],[7.3746,43.7184],[7.3727,43.7178],[7.3697,43.7194],[7.3667,43.7202],[7.3645,43.7218],[7.3607,43.7223],[7.3585,43.7219],[7.3559,43.7207],[7.3511,43.7178],[7.3506,43.7148],[7.3483,43.7141],[7.3427,43.7136],[7.3409,43.7126],[7.3376,43.7117],[7.3392,43.7097],[7.3361,43.7103],[7.3353,43.7085],[7.3373,43.7068],[7.335,43.7045],[7.3341,43.703],[7.3321,43.704],[7.3296,43.7019],[7.33,43.6999],[7.3311,43.6983]]]}},{"type":"Feature","properties":{"nom":"CPTS Nice Nord et ses Collines","statut":"","communes":["06006","06060","06088"],"president":"Mme LAFFONT","coordonnateur":"Eric CASSAGNABERE","contact":"cpts.nicenord.collines@gmail.com","site":"","infra":["Nice"]},"geometry":{"type":"Polygon","coordinates":[[[7.1821,43.7333],[7.1819,43.737],[7.1828,43.7414],[7.1838,43.7445],[7.1852,43.7467],[7.1909,43.752],[7.1951,43.7561],[7.1977,43.7597],[7.1994,43.7608],[7.2026,43.7592],[7.2057,43.7585],[7.2069,43.7577],[7.21,43.7575],[7.2115,43.7565],[7.2148,43.756],[7.2165,43.7533],[7.2165,43.7514],[7.2183,43.7517],[7.2201,43.7509],[7.2199,43.7426],[7.2222,43.7413],[7.2237,43.7431],[7.2295,43.7456],[7.2322,43.7455],[7.2339,43.7465],[7.2369,43.7495],[7.239,43.751],[7.2422,43.7502],[7.2425,43.7513],[7.2431,43.7534],[7.2426,43.7559],[7.2417,43.7572],[7.2409,43.7608],[7.2388,43.7639],[7.2371,43.7649],[7.2337,43.7645],[7.2308,43.7656],[7.2292,43.7682],[7.2253,43.7701],[7.2243,43.7711],[7.2223,43.7717],[7.2239,43.7734],[7.2269,43.7758],[7.228,43.778],[7.228,43.7798],[7.2304,43.7821],[7.2313,43.7835],[7.2343,43.786],[7.2352,43.7873],[7.2374,43.7888],[7.2388,43.7892],[7.2416,43.7928],[7.2416,43.7957],[7.2407,43.7986],[7.242,43.7997],[7.241,43.8013],[7.2426,43.8033],[7.2439,43.8022],[7.2472,43.801],[7.2495,43.801],[7.2505,43.8016],[7.2535,43.8006],[7.2543,43.7971],[7.2554,43.7963],[7.2538,43.7953],[7.2546,43.7943],[7.2526,43.7934],[7.2529,43.7903],[7.2523,43.7874],[7.2527,43.7853],[7.2548,43.782],[7.2567,43.7809],[7.2592,43.7775],[7.2605,43.7728],[7.2627,43.7697],[7.2624,43.767],[7.2637,43.7653],[7.2653,43.7643],[7.269,43.7649],[7.2704,43.7656],[7.2736,43.7611],[7.274,43.7599],[7.2764,43.757],[7.2802,43.7547],[7.2768,43.7531],[7.2774,43.7522],[7.2824,43.7511],[7.2835,43.7484],[7.2839,43.7458],[7.2793,43.7451],[7.2795,43.743],[7.2799,43.7422],[7.2792,43.74],[7.2818,43.7366],[7.2813,43.7359],[7.2859,43.7339],[7.2907,43.7349],[7.2928,43.736],[7.2949,43.7364],[7.2958,43.7381],[7.2988,43.7396],[7.2966,43.7426],[7.2952,43.7463],[7.2951,43.7485],[7.2961,43.7499],[7.2972,43.7543],[7.2966,43.755],[7.2962,43.7587],[7.2971,43.758],[7.298,43.7557],[7.3023,43.7537],[7.3072,43.7534],[7.3079,43.7509],[7.3095,43.7485],[7.3121,43.7455],[7.3097,43.7438],[7.3098,43.7408],[7.3076,43.7371],[7.3058,43.7358],[7.3033,43.7349],[7.2928,43.7337],[7.2925,43.7329],[7.2941,43.7311],[7.2984,43.7289],[7.3006,43.7241],[7.3022,43.7216],[7.3034,43.7211],[7.3052,43.7223],[7.3058,43.7261],[7.31,43.725],[7.3131,43.7228],[7.3164,43.7223],[7.3209,43.7234],[7.3234,43.7229],[7.3198,43.7226],[7.318,43.7215],[7.3146,43.7204],[7.3126,43.7173],[7.3135,43.7154],[7.313,43.7145],[7.3095,43.7139],[7.3063,43.7117],[7.3066,43.71],[7.3055,43.709],[7.3022,43.7079],[7.3007,43.7012],[7.3042,43.6967],[7.3055,43.6944],[7.3073,43.6925],[7.3087,43.6924],[7.3075,43.6874],[7.306,43.6859],[7.3033,43.6856],[7.2996,43.6861],[7.2949,43.6859],[7.2936,43.6866],[7.2941,43.6888],[7.293,43.6908],[7.2911,43.6913],[7.2899,43.693],[7.2853,43.6938],[7.2857,43.6977],[7.2842,43.6978],[7.2842,43.6952],[7.2833,43.6944],[7.2849,43.6927],[7.2807,43.6926],[7.2788,43.693],[7.2768,43.6944],[7.2725,43.6945],[7.2687,43.6943],[7.2624,43.6943],[7.2561,43.6932],[7.2479,43.691],[7.2438,43.6894],[7.2379,43.686],[7.2328,43.6815],[7.2306,43.6786],[7.2316,43.6767],[7.2312,43.6752],[7.2293,43.6734],[7.2297,43.672],[7.229,43.6689],[7.2303,43.6654],[7.2259,43.6623],[7.2253,43.6594],[7.2224,43.6574],[7.2213,43.6577],[7.2184,43.656],[7.2181,43.6546],[7.2134,43.6528],[7.2116,43.6498],[7.213,43.6484],[7.2116,43.6473],[7.2082,43.6475],[7.2065,43.6456],[7.2007,43.6452],[7.1992,43.6474],[7.2025,43.6497],[7.2029,43.6513],[7.2004,43.653],[7.1993,43.6548],[7.2,43.6557],[7.2004,43.6587],[7.1999,43.661],[7.1967,43.6689],[7.1921,43.679],[7.1897,43.685],[7.1884,43.6889],[7.1871,43.6947],[7.1853,43.7123],[7.1844,43.7187],[7.1821,43.7333]]]}},{"type":"Feature","properties":{"nom":"CPTS Nice ouest Vallée","statut":"","communes":["06046","06088"],"president":"Dr Céline CASTA","coordonnateur":"Haifa GUEDRI","contact":"cpts.nov@gmail.com","site":"","infra":["Nice"]},"geometry":{"type":"Polygon","coordinates":[[[7.1821,43.7333],[7.1819,43.737],[7.1828,43.7414],[7.1838,43.7445],[7.1852,43.7467],[7.1909,43.752],[7.1951,43.7561],[7.1977,43.7597],[7.1994,43.7608],[7.2038,43.7648],[7.2074,43.768],[7.212,43.7725],[7.2156,43.7713],[7.2187,43.7712],[7.2223,43.7717],[7.2243,43.7711],[7.2253,43.7701],[7.2292,43.7682],[7.2308,43.7656],[7.2337,43.7645],[7.2371,43.7649],[7.2388,43.7639],[7.2409,43.7608],[7.2417,43.7572],[7.2426,43.7559],[7.2431,43.7534],[7.2425,43.7513],[7.2442,43.7511],[7.2486,43.7516],[7.2486,43.7478],[7.2498,43.7467],[7.2524,43.746],[7.2524,43.7444],[7.2511,43.7423],[7.2515,43.7402],[7.2556,43.7419],[7.2579,43.7419],[7.2608,43.7445],[7.2624,43.7454],[7.2637,43.7434],[7.2675,43.7443],[7.2714,43.7438],[7.2728,43.745],[7.2742,43.745],[7.2758,43.743],[7.2777,43.7424],[7.2795,43.743],[7.2799,43.7422],[7.2792,43.74],[7.2818,43.7366],[7.2813,43.7359],[7.2859,43.7339],[7.2907,43.7349],[7.2928,43.736],[7.2949,43.7364],[7.2958,43.7381],[7.2988,43.7396],[7.2966,43.7426],[7.2952,43.7463],[7.2951,43.7485],[7.2961,43.7499],[7.2972,43.7543],[7.2966,43.755],[7.2962,43.7587],[7.2971,43.758],[7.298,43.7557],[7.3023,43.7537],[7.3072,43.7534],[7.3079,43.7509],[7.3095,43.7485],[7.3121,43.7455],[7.3097,43.7438],[7.3098,43.7408],[7.3076,43.7371],[7.3058,43.7358],[7.3033,43.7349],[7.2928,43.7337],[7.2925,43.7329],[7.2941,43.7311],[7.2984,43.7289],[7.3006,43.7241],[7.3022,43.7216],[7.3034,43.7211],[7.3052,43.7223],[7.3058,43.7261],[7.31,43.725],[7.3131,43.7228],[7.3164,43.7223],[7.3209,43.7234],[7.3234,43.7229],[7.3198,43.7226],[7.318,43.7215],[7.3146,43.7204],[7.3126,43.7173],[7.3135,43.7154],[7.313,43.7145],[7.3095,43.7139],[7.3063,43.7117],[7.3066,43.71],[7.3055,43.709],[7.3022,43.7079],[7.3007,43.7012],[7.3042,43.6967],[7.3055,43.6944],[7.3073,43.6925],[7.3087,43.6924],[7.3075,43.6874],[7.306,43.6859],[7.3033,43.6856],[7.2996,43.6861],[7.2949,43.6859],[7.2936,43.6866],[7.2941,43.6888],[7.293,43.6908],[7.2911,43.6913],[7.2899,43.693],[7.2853,43.6938],[7.2857,43.6977],[7.2842,43.6978],[7.2842,43.6952],[7.2833,43.6944],[7.2849,43.6927],[7.2807,43.6926],[7.2788,43.693],[7.2768,43.6944],[7.2725,43.6945],[7.2687,43.6943],[7.2624,43.6943],[7.2561,43.6932],[7.2479,43.691],[7.2438,43.6894],[7.2379,43.686],[7.2328,43.6815],[7.2306,43.6786],[7.2316,43.6767],[7.2312,43.6752],[7.2293,43.6734],[7.2297,43.672],[7.229,43.6689],[7.2303,43.6654],[7.2259,43.6623],[7.2253,43.6594],[7.2224,43.6574],[7.2213,43.6577],[7.2184,43.656],[7.2181,43.6546],[7.2134,43.6528],[7.2116,43.6498],[7.213,43.6484],[7.2116,43.6473],[7.2082,43.6475],[7.2065,43.6456],[7.2007,43.6452],[7.1992,43.6474],[7.2025,43.6497],[7.2029,43.6513],[7.2004,43.653],[7.1993,43.6548],[7.2,43.6557],[7.2004,43.6587],[7.1999,43.661],[7.1967,43.6689],[7.1921,43.679],[7.1897,43.685],[7.1884,43.6889],[7.1871,43.6947],[7.1853,43.7123],[7.1844,43.7187],[7.1821,43.7333]]]}},{"type":"Feature","properties":{"nom":"CPTS Nord Provence","statut":"","communes":["84019","84061","84063","84064","84078","84083","84091","84106","84127","84135"],"president":"Patricia BLANQUIER","coordonnateur":"Audrey VICTOR","contact":"nordprovenceassociation@gmail.com","site":"www.cpts-np.fr"},"geometry":{"type":"Polygon","coordinates":[[[4.7965,44.172],[4.7963,44.1708],[4.7906,44.1656],[4.7872,44.1635],[4.7865,44.162],[4.7838,44.1614],[4.7801,44.1591],[4.7787,44.1568],[4.7771,44.1558],[4.7767,44.1544],[4.7708,44.1547],[4.7604,44.1539],[4.7508,44.1546],[4.751,44.1559],[4.7481,44.1568],[4.7438,44.1555],[4.7408,44.1552],[4.7383,44.1559],[4.7353,44.1551],[4.7358,44.1521],[4.7334,44.15],[4.7318,44.1478],[4.7298,44.147],[4.7294,44.1459],[4.7276,44.146],[4.7265,44.1475],[4.7264,44.1493],[4.7237,44.1517],[4.721,44.1529],[4.7182,44.1524],[4.7168,44.1626],[4.7161,44.166],[4.7179,44.1719],[4.7181,44.1736],[4.7164,44.1767],[4.7198,44.1771],[4.7201,44.1798],[4.7219,44.1838],[4.7221,44.1874],[4.7199,44.189],[4.715,44.191],[4.7099,44.1915],[4.7058,44.1928],[4.7038,44.1977],[4.7044,44.2006],[4.7082,44.2047],[4.7097,44.2069],[4.7095,44.2106],[4.7081,44.2131],[4.7066,44.2144],[4.7018,44.2161],[4.6942,44.2154],[4.6836,44.2124],[4.6802,44.2121],[4.6767,44.2126],[4.6737,44.2147],[4.6727,44.2168],[4.6729,44.2186],[4.674,44.2211],[4.6784,44.2294],[4.6786,44.2312],[4.6779,44.2341],[4.6748,44.2385],[4.6731,44.2399],[4.6664,44.2438],[4.6619,44.2471],[4.6541,44.2543],[4.6534,44.2566],[4.6515,44.2591],[4.6492,44.2636],[4.6492,44.2704],[4.651,44.2744],[4.6513,44.2771],[4.6511,44.2829],[4.6514,44.2867],[4.6529,44.291],[4.6532,44.2948],[4.6537,44.2973],[4.6535,44.3021],[4.6517,44.3068],[4.6498,44.3096],[4.6493,44.3116],[4.6513,44.3226],[4.6516,44.3269],[4.6506,44.3298],[4.659,44.3269],[4.6695,44.3228],[4.6713,44.3237],[4.6714,44.3248],[4.6753,44.324],[4.679,44.3205],[4.6869,44.3203],[4.6955,44.3207],[4.7016,44.3205],[4.7078,44.3207],[4.713,44.3207],[4.7125,44.3239],[4.7138,44.3256],[4.7188,44.3257],[4.718,44.3269],[4.7217,44.3266],[4.7247,44.3263],[4.7334,44.3262],[4.7417,44.3254],[4.7429,44.3255],[4.7493,44.3251],[4.7554,44.3254],[4.763,44.3251],[4.7651,44.3229],[4.7682,44.3212],[4.7687,44.3196],[4.7718,44.3175],[4.7756,44.318],[4.7767,44.3192],[4.7797,44.3194],[4.7823,44.3159],[4.7853,44.3135],[4.7875,44.3136],[4.7905,44.3075],[4.7935,44.3066],[4.7966,44.3047],[4.7993,44.3035],[4.8046,44.3039],[4.8029,44.2966],[4.8048,44.2934],[4.8047,44.2878],[4.803,44.2851],[4.8031,44.28],[4.8035,44.278],[4.8045,44.2776],[4.8066,44.2732],[4.804,44.2692],[4.8098,44.2637],[4.8127,44.2577],[4.8123,44.2558],[4.8131,44.2527],[4.8121,44.2512],[4.8136,44.2471],[4.8121,44.242],[4.8133,44.2373],[4.8141,44.2323],[4.8155,44.2319],[4.8174,44.2297],[4.8213,44.229],[4.8255,44.2286],[4.8266,44.2283],[4.8277,44.2305],[4.8295,44.2304],[4.8323,44.2319],[4.8377,44.2365],[4.8408,44.2357],[4.8415,44.2395],[4.8435,44.2418],[4.8462,44.2408],[4.8547,44.2452],[4.8571,44.246],[4.857,44.2477],[4.8587,44.2486],[4.8641,44.2495],[4.8659,44.2496],[4.8663,44.2529],[4.8674,44.2557],[4.8705,44.2563],[4.8752,44.26],[4.8803,44.2618],[4.885,44.2617],[4.8904,44.2627],[4.8961,44.2644],[4.9013,44.2643],[4.8999,44.2622],[4.897,44.2597],[4.8957,44.2577],[4.8993,44.2569],[4.9011,44.2598],[4.9019,44.2602],[4.9129,44.2606],[4.9223,44.2598],[4.9231,44.2611],[4.9284,44.2627],[4.9329,44.2621],[4.9267,44.2552],[4.9264,44.2527],[4.9242,44.2528],[4.9217,44.2543],[4.9179,44.2527],[4.9125,44.2464],[4.9102,44.247],[4.9041,44.2449],[4.8991,44.2425],[4.898,44.2425],[4.8976,44.2396],[4.898,44.2361],[4.8988,44.2327],[4.9012,44.227],[4.9014,44.223],[4.9039,44.2163],[4.9058,44.216],[4.9088,44.2141],[4.915,44.211],[4.9156,44.2081],[4.9011,44.2056],[4.8958,44.2052],[4.8908,44.205],[4.887,44.2044],[4.8836,44.2044],[4.8839,44.1986],[4.8816,44.1976],[4.8784,44.1943],[4.8768,44.1898],[4.8774,44.1866],[4.8762,44.1842],[4.8772,44.1802],[4.878,44.1797],[4.8751,44.1767],[4.8721,44.1756],[4.8693,44.1751],[4.8614,44.176],[4.8565,44.1742],[4.8543,44.1745],[4.8518,44.1759],[4.848,44.1773],[4.8453,44.1775],[4.8408,44.1771],[4.8378,44.1761],[4.8324,44.1724],[4.8296,44.1699],[4.8268,44.1668],[4.8236,44.1644],[4.8208,44.166],[4.8205,44.1724],[4.8208,44.1758],[4.822,44.1833],[4.8212,44.1833],[4.8203,44.1878],[4.8154,44.1877],[4.8146,44.1844],[4.8127,44.1825],[4.8015,44.1768],[4.8015,44.1724],[4.7965,44.172]]]}},{"type":"Feature","properties":{"nom":"CPTS Ouest Etang de Berre","statut":"","communes":["13039","13047","13078"],"president":"Dr Aurélie PICARD GUINDON","coordonnateur":"Tiffany PORTES","contact":"cpts.ouest.etang.berre@gmail.com","site":""},"geometry":{"type":"MultiPolygon","coordinates":[[[[4.8504,43.398],[4.85,43.3988],[4.8451,43.402],[4.8415,43.4036],[4.8399,43.4016],[4.8359,43.398],[4.837,43.3976],[4.8387,43.3945],[4.8412,43.3946],[4.8422,43.3958],[4.8446,43.3938],[4.8487,43.3916],[4.8515,43.3938],[4.8527,43.3941],[4.8533,43.3917],[4.8545,43.3905],[4.8515,43.3902],[4.8539,43.3888],[4.8718,43.3904],[4.8718,43.39],[4.8541,43.3886],[4.8551,43.3879],[4.8527,43.3834],[4.8504,43.3838],[4.8491,43.3832],[4.8495,43.38],[4.8484,43.3786],[4.8434,43.3781],[4.8412,43.3767],[4.8345,43.3761],[4.8343,43.3751],[4.8424,43.3758],[4.8437,43.3744],[4.8464,43.3731],[4.8477,43.3711],[4.8517,43.3761],[4.8548,43.3718],[4.8569,43.3709],[4.8591,43.3672],[4.8606,43.37],[4.8621,43.369],[4.8647,43.365],[4.866,43.3675],[4.8648,43.3688],[4.8667,43.3696],[4.868,43.3685],[4.8685,43.3669],[4.8703,43.3654],[4.8707,43.364],[4.8728,43.3629],[4.8732,43.3611],[4.8799,43.359],[4.8797,43.3565],[4.883,43.3565],[4.8846,43.3585],[4.883,43.3622],[4.883,43.3637],[4.8902,43.3653],[4.8911,43.3678],[4.8949,43.3693],[4.8977,43.3697],[4.9022,43.371],[4.9039,43.3722],[4.9088,43.3747],[4.9094,43.3771],[4.9123,43.3796],[4.9136,43.3829],[4.912,43.3847],[4.9111,43.3871],[4.9118,43.3876],[4.9165,43.3839],[4.9167,43.3815],[4.9175,43.3799],[4.9161,43.377],[4.9128,43.3744],[4.9081,43.3715],[4.8964,43.3626],[4.8925,43.3602],[4.8806,43.351],[4.8776,43.3485],[4.8709,43.3448],[4.8684,43.3432],[4.8618,43.338],[4.8603,43.3363],[4.8551,43.3326],[4.8519,43.3323],[4.8481,43.3337],[4.8445,43.3323],[4.8416,43.3335],[4.8378,43.3376],[4.835,43.343],[4.8341,43.347],[4.8348,43.3505],[4.8349,43.3543],[4.8343,43.3609],[4.8333,43.3656],[4.8312,43.3687],[4.8266,43.3702],[4.822,43.3721],[4.8138,43.3769],[4.798,43.3866],[4.7902,43.3901],[4.7833,43.3929],[4.7773,43.3972],[4.7683,43.4025],[4.7634,43.4051],[4.754,43.4087],[4.7482,43.4166],[4.7402,43.4241],[4.7367,43.4261],[4.7344,43.4278],[4.7337,43.431],[4.7344,43.4342],[4.7379,43.4405],[4.7404,43.4445],[4.7431,43.4481],[4.7469,43.4545],[4.7495,43.4602],[4.7499,43.4617],[4.7523,43.4616],[4.7546,43.4637],[4.7569,43.4671],[4.7624,43.4722],[4.764,43.4742],[4.7696,43.4771],[4.7737,43.4776],[4.7797,43.4795],[4.7837,43.4793],[4.7852,43.4787],[4.792,43.4744],[4.7951,43.4771],[4.7968,43.4781],[4.7989,43.4775],[4.8027,43.4787],[4.8047,43.4784],[4.8061,43.4773],[4.8064,43.4759],[4.808,43.4731],[4.8118,43.4698],[4.8149,43.4683],[4.8228,43.4742],[4.8247,43.473],[4.8381,43.4626],[4.8537,43.4659],[4.8556,43.4674],[4.8621,43.4744],[4.8686,43.4824],[4.8739,43.4926],[4.8764,43.4945],[4.8815,43.498],[4.9156,43.5088],[4.9287,43.5107],[4.9168,43.5185],[4.8932,43.5337],[4.8802,43.5416],[4.8862,43.5472],[4.8897,43.5527],[4.8901,43.5594],[4.8875,43.5646],[4.8837,43.5744],[4.8827,43.5784],[4.8849,43.588],[4.8875,43.5919],[4.8903,43.5937],[4.8922,43.596],[4.8976,43.6003],[4.9006,43.6023],[4.9013,43.6033],[4.9106,43.6092],[4.9184,43.6151],[4.9208,43.6163],[4.9401,43.6203],[4.9448,43.6228],[4.9482,43.6187],[4.9517,43.6124],[4.9521,43.6124],[4.9768,43.6158],[4.9784,43.6163],[4.9802,43.6125],[4.9804,43.6052],[4.9801,43.603],[4.9745,43.602],[4.969,43.6015],[4.9672,43.6009],[4.9834,43.5879],[4.9931,43.5797],[4.9914,43.5768],[5.0072,43.5636],[5.0049,43.5604],[5.0011,43.5539],[5.0025,43.5503],[5.0074,43.5514],[5.009,43.5533],[5.0099,43.5566],[5.0145,43.5555],[5.0133,43.5545],[5.012,43.5493],[5.013,43.5483],[5.0123,43.5471],[5.0123,43.5444],[5.0142,43.5389],[5.0142,43.5352],[5.0134,43.533],[5.0141,43.5314],[5.0159,43.529],[5.0159,43.5275],[5.0148,43.5264],[5.0141,43.5237],[5.0122,43.5239],[5.0082,43.5203],[5.0082,43.5195],[5.0057,43.5172],[5.0052,43.5158],[5.0025,43.5128],[4.9998,43.5082],[5.0001,43.5055],[4.9989,43.5037],[4.998,43.5009],[4.9986,43.4979],[5.0001,43.4966],[5.0002,43.4934],[5.0016,43.4887],[5.0035,43.4856],[5.0037,43.4833],[5.0032,43.4807],[5.0023,43.4791],[5.0011,43.4789],[5.0007,43.4767],[5.0009,43.4741],[5.0029,43.4713],[5.006,43.4697],[5.0058,43.4684],[5.0022,43.4683],[5.0009,43.4702],[4.9993,43.4689],[4.9957,43.4723],[4.9949,43.4739],[4.9924,43.4751],[4.9895,43.4778],[4.9878,43.4801],[4.9864,43.4799],[4.9843,43.4779],[4.9826,43.4755],[4.981,43.4742],[4.9759,43.4741],[4.9771,43.472],[4.9783,43.468],[4.9783,43.4665],[4.9801,43.463],[4.9792,43.4614],[4.9789,43.4589],[4.9752,43.4556],[4.9761,43.4497],[4.9808,43.4453],[4.9784,43.4441],[4.9782,43.4404],[4.9785,43.4378],[4.9817,43.4323],[4.9804,43.4309],[4.9781,43.4295],[4.975,43.4293],[4.9734,43.4283],[4.9734,43.4271],[4.9752,43.424],[4.9744,43.4224],[4.9722,43.4219],[4.97,43.4249],[4.9677,43.4261],[4.9494,43.4292],[4.9438,43.4289],[4.9412,43.4283],[4.9415,43.4269],[4.9387,43.4266],[4.9382,43.4281],[4.9403,43.4293],[4.9388,43.4316],[4.9314,43.4332],[4.9279,43.432],[4.9193,43.4309],[4.9133,43.4286],[4.9106,43.4273],[4.9093,43.425],[4.9087,43.4224],[4.9069,43.4212],[4.9063,43.4197],[4.9029,43.4181],[4.8999,43.4171],[4.8954,43.4165],[4.8905,43.4141],[4.8884,43.4122],[4.8942,43.4045],[4.8935,43.4041],[4.8868,43.4129],[4.8847,43.4137],[4.8868,43.4147],[4.8884,43.417],[4.8888,43.4202],[4.8921,43.4233],[4.8966,43.4262],[4.903,43.428],[4.9034,43.4297],[4.9015,43.4295],[4.8955,43.4278],[4.8928,43.4288],[4.8916,43.4276],[4.8885,43.4266],[4.8862,43.4241],[4.884,43.4195],[4.8822,43.4193],[4.8781,43.425],[4.8778,43.426],[4.8755,43.4261],[4.8729,43.4305],[4.8723,43.4327],[4.8691,43.4322],[4.8674,43.4323],[4.866,43.4351],[4.8657,43.4394],[4.8649,43.4418],[4.8623,43.4482],[4.8604,43.4508],[4.8621,43.4518],[4.8608,43.454],[4.8502,43.4508],[4.8536,43.4458],[4.8589,43.4417],[4.8713,43.4215],[4.8739,43.4174],[4.8773,43.4105],[4.8717,43.4087],[4.8669,43.4047],[4.8658,43.4046],[4.8643,43.4062],[4.8526,43.4135],[4.8519,43.4155],[4.85,43.4171],[4.8461,43.4178],[4.8303,43.4277],[4.8299,43.4298],[4.8285,43.4298],[4.8284,43.4277],[4.8244,43.4244],[4.825,43.4239],[4.8399,43.4151],[4.8397,43.4143],[4.842,43.4135],[4.8615,43.4008],[4.8588,43.401],[4.8564,43.4005],[4.8533,43.3985],[4.8504,43.398]]],[[[4.8749,43.3624],[4.8749,43.3662],[4.8737,43.3679],[4.8746,43.3688],[4.8768,43.3678],[4.8778,43.3664],[4.8776,43.3649],[4.877,43.3628],[4.8749,43.3624]]]]}},{"type":"Feature","properties":{"nom":"CPTS Pays Grassois","statut":"","communes":["06007","06026","06037","06058","06069","06090","06095","06118","06130","06137","06140"],"president":"Dr Sarah FILALI","coordonnateur":"","contact":"cptspaysdegrasse@gmail.com","site":"cptspaysdegrasse.fr"},"geometry":{"type":"Polygon","coordinates":[[[6.8808,43.606],[6.8777,43.6069],[6.8723,43.6075],[6.8703,43.606],[6.8654,43.6032],[6.8637,43.606],[6.8609,43.6061],[6.8596,43.6077],[6.8596,43.61],[6.8575,43.6108],[6.8564,43.6089],[6.853,43.6093],[6.8526,43.6085],[6.854,43.6062],[6.8544,43.6046],[6.8517,43.6044],[6.8498,43.6064],[6.8491,43.6085],[6.8466,43.6108],[6.8455,43.611],[6.8446,43.6128],[6.8403,43.613],[6.8387,43.6138],[6.8407,43.6149],[6.8388,43.6174],[6.8361,43.6177],[6.8358,43.6191],[6.8329,43.6213],[6.8308,43.622],[6.8283,43.6215],[6.8246,43.6232],[6.8233,43.6243],[6.8191,43.6267],[6.8174,43.6283],[6.8168,43.6298],[6.8129,43.6305],[6.8111,43.6293],[6.8078,43.6286],[6.8067,43.6279],[6.8025,43.6267],[6.8001,43.6273],[6.7987,43.6282],[6.7972,43.6309],[6.7949,43.6328],[6.7928,43.6331],[6.792,43.634],[6.7938,43.6354],[6.7939,43.6393],[6.7917,43.6419],[6.7897,43.6434],[6.7873,43.6459],[6.787,43.6469],[6.7844,43.6486],[6.7857,43.651],[6.7832,43.6536],[6.7777,43.6563],[6.7773,43.6588],[6.7763,43.6599],[6.7697,43.6604],[6.7658,43.6603],[6.7625,43.6629],[6.7611,43.6659],[6.7617,43.6693],[6.7604,43.6708],[6.7598,43.6739],[6.7613,43.6753],[6.7624,43.6776],[6.761,43.6805],[6.7631,43.6823],[6.7652,43.685],[6.7653,43.6865],[6.7645,43.6882],[6.767,43.6903],[6.7691,43.6906],[6.7718,43.6932],[6.7747,43.6938],[6.7724,43.6952],[6.7735,43.6965],[6.7724,43.6976],[6.7725,43.6993],[6.7742,43.7036],[6.7726,43.7061],[6.7676,43.7093],[6.7668,43.7106],[6.7679,43.7129],[6.7666,43.7169],[6.7672,43.7171],[6.7663,43.7211],[6.7667,43.7221],[6.7644,43.7231],[6.7623,43.7232],[6.7583,43.7253],[6.7561,43.7273],[6.7565,43.7302],[6.7578,43.7306],[6.7573,43.7336],[6.7556,43.7355],[6.7554,43.7369],[6.7532,43.737],[6.7537,43.7384],[6.7525,43.7411],[6.7512,43.74],[6.748,43.7384],[6.7462,43.7368],[6.742,43.7374],[6.738,43.7385],[6.7323,43.7385],[6.729,43.7383],[6.7229,43.7385],[6.7194,43.7381],[6.715,43.7387],[6.7125,43.7404],[6.7161,43.7405],[6.7185,43.7413],[6.7203,43.7413],[6.722,43.7424],[6.7258,43.7435],[6.7325,43.7448],[6.7354,43.746],[6.7374,43.7478],[6.7407,43.7497],[6.7409,43.7507],[6.7431,43.7534],[6.7483,43.7509],[6.7543,43.751],[6.758,43.7492],[6.7648,43.7485],[6.768,43.7506],[6.7707,43.7516],[6.773,43.7516],[6.7762,43.7508],[6.7799,43.7491],[6.7844,43.7478],[6.7882,43.7468],[6.795,43.7467],[6.798,43.7473],[6.8022,43.7487],[6.8062,43.7494],[6.8073,43.748],[6.8105,43.7448],[6.8156,43.7428],[6.82,43.7398],[6.8226,43.7375],[6.8332,43.7342],[6.8404,43.7309],[6.8453,43.732],[6.8512,43.7337],[6.8528,43.7337],[6.8535,43.735],[6.8588,43.735],[6.8604,43.7356],[6.8651,43.7364],[6.8673,43.7372],[6.8719,43.7342],[6.8727,43.7351],[6.873,43.738],[6.868,43.7456],[6.8688,43.7464],[6.8692,43.7488],[6.8678,43.7498],[6.8666,43.7519],[6.8654,43.755],[6.8639,43.7569],[6.8612,43.7592],[6.8611,43.7604],[6.8594,43.7617],[6.8578,43.7646],[6.8688,43.7636],[6.8766,43.7609],[6.8878,43.7583],[6.8942,43.7579],[6.8974,43.7581],[6.9142,43.7555],[6.9217,43.7548],[6.9324,43.7517],[6.9431,43.7505],[6.9469,43.7507],[6.9547,43.7486],[6.9563,43.7471],[6.9543,43.7448],[6.9524,43.7435],[6.9501,43.7436],[6.9477,43.7428],[6.9436,43.7408],[6.9436,43.7378],[6.9416,43.7343],[6.9392,43.7312],[6.9395,43.7297],[6.9379,43.7267],[6.9347,43.7225],[6.93,43.7178],[6.9275,43.7168],[6.9242,43.716],[6.923,43.7151],[6.9207,43.7146],[6.9182,43.7151],[6.9176,43.7144],[6.912,43.7136],[6.9098,43.7138],[6.9028,43.7129],[6.8992,43.7131],[6.8993,43.7109],[6.9014,43.7099],[6.9039,43.7073],[6.9048,43.7053],[6.9049,43.7033],[6.9058,43.6995],[6.9079,43.6987],[6.9096,43.698],[6.921,43.6973],[6.9223,43.696],[6.9241,43.6952],[6.9275,43.6961],[6.9316,43.696],[6.9349,43.6948],[6.9379,43.6944],[6.9405,43.6924],[6.9445,43.6926],[6.9478,43.6919],[6.9487,43.6906],[6.9556,43.6887],[6.9594,43.6874],[6.9602,43.6863],[6.9639,43.6854],[6.9671,43.684],[6.9668,43.6831],[6.9693,43.6813],[6.9696,43.6791],[6.9646,43.6741],[6.9612,43.6733],[6.9592,43.672],[6.9614,43.668],[6.9614,43.6664],[6.9636,43.6638],[6.9629,43.6611],[6.9653,43.6581],[6.9697,43.655],[6.9712,43.6535],[6.9705,43.6516],[6.972,43.648],[6.9743,43.6466],[6.9766,43.6459],[6.9779,43.6445],[6.9812,43.6442],[6.9834,43.6428],[6.9856,43.6425],[6.9886,43.6411],[6.9845,43.641],[6.9831,43.6402],[6.9801,43.64],[6.9795,43.6385],[6.9768,43.6355],[6.9769,43.6348],[6.9738,43.6337],[6.9718,43.6323],[6.9669,43.6321],[6.9659,43.6312],[6.9659,43.6285],[6.9669,43.6257],[6.966,43.6241],[6.9637,43.6244],[6.9611,43.6255],[6.9565,43.6269],[6.9498,43.6263],[6.945,43.6267],[6.9419,43.6265],[6.9382,43.6247],[6.9362,43.623],[6.935,43.6211],[6.9327,43.6185],[6.9333,43.616],[6.9342,43.6155],[6.9355,43.6146],[6.9362,43.6128],[6.9345,43.6058],[6.9416,43.6003],[6.9432,43.5994],[6.9438,43.5966],[6.9442,43.5943],[6.94,43.5933],[6.9379,43.591],[6.9366,43.5886],[6.9342,43.5863],[6.9297,43.583],[6.9322,43.5806],[6.9337,43.58],[6.9333,43.5784],[6.9358,43.5779],[6.9362,43.5758],[6.9382,43.576],[6.94,43.5743],[6.9388,43.5724],[6.9417,43.5708],[6.9409,43.5701],[6.9386,43.5707],[6.9332,43.5712],[6.9254,43.5712],[6.9242,43.5696],[6.919,43.5662],[6.9158,43.5629],[6.9127,43.5617],[6.9066,43.5641],[6.9082,43.5639],[6.9089,43.5674],[6.9083,43.5687],[6.9079,43.5727],[6.9055,43.5737],[6.9044,43.5752],[6.9022,43.576],[6.8988,43.5796],[6.8984,43.5816],[6.9018,43.5849],[6.9017,43.5864],[6.9029,43.5874],[6.9033,43.5892],[6.9056,43.593],[6.909,43.5946],[6.911,43.5966],[6.912,43.5983],[6.9095,43.5984],[6.908,43.5991],[6.9072,43.601],[6.9058,43.6026],[6.903,43.6026],[6.9007,43.6049],[6.8987,43.6059],[6.8979,43.6083],[6.8952,43.6094],[6.8945,43.611],[6.8923,43.6107],[6.8898,43.6093],[6.8873,43.6072],[6.883,43.6064],[6.8808,43.606]]]}},{"type":"Feature","properties":{"nom":"CPTS Pays d'Aubagne et de l'Etoile","statut":"","communes":["13005","13007","13013","13016","13020","13030","13031","13042","13070","13073","13086","13101","83093","83120"],"president":"Nathalie BONAVENTURE","coordonnateur":"Audrey GARIBBO","contact":"contact@cpts-etoile-aubagne.org","site":"cpts-etoile-aubagne.fr"},"geometry":{"type":"Polygon","coordinates":[[[5.5061,43.2743],[5.5053,43.2769],[5.5055,43.2801],[5.5047,43.2814],[5.5053,43.2832],[5.5111,43.2822],[5.5119,43.2869],[5.5129,43.2889],[5.5161,43.2881],[5.5184,43.288],[5.5185,43.2892],[5.5211,43.2899],[5.521,43.2913],[5.5229,43.2932],[5.5246,43.2942],[5.5269,43.2942],[5.5303,43.2973],[5.5321,43.2983],[5.5325,43.2995],[5.5302,43.3011],[5.5294,43.303],[5.5284,43.3037],[5.5285,43.3072],[5.5271,43.3091],[5.5284,43.3111],[5.5307,43.3122],[5.5307,43.3137],[5.5295,43.3143],[5.5278,43.3137],[5.523,43.3142],[5.5212,43.3164],[5.5213,43.3177],[5.5226,43.3194],[5.5228,43.3208],[5.5248,43.3213],[5.527,43.3227],[5.53,43.3253],[5.5349,43.3288],[5.5364,43.3303],[5.54,43.3318],[5.5406,43.333],[5.546,43.3354],[5.5485,43.3358],[5.548,43.3409],[5.546,43.3448],[5.5483,43.3445],[5.5522,43.346],[5.5557,43.3452],[5.5581,43.346],[5.558,43.3517],[5.5594,43.3533],[5.5631,43.3546],[5.5657,43.3567],[5.5632,43.3584],[5.5639,43.3601],[5.562,43.3639],[5.5601,43.3729],[5.5583,43.3772],[5.5574,43.3806],[5.5541,43.3842],[5.5541,43.3858],[5.5511,43.3868],[5.548,43.3885],[5.5447,43.3908],[5.5433,43.3903],[5.5303,43.3874],[5.5233,43.3874],[5.5193,43.3866],[5.5169,43.3865],[5.5147,43.3855],[5.5146,43.3837],[5.5131,43.3824],[5.5088,43.3849],[5.5077,43.3863],[5.5045,43.3881],[5.5072,43.3957],[5.5103,43.3987],[5.5142,43.402],[5.5146,43.4043],[5.5127,43.4054],[5.513,43.4062],[5.5181,43.4069],[5.5199,43.4093],[5.5244,43.4135],[5.5274,43.4157],[5.5281,43.4169],[5.5298,43.4163],[5.5332,43.4166],[5.5364,43.4166],[5.5475,43.4155],[5.5499,43.4142],[5.5526,43.4136],[5.5566,43.4109],[5.5594,43.4076],[5.5597,43.4085],[5.5615,43.4102],[5.5635,43.4132],[5.5622,43.4142],[5.5644,43.4168],[5.5612,43.4181],[5.5578,43.4207],[5.5597,43.4228],[5.5603,43.4269],[5.5611,43.4275],[5.5599,43.4321],[5.5587,43.434],[5.5595,43.4341],[5.5624,43.4318],[5.5643,43.434],[5.5697,43.4355],[5.5796,43.4386],[5.5839,43.4404],[5.5875,43.4427],[5.5927,43.4401],[5.5979,43.4394],[5.5993,43.4363],[5.6011,43.4355],[5.6046,43.4318],[5.6058,43.4279],[5.6063,43.4235],[5.6095,43.4196],[5.6113,43.4155],[5.6105,43.4119],[5.6136,43.4113],[5.6143,43.4098],[5.6245,43.4096],[5.6278,43.4098],[5.6367,43.4068],[5.6391,43.4041],[5.6437,43.4007],[5.6496,43.4001],[5.6511,43.4007],[5.6573,43.4005],[5.6615,43.3999],[5.6642,43.4008],[5.6691,43.4005],[5.6704,43.4],[5.6776,43.4017],[5.6793,43.4019],[5.6814,43.4013],[5.6828,43.3992],[5.6875,43.402],[5.6892,43.402],[5.6965,43.4071],[5.7013,43.4081],[5.7062,43.4079],[5.7148,43.4072],[5.7212,43.4085],[5.7244,43.4089],[5.7307,43.4062],[5.7327,43.4073],[5.7401,43.4045],[5.75,43.4015],[5.7465,43.401],[5.7434,43.3993],[5.7421,43.3965],[5.7393,43.3948],[5.7394,43.3922],[5.7404,43.3884],[5.7386,43.3825],[5.7389,43.38],[5.7401,43.3796],[5.7397,43.3772],[5.741,43.377],[5.7405,43.3749],[5.7424,43.374],[5.7417,43.3699],[5.7425,43.3651],[5.7435,43.3648],[5.7442,43.3627],[5.7418,43.359],[5.7449,43.3523],[5.7499,43.3432],[5.7537,43.344],[5.7563,43.3441],[5.7594,43.3426],[5.7616,43.3411],[5.7652,43.3416],[5.7729,43.3431],[5.7771,43.3438],[5.7847,43.3443],[5.798,43.3458],[5.8011,43.3472],[5.8063,43.3474],[5.8078,43.3492],[5.8244,43.3542],[5.8253,43.3504],[5.8251,43.3447],[5.8206,43.3417],[5.8176,43.3394],[5.8102,43.3387],[5.8054,43.338],[5.8015,43.3379],[5.7922,43.3355],[5.788,43.3341],[5.779,43.3306],[5.7767,43.3291],[5.7729,43.3277],[5.7688,43.3275],[5.7679,43.328],[5.7645,43.3267],[5.755,43.3245],[5.748,43.3235],[5.7453,43.3223],[5.7368,43.3197],[5.7325,43.3185],[5.7266,43.3174],[5.7352,43.3035],[5.7366,43.3021],[5.7405,43.2991],[5.7456,43.2943],[5.7498,43.2893],[5.7554,43.2855],[5.7562,43.2841],[5.7628,43.2824],[5.7625,43.2808],[5.7612,43.2801],[5.7619,43.2786],[5.7602,43.2769],[5.7605,43.2747],[5.7609,43.2673],[5.757,43.2664],[5.7498,43.266],[5.7504,43.264],[5.7463,43.2641],[5.7451,43.2632],[5.7433,43.2635],[5.7407,43.2625],[5.7371,43.2623],[5.7349,43.2617],[5.7331,43.2592],[5.7327,43.2577],[5.7297,43.2578],[5.7232,43.257],[5.7208,43.2564],[5.7181,43.255],[5.7128,43.2533],[5.7115,43.2533],[5.7096,43.2513],[5.7089,43.2493],[5.7038,43.2489],[5.7012,43.2472],[5.6973,43.2495],[5.6868,43.2531],[5.6819,43.2547],[5.6787,43.2554],[5.6704,43.258],[5.6681,43.2584],[5.6668,43.2602],[5.6674,43.2636],[5.6617,43.266],[5.6617,43.2672],[5.657,43.267],[5.6548,43.2673],[5.6535,43.2664],[5.6513,43.2668],[5.6489,43.2661],[5.6461,43.2682],[5.6442,43.2681],[5.6298,43.2701],[5.6274,43.2702],[5.6154,43.2701],[5.6106,43.2694],[5.6047,43.2682],[5.6013,43.2657],[5.5983,43.2647],[5.5954,43.2653],[5.5903,43.2647],[5.5866,43.2668],[5.5831,43.2714],[5.5775,43.2694],[5.5708,43.2679],[5.5639,43.2634],[5.5624,43.2612],[5.5578,43.2587],[5.5569,43.2576],[5.5531,43.2572],[5.5444,43.2546],[5.5472,43.2466],[5.5258,43.2449],[5.5196,43.2443],[5.5182,43.2496],[5.5168,43.2534],[5.5149,43.2601],[5.513,43.2634],[5.5147,43.2672],[5.5144,43.2677],[5.5107,43.2686],[5.5092,43.2715],[5.5061,43.2743]]]}},{"type":"Feature","properties":{"nom":"CPTS Pays de Martigues","statut":"","communes":["13021","13026","13033","13056","13077","13098","13104"],"president":"Dr Ettore MARZANO","coordonnateur":"Rose-Marie DE LIMA","contact":"contact@cpts-martigues.fr","site":"cpts-martigues.fr"},"geometry":{"type":"Polygon","coordinates":[[[5.1967,43.3793],[5.198,43.3742],[5.1993,43.3738],[5.2007,43.3777],[5.2058,43.38],[5.2071,43.381],[5.2143,43.3819],[5.2159,43.3777],[5.2172,43.376],[5.2206,43.374],[5.2221,43.3728],[5.2217,43.3716],[5.2243,43.3698],[5.227,43.3691],[5.228,43.3682],[5.2287,43.3653],[5.2304,43.3628],[5.2307,43.3602],[5.2297,43.3579],[5.2275,43.3555],[5.23,43.3541],[5.2328,43.3535],[5.2358,43.3511],[5.237,43.3487],[5.2372,43.344],[5.2355,43.3446],[5.2335,43.3439],[5.2347,43.3369],[5.2363,43.3344],[5.2372,43.3317],[5.2362,43.3308],[5.2333,43.3305],[5.2301,43.3296],[5.2294,43.3287],[5.2269,43.3289],[5.2241,43.3282],[5.2199,43.3281],[5.2205,43.3302],[5.2187,43.3311],[5.2147,43.3298],[5.2079,43.3292],[5.2065,43.3306],[5.2012,43.3311],[5.1988,43.332],[5.1974,43.3318],[5.1948,43.33],[5.1942,43.3307],[5.1916,43.3295],[5.1856,43.3315],[5.1848,43.3325],[5.1818,43.3315],[5.1786,43.3313],[5.1775,43.3336],[5.1754,43.3342],[5.1734,43.334],[5.1716,43.3324],[5.1704,43.3296],[5.1688,43.3281],[5.1655,43.3286],[5.165,43.3276],[5.1628,43.3269],[5.1598,43.3288],[5.1592,43.3272],[5.1561,43.3274],[5.1519,43.3304],[5.1504,43.3266],[5.1444,43.3265],[5.1418,43.3291],[5.1407,43.3292],[5.1387,43.3276],[5.1356,43.3285],[5.1352,43.3292],[5.1327,43.3279],[5.1286,43.3283],[5.1266,43.3295],[5.1257,43.3284],[5.1235,43.3294],[5.1226,43.3284],[5.1171,43.328],[5.1154,43.3287],[5.1108,43.3289],[5.109,43.3306],[5.107,43.3293],[5.0998,43.3291],[5.0987,43.3281],[5.0952,43.3289],[5.0938,43.3313],[5.0924,43.3321],[5.0885,43.3325],[5.0874,43.3311],[5.085,43.3304],[5.0844,43.3292],[5.0816,43.3279],[5.0784,43.3288],[5.0756,43.3281],[5.0705,43.3286],[5.0712,43.3304],[5.0694,43.3319],[5.066,43.3314],[5.0639,43.3306],[5.0624,43.3311],[5.0606,43.3304],[5.061,43.3287],[5.06,43.3268],[5.0584,43.3277],[5.0545,43.3257],[5.0539,43.3243],[5.0502,43.325],[5.0482,43.3264],[5.0501,43.3285],[5.0509,43.3305],[5.05,43.3318],[5.0484,43.3317],[5.047,43.3292],[5.0441,43.3289],[5.0426,43.3311],[5.041,43.3273],[5.0395,43.3286],[5.0379,43.329],[5.0342,43.3321],[5.0325,43.3328],[5.0294,43.3354],[5.0273,43.3381],[5.0237,43.3391],[5.0199,43.3423],[5.0195,43.3441],[5.018,43.3468],[5.0247,43.3456],[5.0255,43.3473],[5.0232,43.3475],[5.0215,43.349],[5.0238,43.3522],[5.0258,43.3525],[5.0253,43.3555],[5.0229,43.3555],[5.0181,43.3571],[5.0171,43.3595],[5.0126,43.3626],[5.0131,43.3642],[5.0111,43.3648],[5.0121,43.3662],[5.0114,43.368],[5.0144,43.3693],[5.0087,43.369],[5.0067,43.3727],[5.0024,43.3745],[5.0001,43.376],[5.0003,43.378],[5.0011,43.3794],[4.9978,43.3807],[4.9969,43.3834],[4.9939,43.3846],[4.9929,43.3863],[4.9916,43.3855],[4.99,43.3865],[4.9902,43.3875],[4.9923,43.3876],[4.9887,43.3912],[4.9868,43.3922],[4.9885,43.3935],[4.9896,43.3929],[4.9915,43.3951],[4.9931,43.3953],[4.9946,43.394],[5.0011,43.3982],[4.9974,43.4012],[4.9955,43.4035],[4.9915,43.4035],[4.9893,43.4046],[4.9889,43.4021],[4.9874,43.4026],[4.9877,43.4065],[4.9863,43.4055],[4.9862,43.4034],[4.9832,43.4038],[4.9825,43.3968],[4.9807,43.3975],[4.9781,43.4001],[4.9748,43.4012],[4.9738,43.4021],[4.9766,43.4042],[4.9776,43.4058],[4.9776,43.4074],[4.9767,43.4081],[4.9757,43.4109],[4.9724,43.4131],[4.9716,43.4157],[4.9739,43.4169],[4.9737,43.42],[4.9722,43.4219],[4.9744,43.4224],[4.9752,43.424],[4.9734,43.4271],[4.9734,43.4283],[4.975,43.4293],[4.9781,43.4295],[4.9804,43.4309],[4.9817,43.4323],[4.9785,43.4378],[4.9782,43.4404],[4.9784,43.4441],[4.9808,43.4453],[4.9761,43.4497],[4.9752,43.4556],[4.9789,43.4589],[4.9792,43.4614],[4.9801,43.463],[4.9783,43.4665],[4.9783,43.468],[4.9771,43.472],[4.9759,43.4741],[4.981,43.4742],[4.9826,43.4755],[4.9843,43.4779],[4.9864,43.4799],[4.9878,43.4801],[4.9895,43.4778],[4.9924,43.4751],[4.9949,43.4739],[4.9957,43.4723],[4.9993,43.4689],[5.0009,43.4702],[5.0022,43.4683],[5.0058,43.4684],[5.006,43.4697],[5.0088,43.4695],[5.0126,43.4704],[5.0143,43.47],[5.0171,43.4703],[5.0178,43.4693],[5.0211,43.4684],[5.0222,43.47],[5.0243,43.4706],[5.0265,43.4698],[5.038,43.4706],[5.0406,43.4702],[5.0481,43.4667],[5.0502,43.4654],[5.0519,43.4636],[5.0539,43.4589],[5.054,43.4562],[5.055,43.4539],[5.0552,43.4515],[5.0551,43.4468],[5.0542,43.443],[5.0543,43.4408],[5.056,43.4373],[5.057,43.4345],[5.0585,43.4286],[5.0599,43.4269],[5.061,43.4211],[5.0607,43.4174],[5.0596,43.4162],[5.0591,43.4136],[5.0583,43.4123],[5.0578,43.4076],[5.0596,43.4068],[5.0596,43.404],[5.0608,43.4029],[5.0638,43.4015],[5.0704,43.4002],[5.0817,43.3997],[5.0863,43.3999],[5.0927,43.4006],[5.0964,43.4014],[5.1029,43.4027],[5.1107,43.4041],[5.1175,43.4046],[5.1216,43.404],[5.1218,43.402],[5.1235,43.4006],[5.1258,43.4],[5.1373,43.4002],[5.1399,43.4011],[5.1444,43.4032],[5.1535,43.408],[5.1544,43.4079],[5.1603,43.4111],[5.1685,43.4162],[5.1719,43.4186],[5.1858,43.4052],[5.1866,43.4009],[5.1878,43.3973],[5.1887,43.3958],[5.1917,43.3932],[5.1952,43.3935],[5.1961,43.3925],[5.1954,43.3858],[5.1955,43.3825],[5.1967,43.3793]]]}},{"type":"Feature","properties":{"nom":"CPTS Pays des Maures - Littoral","statut":"","communes":["83019","83043","83049","83070","83071","83091","83100"],"president":"Dr Isabel CANONNE / Dr Philippe LAURENT","coordonnateur":"Virginie D'ARCO","contact":"cpts.paysdesmaures.littoral@gmail.com","site":"cptspaysdesmaureslittoral.fr"},"geometry":{"type":"Polygon","coordinates":[[[6.4492,43.2106],[6.4511,43.2076],[6.4516,43.2039],[6.4509,43.2027],[6.4531,43.201],[6.453,43.1991],[6.4541,43.1948],[6.4532,43.1939],[6.4496,43.1926],[6.4488,43.1891],[6.4443,43.1841],[6.4443,43.1812],[6.4459,43.1788],[6.4521,43.172],[6.453,43.1705],[6.4526,43.1635],[6.4501,43.157],[6.448,43.1552],[6.4482,43.1527],[6.4471,43.1516],[6.4487,43.1491],[6.4464,43.1476],[6.4449,43.1457],[6.4415,43.1433],[6.4387,43.1422],[6.4401,43.1451],[6.4394,43.1473],[6.4357,43.1499],[6.4323,43.151],[6.4291,43.1514],[6.4258,43.151],[6.4226,43.15],[6.4206,43.1483],[6.4206,43.1466],[6.4166,43.1487],[6.4133,43.1494],[6.4112,43.1492],[6.4097,43.1479],[6.4084,43.1485],[6.4036,43.1491],[6.402,43.1487],[6.399,43.1469],[6.3979,43.1442],[6.3956,43.1438],[6.3955,43.1452],[6.394,43.1455],[6.3917,43.1445],[6.3889,43.144],[6.3876,43.1449],[6.3845,43.144],[6.3828,43.143],[6.3813,43.1406],[6.3812,43.139],[6.3791,43.1379],[6.3747,43.1365],[6.3734,43.1376],[6.3687,43.137],[6.3658,43.1333],[6.3638,43.1271],[6.3639,43.1257],[6.3648,43.124],[6.3633,43.1225],[6.3665,43.1212],[6.3658,43.1203],[6.3636,43.1196],[6.3626,43.1212],[6.3608,43.121],[6.3598,43.1199],[6.3594,43.116],[6.3615,43.1126],[6.364,43.111],[6.36,43.1099],[6.3587,43.1082],[6.3596,43.1052],[6.3615,43.1041],[6.3665,43.1034],[6.3672,43.1027],[6.3672,43.0994],[6.3663,43.096],[6.3646,43.0957],[6.3639,43.0932],[6.3662,43.0919],[6.3684,43.0926],[6.3708,43.0913],[6.3676,43.09],[6.3651,43.0904],[6.3643,43.0863],[6.3621,43.0872],[6.3591,43.0892],[6.3574,43.0886],[6.355,43.0892],[6.3536,43.0885],[6.3509,43.0889],[6.3493,43.0882],[6.3477,43.0885],[6.3451,43.0908],[6.3438,43.0907],[6.3411,43.0886],[6.3393,43.09],[6.3365,43.0896],[6.3351,43.0909],[6.3325,43.0895],[6.332,43.0919],[6.3307,43.0917],[6.3294,43.093],[6.3253,43.0928],[6.3215,43.0914],[6.3215,43.0935],[6.3249,43.0944],[6.3254,43.0954],[6.3246,43.0991],[6.3228,43.1007],[6.3208,43.1003],[6.3187,43.1025],[6.3195,43.1039],[6.3176,43.1045],[6.3167,43.1062],[6.3126,43.1077],[6.3092,43.1083],[6.303,43.1078],[6.2994,43.1061],[6.2995,43.1084],[6.297,43.1101],[6.295,43.1097],[6.2938,43.1079],[6.2924,43.109],[6.2893,43.1067],[6.2886,43.1093],[6.2873,43.1096],[6.2863,43.1113],[6.2883,43.1118],[6.2882,43.1142],[6.2858,43.1156],[6.2835,43.1151],[6.2823,43.1168],[6.2782,43.1169],[6.2774,43.1181],[6.2776,43.1195],[6.2749,43.1207],[6.2718,43.121],[6.2667,43.1203],[6.2657,43.121],[6.2622,43.1211],[6.2597,43.1205],[6.2566,43.1189],[6.2501,43.1174],[6.2477,43.1159],[6.242,43.1143],[6.2395,43.1133],[6.2343,43.113],[6.2357,43.1138],[6.234,43.1195],[6.2302,43.1198],[6.2276,43.1209],[6.2245,43.123],[6.2178,43.125],[6.2116,43.1247],[6.2018,43.125],[6.1951,43.1254],[6.1952,43.1289],[6.1963,43.1319],[6.1943,43.1344],[6.1964,43.1364],[6.1992,43.1371],[6.1993,43.138],[6.2019,43.1409],[6.2027,43.1439],[6.2014,43.1456],[6.2023,43.148],[6.205,43.1502],[6.2001,43.1539],[6.198,43.1563],[6.2007,43.1592],[6.2038,43.1615],[6.2039,43.1623],[6.1984,43.1682],[6.1965,43.1701],[6.195,43.1693],[6.1934,43.1722],[6.1932,43.1735],[6.1906,43.1767],[6.1871,43.1778],[6.1866,43.1794],[6.1841,43.1838],[6.1819,43.1864],[6.1805,43.1867],[6.1775,43.186],[6.1743,43.1873],[6.1721,43.1878],[6.1704,43.1875],[6.1688,43.1884],[6.1684,43.1919],[6.1641,43.1923],[6.1614,43.1942],[6.1604,43.196],[6.1586,43.1978],[6.1605,43.2003],[6.1607,43.2014],[6.1632,43.2026],[6.1599,43.204],[6.1559,43.2039],[6.1518,43.2054],[6.1499,43.205],[6.1456,43.2032],[6.1437,43.2052],[6.1364,43.2068],[6.1347,43.2069],[6.1395,43.2088],[6.141,43.2113],[6.141,43.2138],[6.1401,43.2157],[6.1375,43.2188],[6.1341,43.2208],[6.1335,43.2223],[6.1246,43.2243],[6.1209,43.227],[6.1178,43.2272],[6.1157,43.2279],[6.1139,43.2275],[6.1127,43.2247],[6.1088,43.2217],[6.1056,43.2202],[6.1043,43.2175],[6.1057,43.2161],[6.1064,43.2134],[6.1048,43.2134],[6.1036,43.2118],[6.1061,43.2096],[6.1051,43.2075],[6.1055,43.2059],[6.1047,43.2046],[6.1027,43.2042],[6.0964,43.2014],[6.0936,43.1984],[6.0885,43.1991],[6.0808,43.2006],[6.0756,43.2023],[6.0748,43.2005],[6.0707,43.2011],[6.0694,43.2006],[6.0652,43.2007],[6.064,43.2029],[6.0619,43.2039],[6.0578,43.2073],[6.0566,43.2118],[6.0572,43.216],[6.0545,43.2165],[6.0515,43.2175],[6.0499,43.2168],[6.0466,43.2171],[6.0398,43.2169],[6.0377,43.2192],[6.0353,43.2204],[6.0265,43.2244],[6.0208,43.228],[6.0181,43.2311],[6.018,43.2328],[6.0189,43.2339],[6.019,43.2362],[6.0214,43.2401],[6.0217,43.2415],[6.0232,43.2435],[6.0246,43.2442],[6.0241,43.2468],[6.0197,43.2483],[6.016,43.249],[6.0167,43.2522],[6.0163,43.2538],[6.0168,43.2569],[6.0213,43.2576],[6.0264,43.2606],[6.0286,43.2628],[6.0303,43.2642],[6.0339,43.2653],[6.0353,43.2665],[6.0376,43.2677],[6.0415,43.2684],[6.0438,43.2707],[6.045,43.2739],[6.0477,43.277],[6.05,43.2774],[6.0514,43.2784],[6.0534,43.2818],[6.0554,43.2835],[6.0584,43.2846],[6.0592,43.2857],[6.0633,43.2866],[6.0677,43.287],[6.0724,43.286],[6.0745,43.285],[6.0774,43.2846],[6.0809,43.2819],[6.0836,43.2789],[6.0877,43.2801],[6.0901,43.2817],[6.0907,43.2833],[6.0945,43.2852],[6.0952,43.2874],[6.0964,43.2883],[6.1017,43.2893],[6.1012,43.2903],[6.1025,43.2918],[6.1047,43.2929],[6.1087,43.2933],[6.1177,43.2964],[6.1184,43.2983],[6.1212,43.3003],[6.122,43.3052],[6.1231,43.308],[6.1257,43.3089],[6.1298,43.309],[6.1311,43.3094],[6.1376,43.3081],[6.1411,43.3071],[6.1464,43.3071],[6.1485,43.306],[6.1501,43.302],[6.1511,43.2967],[6.1568,43.2931],[6.1576,43.2905],[6.1583,43.2904],[6.16,43.2876],[6.1601,43.2859],[6.162,43.2844],[6.167,43.2844],[6.1876,43.2847],[6.1912,43.2815],[6.1932,43.281],[6.1994,43.2811],[6.2035,43.2819],[6.205,43.2818],[6.2053,43.2773],[6.207,43.2756],[6.208,43.2713],[6.211,43.2714],[6.2128,43.2709],[6.2144,43.2675],[6.2185,43.2664],[6.2199,43.2665],[6.2212,43.2645],[6.2232,43.2632],[6.2278,43.2627],[6.2298,43.2629],[6.2338,43.2647],[6.2424,43.2647],[6.2457,43.2642],[6.2472,43.2644],[6.2499,43.2642],[6.2529,43.265],[6.2549,43.264],[6.2613,43.2642],[6.2649,43.2627],[6.2725,43.2629],[6.2745,43.2636],[6.2763,43.2632],[6.2806,43.2633],[6.2841,43.2647],[6.2878,43.2647],[6.2923,43.2676],[6.2943,43.2678],[6.2966,43.2697],[6.3018,43.2716],[6.3086,43.2695],[6.3117,43.2709],[6.3133,43.2707],[6.3156,43.2728],[6.3181,43.2726],[6.3194,43.2743],[6.3189,43.2752],[6.3208,43.2762],[6.3223,43.2783],[6.3238,43.2785],[6.3262,43.2811],[6.3273,43.2811],[6.33,43.2832],[6.3328,43.281],[6.3373,43.2786],[6.3407,43.2801],[6.3444,43.2805],[6.3536,43.2802],[6.3558,43.2821],[6.3579,43.2816],[6.3618,43.2793],[6.3653,43.2794],[6.3659,43.2782],[6.3683,43.2769],[6.3711,43.2784],[6.3741,43.2823],[6.3786,43.2871],[6.3831,43.2912],[6.3851,43.2895],[6.388,43.2903],[6.3869,43.2863],[6.3893,43.2838],[6.3885,43.2822],[6.3883,43.2782],[6.3878,43.2761],[6.3882,43.2748],[6.3917,43.2722],[6.3917,43.2698],[6.3987,43.2698],[6.4006,43.2675],[6.4011,43.2661],[6.4036,43.2642],[6.4048,43.2672],[6.4078,43.2661],[6.4087,43.2665],[6.41,43.2693],[6.4117,43.2701],[6.4141,43.2704],[6.4162,43.27],[6.4202,43.2702],[6.4227,43.2712],[6.4232,43.2684],[6.4268,43.2679],[6.4267,43.2691],[6.43,43.2716],[6.4321,43.2705],[6.4387,43.2713],[6.4406,43.2718],[6.4459,43.2698],[6.4459,43.2601],[6.4516,43.2484],[6.4489,43.2369],[6.4433,43.2324],[6.4425,43.2309],[6.4422,43.2274],[6.444,43.2209],[6.4492,43.2106]]]}},{"type":"Feature","properties":{"nom":"CPTS Provence Santé","statut":"","communes":["13015","13019","13025","13040","13041","13046","13060","13062","13072","13079","13087","13107","13110"],"president":"Dr Julie CURJOL-SOTO","coordonnateur":"","contact":"contact@cptsprovencesante.com","site":""},"geometry":{"type":"Polygon","coordinates":[[[5.5599,43.4321],[5.5611,43.4275],[5.5603,43.4269],[5.5597,43.4228],[5.5578,43.4207],[5.5612,43.4181],[5.5644,43.4168],[5.5622,43.4142],[5.5635,43.4132],[5.5615,43.4102],[5.5597,43.4085],[5.5594,43.4076],[5.5566,43.4109],[5.5526,43.4136],[5.5499,43.4142],[5.5475,43.4155],[5.5364,43.4166],[5.5332,43.4166],[5.5298,43.4163],[5.5281,43.4169],[5.5274,43.4157],[5.5244,43.4135],[5.5199,43.4093],[5.5181,43.4069],[5.513,43.4062],[5.5127,43.4054],[5.5146,43.4043],[5.5142,43.402],[5.5103,43.3987],[5.5072,43.3957],[5.5045,43.3881],[5.4943,43.3853],[5.486,43.3844],[5.4826,43.3844],[5.4798,43.3854],[5.4792,43.3873],[5.4771,43.3899],[5.4754,43.3914],[5.4688,43.3906],[5.4673,43.3925],[5.4636,43.3872],[5.46,43.3883],[5.4569,43.3899],[5.4558,43.3888],[5.4534,43.388],[5.4507,43.3879],[5.4475,43.387],[5.4456,43.3884],[5.4415,43.39],[5.4402,43.391],[5.4387,43.3909],[5.4374,43.3888],[5.4358,43.3873],[5.4335,43.387],[5.4306,43.3852],[5.429,43.385],[5.4262,43.3835],[5.4246,43.3834],[5.4253,43.3842],[5.4223,43.3854],[5.4205,43.3855],[5.4157,43.3892],[5.4125,43.3892],[5.4077,43.3909],[5.407,43.3925],[5.4069,43.3958],[5.3964,43.4011],[5.3949,43.404],[5.3933,43.4116],[5.3927,43.4165],[5.3878,43.4154],[5.3858,43.4144],[5.3811,43.415],[5.3793,43.4146],[5.377,43.417],[5.3749,43.42],[5.3717,43.4195],[5.3675,43.4193],[5.3668,43.4202],[5.3638,43.4179],[5.3609,43.417],[5.3597,43.4181],[5.3584,43.4177],[5.3566,43.4208],[5.3555,43.422],[5.3442,43.4193],[5.3419,43.4205],[5.3357,43.4226],[5.3321,43.4245],[5.3265,43.4281],[5.3222,43.4293],[5.3175,43.4294],[5.3108,43.4316],[5.3101,43.4337],[5.3068,43.4362],[5.3036,43.4404],[5.3018,43.4452],[5.301,43.4461],[5.3029,43.4481],[5.3084,43.4514],[5.3104,43.452],[5.3171,43.4551],[5.3182,43.4552],[5.3209,43.4569],[5.3293,43.4613],[5.3294,43.4618],[5.324,43.4703],[5.3227,43.4712],[5.3228,43.4732],[5.3213,43.4747],[5.32,43.4772],[5.3199,43.4792],[5.3211,43.48],[5.32,43.4841],[5.3217,43.4851],[5.3258,43.4845],[5.3315,43.4881],[5.3334,43.4881],[5.335,43.4889],[5.3394,43.4873],[5.3409,43.4851],[5.3438,43.4834],[5.3449,43.4823],[5.3488,43.4825],[5.3543,43.4797],[5.3562,43.4801],[5.3578,43.4812],[5.36,43.4804],[5.3626,43.4774],[5.3629,43.476],[5.3657,43.4728],[5.3713,43.4715],[5.3732,43.4722],[5.3773,43.4697],[5.3794,43.4656],[5.3849,43.4639],[5.3875,43.4619],[5.3886,43.4637],[5.3908,43.4632],[5.3954,43.4664],[5.3999,43.466],[5.4042,43.4708],[5.4095,43.4704],[5.4184,43.4707],[5.4216,43.4732],[5.4241,43.4729],[5.426,43.4715],[5.4332,43.474],[5.4373,43.4714],[5.4418,43.4715],[5.442,43.4729],[5.444,43.4726],[5.4477,43.4742],[5.45,43.4757],[5.4523,43.4759],[5.4528,43.4775],[5.4553,43.4774],[5.4576,43.479],[5.4582,43.4807],[5.4635,43.4854],[5.4642,43.4869],[5.4681,43.4891],[5.4691,43.489],[5.469,43.49],[5.4712,43.4918],[5.4688,43.4934],[5.4673,43.4953],[5.4654,43.4967],[5.4655,43.4979],[5.4638,43.4994],[5.4635,43.5018],[5.4648,43.504],[5.4661,43.5043],[5.4656,43.5067],[5.4683,43.5071],[5.4696,43.5086],[5.4687,43.5104],[5.47,43.5121],[5.4741,43.5109],[5.476,43.5108],[5.4795,43.5126],[5.4808,43.5127],[5.4842,43.5107],[5.4858,43.5106],[5.4911,43.5067],[5.4926,43.5064],[5.4956,43.5078],[5.5,43.5072],[5.5023,43.5082],[5.5036,43.51],[5.5065,43.5095],[5.5077,43.5084],[5.5096,43.5082],[5.5103,43.5066],[5.5118,43.5071],[5.5153,43.5071],[5.5266,43.5048],[5.5317,43.5055],[5.5369,43.5044],[5.5409,43.5039],[5.5456,43.5021],[5.552,43.4991],[5.5621,43.5043],[5.5658,43.5026],[5.571,43.5022],[5.577,43.5025],[5.5803,43.5019],[5.5898,43.5014],[5.5953,43.5021],[5.6008,43.5021],[5.6103,43.5041],[5.6135,43.504],[5.6148,43.5046],[5.618,43.505],[5.6215,43.5069],[5.6251,43.5078],[5.6282,43.5104],[5.6311,43.5116],[5.6323,43.5128],[5.6357,43.5143],[5.6378,43.5182],[5.638,43.5215],[5.635,43.5234],[5.6306,43.5244],[5.6269,43.5242],[5.6227,43.5249],[5.6199,43.5278],[5.6185,43.5317],[5.6183,43.5331],[5.6207,43.5339],[5.6227,43.5355],[5.6253,43.5356],[5.6279,43.5364],[5.63,43.5362],[5.6331,43.5371],[5.6371,43.5369],[5.6445,43.5391],[5.6484,43.5393],[5.6518,43.5391],[5.6592,43.5393],[5.6605,43.5388],[5.6654,43.5387],[5.6689,43.5397],[5.674,43.5417],[5.6785,43.5424],[5.6813,43.5437],[5.6857,43.5451],[5.6887,43.5453],[5.6912,43.549],[5.6938,43.5509],[5.6958,43.5513],[5.7031,43.5555],[5.7067,43.5562],[5.7103,43.5546],[5.7109,43.5536],[5.715,43.5515],[5.7171,43.5511],[5.7205,43.5511],[5.7218,43.5519],[5.7251,43.5513],[5.7241,43.5488],[5.7226,43.5484],[5.7202,43.5455],[5.7213,43.5437],[5.7194,43.5411],[5.7198,43.5391],[5.7179,43.5382],[5.7175,43.5343],[5.718,43.5318],[5.7173,43.5207],[5.7165,43.5196],[5.7165,43.5171],[5.7124,43.5129],[5.7135,43.5113],[5.7139,43.5085],[5.7114,43.5053],[5.7161,43.5043],[5.7158,43.5032],[5.7135,43.5002],[5.712,43.4971],[5.7025,43.4961],[5.7022,43.4946],[5.7029,43.4918],[5.7027,43.489],[5.6989,43.4852],[5.6988,43.4822],[5.7037,43.4826],[5.704,43.4794],[5.7076,43.48],[5.7128,43.4783],[5.7155,43.4763],[5.7142,43.4746],[5.7221,43.4696],[5.7251,43.4686],[5.7278,43.4669],[5.7314,43.4628],[5.7301,43.4608],[5.7333,43.4599],[5.7327,43.4588],[5.7364,43.4542],[5.7445,43.4434],[5.7463,43.4426],[5.749,43.442],[5.7487,43.44],[5.7468,43.4378],[5.7507,43.4345],[5.7546,43.4334],[5.757,43.4316],[5.7623,43.4296],[5.7675,43.4247],[5.7704,43.4233],[5.7744,43.4222],[5.7759,43.4205],[5.7808,43.4197],[5.7857,43.4197],[5.7879,43.4204],[5.7884,43.4203],[5.7864,43.4139],[5.7843,43.4133],[5.7771,43.4089],[5.7739,43.4085],[5.7706,43.4068],[5.7681,43.4061],[5.7652,43.4046],[5.7626,43.4047],[5.7586,43.4032],[5.7553,43.4023],[5.7537,43.4024],[5.75,43.4015],[5.7401,43.4045],[5.7327,43.4073],[5.7307,43.4062],[5.7244,43.4089],[5.7212,43.4085],[5.7148,43.4072],[5.7062,43.4079],[5.7013,43.4081],[5.6965,43.4071],[5.6892,43.402],[5.6875,43.402],[5.6828,43.3992],[5.6814,43.4013],[5.6793,43.4019],[5.6776,43.4017],[5.6704,43.4],[5.6691,43.4005],[5.6642,43.4008],[5.6615,43.3999],[5.6573,43.4005],[5.6511,43.4007],[5.6496,43.4001],[5.6437,43.4007],[5.6391,43.4041],[5.6367,43.4068],[5.6278,43.4098],[5.6245,43.4096],[5.6143,43.4098],[5.6136,43.4113],[5.6105,43.4119],[5.6113,43.4155],[5.6095,43.4196],[5.6063,43.4235],[5.6058,43.4279],[5.6046,43.4318],[5.6011,43.4355],[5.5993,43.4363],[5.5979,43.4394],[5.5927,43.4401],[5.5875,43.4427],[5.5839,43.4404],[5.5796,43.4386],[5.5697,43.4355],[5.5643,43.434],[5.5624,43.4318],[5.5595,43.4341],[5.5587,43.434],[5.5599,43.4321]]]}},{"type":"Feature","properties":{"nom":"CPTS Provence Verte","statut":"","communes":["83012","83021","83023","83025","83030","83032","83037","83039","83045","83046","83051","83059","83060","83064","83076","83077","83083","83084","83087","83088","83089","83095","83096","83097","83106","83108","83110","83111","83116","83125","83135","83140","83143","83145","83151"],"president":"Guillaume ESTUBLIER","coordonnateur":"Philippe ROGNONI  ; Angélique PALMERINI","contact":"cptsprovenceverte@gmail.com","site":"cptsprovenceverte.com"},"geometry":{"type":"Polygon","coordinates":[[[5.9453,43.2386],[5.9363,43.2336],[5.9293,43.2304],[5.9302,43.2424],[5.9322,43.2509],[5.9322,43.2586],[5.933,43.2615],[5.9327,43.2629],[5.9349,43.2734],[5.9357,43.279],[5.9334,43.2822],[5.9298,43.2893],[5.9307,43.2923],[5.9311,43.2955],[5.9302,43.2983],[5.9322,43.2993],[5.9347,43.3011],[5.9358,43.3043],[5.9336,43.3075],[5.9321,43.3082],[5.9263,43.3098],[5.9246,43.312],[5.9231,43.3158],[5.9202,43.3156],[5.9133,43.3147],[5.909,43.3148],[5.9065,43.3152],[5.9039,43.315],[5.9005,43.3163],[5.8965,43.3201],[5.8969,43.3218],[5.8933,43.3243],[5.8909,43.3246],[5.8854,43.3224],[5.8819,43.3202],[5.8794,43.3206],[5.8744,43.3224],[5.8698,43.3248],[5.8667,43.3252],[5.8645,43.3266],[5.8634,43.3288],[5.857,43.3287],[5.8539,43.3304],[5.8521,43.3302],[5.844,43.3272],[5.8421,43.3242],[5.838,43.3229],[5.8381,43.321],[5.8349,43.3195],[5.8351,43.3176],[5.8327,43.3167],[5.8311,43.3155],[5.8243,43.3246],[5.8176,43.3394],[5.8206,43.3417],[5.8251,43.3447],[5.8253,43.3504],[5.8244,43.3542],[5.8078,43.3492],[5.8063,43.3474],[5.8011,43.3472],[5.798,43.3458],[5.7847,43.3443],[5.7771,43.3438],[5.7729,43.3431],[5.7652,43.3416],[5.7616,43.3411],[5.7594,43.3426],[5.7563,43.3441],[5.7537,43.344],[5.7499,43.3432],[5.7449,43.3523],[5.7418,43.359],[5.7442,43.3627],[5.7435,43.3648],[5.7425,43.3651],[5.7417,43.3699],[5.7424,43.374],[5.7405,43.3749],[5.741,43.377],[5.7397,43.3772],[5.7401,43.3796],[5.7389,43.38],[5.7386,43.3825],[5.7404,43.3884],[5.7394,43.3922],[5.7393,43.3948],[5.7421,43.3965],[5.7434,43.3993],[5.7465,43.401],[5.75,43.4015],[5.7537,43.4024],[5.7553,43.4023],[5.7586,43.4032],[5.7626,43.4047],[5.7652,43.4046],[5.7681,43.4061],[5.7706,43.4068],[5.7739,43.4085],[5.7771,43.4089],[5.7843,43.4133],[5.7864,43.4139],[5.7884,43.4203],[5.7879,43.4204],[5.7857,43.4197],[5.7808,43.4197],[5.7759,43.4205],[5.7744,43.4222],[5.7704,43.4233],[5.7675,43.4247],[5.7623,43.4296],[5.757,43.4316],[5.7546,43.4334],[5.7507,43.4345],[5.7468,43.4378],[5.7487,43.44],[5.749,43.442],[5.7463,43.4426],[5.7445,43.4434],[5.7364,43.4542],[5.7327,43.4588],[5.7333,43.4599],[5.7301,43.4608],[5.7314,43.4628],[5.7278,43.4669],[5.7251,43.4686],[5.7221,43.4696],[5.7142,43.4746],[5.7155,43.4763],[5.7128,43.4783],[5.7076,43.48],[5.704,43.4794],[5.7037,43.4826],[5.6988,43.4822],[5.6989,43.4852],[5.7027,43.489],[5.7029,43.4918],[5.7022,43.4946],[5.7025,43.4961],[5.712,43.4971],[5.7135,43.5002],[5.7158,43.5032],[5.7161,43.5043],[5.7114,43.5053],[5.7139,43.5085],[5.7135,43.5113],[5.7124,43.5129],[5.7165,43.5171],[5.7165,43.5196],[5.7173,43.5207],[5.718,43.5318],[5.7175,43.5343],[5.7179,43.5382],[5.7198,43.5391],[5.7194,43.5411],[5.7213,43.5437],[5.7202,43.5455],[5.7226,43.5484],[5.7241,43.5488],[5.7251,43.5513],[5.729,43.5534],[5.7309,43.553],[5.7322,43.5542],[5.7419,43.5501],[5.7485,43.5497],[5.7516,43.5476],[5.7561,43.5459],[5.758,43.5465],[5.7612,43.5458],[5.7634,43.5463],[5.7656,43.5453],[5.7704,43.5455],[5.7725,43.5442],[5.7747,43.5428],[5.7809,43.5404],[5.7818,43.5404],[5.7835,43.5381],[5.7858,43.5374],[5.7939,43.539],[5.7967,43.5409],[5.7992,43.5417],[5.8045,43.5422],[5.8118,43.5439],[5.8143,43.5433],[5.8204,43.5452],[5.8216,43.5469],[5.8263,43.5485],[5.8277,43.5483],[5.8298,43.5477],[5.8371,43.5449],[5.8404,43.5429],[5.8515,43.5435],[5.8581,43.5438],[5.8613,43.5436],[5.8748,43.541],[5.878,43.5408],[5.882,43.5398],[5.8925,43.5395],[5.897,43.539],[5.8982,43.5412],[5.9056,43.5466],[5.9084,43.5488],[5.9127,43.5542],[5.9137,43.5585],[5.9157,43.5605],[5.915,43.561],[5.9113,43.5607],[5.9087,43.5626],[5.9096,43.5631],[5.9101,43.5659],[5.9108,43.5666],[5.9103,43.5696],[5.9091,43.5722],[5.9117,43.5759],[5.9117,43.5797],[5.9108,43.5835],[5.9113,43.5852],[5.9122,43.591],[5.9112,43.5924],[5.9128,43.5956],[5.9116,43.6019],[5.9068,43.6043],[5.8997,43.6049],[5.898,43.6085],[5.895,43.6103],[5.8952,43.6114],[5.8938,43.6129],[5.8969,43.6141],[5.8988,43.618],[5.9026,43.6182],[5.9035,43.6195],[5.9087,43.6193],[5.9117,43.6198],[5.9131,43.6206],[5.9152,43.6202],[5.9179,43.6209],[5.9226,43.6214],[5.9273,43.6203],[5.929,43.6212],[5.9343,43.6209],[5.9366,43.6197],[5.9393,43.6189],[5.9478,43.6203],[5.9492,43.6188],[5.9511,43.6194],[5.9535,43.6183],[5.9633,43.6156],[5.9638,43.6181],[5.9706,43.619],[5.9739,43.62],[5.9768,43.6217],[5.9803,43.6227],[5.9906,43.6243],[5.9924,43.6234],[5.9952,43.624],[5.9976,43.6236],[6.0007,43.6251],[6.0042,43.6288],[6.0133,43.6289],[6.021,43.639],[6.0262,43.644],[6.0265,43.6512],[6.0256,43.6569],[6.0258,43.6592],[6.0209,43.6675],[6.0217,43.6683],[6.0291,43.6726],[6.0338,43.6763],[6.039,43.6789],[6.0358,43.688],[6.0353,43.6915],[6.0346,43.6926],[6.0351,43.6941],[6.0412,43.6957],[6.0481,43.6973],[6.0516,43.6977],[6.0508,43.6958],[6.0526,43.6941],[6.0544,43.6948],[6.0557,43.6929],[6.0585,43.686],[6.059,43.6829],[6.0564,43.6825],[6.0524,43.6825],[6.0519,43.6809],[6.053,43.6776],[6.0545,43.6761],[6.056,43.6707],[6.0589,43.67],[6.064,43.6701],[6.0689,43.671],[6.0724,43.6699],[6.0772,43.6662],[6.0854,43.6605],[6.0884,43.6591],[6.0932,43.6578],[6.0954,43.6588],[6.0974,43.6588],[6.1017,43.6579],[6.1021,43.6574],[6.1083,43.6546],[6.1093,43.6539],[6.1082,43.6494],[6.1088,43.6454],[6.1119,43.6395],[6.1117,43.6355],[6.114,43.6313],[6.1176,43.6278],[6.1174,43.6244],[6.1205,43.6239],[6.1236,43.6223],[6.1249,43.6211],[6.1273,43.6183],[6.1293,43.6169],[6.136,43.6149],[6.138,43.613],[6.1443,43.6077],[6.1464,43.6068],[6.1518,43.6058],[6.1549,43.6026],[6.1571,43.5995],[6.161,43.5995],[6.1631,43.5962],[6.1661,43.5947],[6.1676,43.5929],[6.1723,43.5919],[6.1757,43.5915],[6.1708,43.5898],[6.1692,43.5902],[6.1653,43.5896],[6.1631,43.5887],[6.1621,43.5859],[6.1623,43.5821],[6.1592,43.5808],[6.1578,43.5792],[6.1514,43.5786],[6.1459,43.5787],[6.1396,43.5767],[6.1324,43.5716],[6.1274,43.5691],[6.1278,43.5672],[6.123,43.5652],[6.1171,43.5636],[6.1192,43.5614],[6.1205,43.5592],[6.1332,43.5571],[6.1346,43.5574],[6.139,43.557],[6.1428,43.5562],[6.1453,43.5547],[6.1491,43.5535],[6.1539,43.5514],[6.1566,43.5508],[6.1609,43.5487],[6.1718,43.542],[6.1759,43.5413],[6.1819,43.5391],[6.1872,43.5361],[6.1965,43.5375],[6.2032,43.5389],[6.2067,43.5384],[6.21,43.5371],[6.2137,43.5368],[6.2148,43.536],[6.2169,43.536],[6.2238,43.535],[6.2291,43.5349],[6.2319,43.5354],[6.2345,43.5353],[6.2402,43.5342],[6.2415,43.5337],[6.2471,43.5337],[6.2474,43.5334],[6.2548,43.5328],[6.269,43.5337],[6.273,43.5329],[6.2709,43.5296],[6.2701,43.5277],[6.2719,43.5256],[6.273,43.5217],[6.2715,43.5208],[6.2729,43.5194],[6.2709,43.5178],[6.272,43.5155],[6.2719,43.5133],[6.2732,43.5129],[6.2718,43.5096],[6.271,43.5097],[6.2688,43.5068],[6.2675,43.5072],[6.2652,43.5038],[6.2638,43.504],[6.2634,43.5008],[6.2611,43.4971],[6.2611,43.4955],[6.2642,43.4937],[6.2681,43.4942],[6.2705,43.4926],[6.2696,43.4909],[6.2714,43.4891],[6.2774,43.4871],[6.2781,43.4848],[6.2767,43.4833],[6.2742,43.4828],[6.2734,43.482],[6.2706,43.4813],[6.2689,43.479],[6.2678,43.4785],[6.2636,43.4786],[6.2614,43.4817],[6.2546,43.4814],[6.2537,43.4824],[6.2534,43.4844],[6.252,43.4849],[6.2493,43.4843],[6.2482,43.4833],[6.2485,43.4816],[6.2504,43.4782],[6.2481,43.4778],[6.2447,43.4779],[6.241,43.4792],[6.2378,43.4797],[6.2342,43.4811],[6.2328,43.4826],[6.2335,43.4841],[6.2353,43.4843],[6.236,43.4855],[6.2392,43.4852],[6.2382,43.488],[6.2371,43.4892],[6.2333,43.4877],[6.2308,43.4872],[6.227,43.488],[6.2251,43.4879],[6.2237,43.4891],[6.2184,43.4905],[6.2181,43.4919],[6.2166,43.4938],[6.2138,43.4946],[6.213,43.4929],[6.2117,43.4918],[6.2088,43.4876],[6.2141,43.4843],[6.2122,43.4826],[6.2119,43.4808],[6.2139,43.4766],[6.2118,43.4749],[6.2119,43.4735],[6.2088,43.4727],[6.2104,43.4712],[6.2131,43.4698],[6.2192,43.4693],[6.2202,43.4683],[6.2247,43.4678],[6.2257,43.4664],[6.2297,43.4635],[6.2318,43.4614],[6.2349,43.4616],[6.235,43.4597],[6.2328,43.459],[6.2315,43.4559],[6.2274,43.4564],[6.2152,43.454],[6.2101,43.4542],[6.2092,43.4523],[6.2067,43.451],[6.2035,43.4501],[6.1996,43.4507],[6.1978,43.4502],[6.196,43.448],[6.1979,43.4465],[6.1974,43.4432],[6.1946,43.4431],[6.1913,43.4425],[6.1866,43.4398],[6.1849,43.4383],[6.1822,43.4345],[6.1832,43.4321],[6.179,43.4285],[6.1763,43.4237],[6.1752,43.4179],[6.174,43.4158],[6.1677,43.4151],[6.1655,43.4146],[6.1654,43.41],[6.166,43.4088],[6.1678,43.4049],[6.1678,43.4035],[6.1694,43.403],[6.1679,43.4008],[6.1641,43.3998],[6.1648,43.3975],[6.1631,43.3968],[6.1634,43.3957],[6.1618,43.3929],[6.1629,43.3902],[6.1605,43.3878],[6.1579,43.386],[6.1572,43.385],[6.1604,43.385],[6.1665,43.3835],[6.1732,43.3815],[6.1805,43.3789],[6.1789,43.3774],[6.1783,43.3717],[6.1752,43.3708],[6.1732,43.3704],[6.169,43.3715],[6.1656,43.3705],[6.1624,43.3687],[6.1595,43.3685],[6.155,43.3674],[6.1556,43.3661],[6.1535,43.3647],[6.1523,43.365],[6.1502,43.3616],[6.1467,43.3601],[6.1407,43.3598],[6.1383,43.3589],[6.1409,43.355],[6.1399,43.3523],[6.1398,43.3483],[6.1384,43.3477],[6.1374,43.3456],[6.1372,43.3402],[6.1338,43.3374],[6.1357,43.3348],[6.1344,43.3321],[6.1345,43.3303],[6.1359,43.3287],[6.1368,43.3259],[6.1365,43.3245],[6.1375,43.3234],[6.1392,43.3182],[6.1394,43.3157],[6.1383,43.3133],[6.1376,43.3081],[6.1311,43.3094],[6.1298,43.309],[6.1257,43.3089],[6.1231,43.308],[6.122,43.3052],[6.1212,43.3003],[6.1184,43.2983],[6.1177,43.2964],[6.1087,43.2933],[6.1047,43.2929],[6.1025,43.2918],[6.1012,43.2903],[6.1017,43.2893],[6.0964,43.2883],[6.0952,43.2874],[6.0945,43.2852],[6.0907,43.2833],[6.0901,43.2817],[6.0877,43.2801],[6.0836,43.2789],[6.0809,43.2819],[6.0774,43.2846],[6.0745,43.285],[6.0724,43.286],[6.0677,43.287],[6.0633,43.2866],[6.0592,43.2857],[6.0584,43.2846],[6.0554,43.2835],[6.0534,43.2818],[6.0514,43.2784],[6.05,43.2774],[6.0477,43.277],[6.045,43.2739],[6.0438,43.2707],[6.0415,43.2684],[6.0376,43.2677],[6.0353,43.2665],[6.0339,43.2653],[6.0303,43.2642],[6.0286,43.2628],[6.0264,43.2606],[6.0213,43.2576],[6.0168,43.2569],[6.0127,43.2569],[6.0069,43.2565],[6.0023,43.2571],[6.0006,43.2582],[5.9975,43.2587],[5.9963,43.2596],[5.9973,43.262],[5.9946,43.2636],[5.9923,43.2616],[5.9924,43.2602],[5.9885,43.256],[5.9882,43.2538],[5.9867,43.2526],[5.9859,43.2508],[5.9822,43.2512],[5.9799,43.2507],[5.9776,43.2487],[5.9755,43.2485],[5.9724,43.2493],[5.9696,43.2472],[5.9696,43.2455],[5.9707,43.2448],[5.97,43.2419],[5.9703,43.2399],[5.9686,43.2396],[5.9633,43.2401],[5.958,43.2401],[5.9517,43.2396],[5.9453,43.2386]]]}},{"type":"Feature","properties":{"nom":"CPTS Sante Lub","statut":"","communes":["84002","84009","84010","84014","84024","84026","84042","84052","84065","84068","84076","84084","84089","84090","84095","84113","84121","84133","84140","84147","84151"],"president":"Dr Stéphan ROBERT","coordonnateur":"Frédéric GUIOT","contact":"contact@santelub.fr","site":"SanteLub.fr"},"geometry":{"type":"Polygon","coordinates":[[[5.3909,43.7014],[5.3881,43.7022],[5.3828,43.7035],[5.377,43.7063],[5.3735,43.7083],[5.3705,43.7092],[5.356,43.714],[5.3437,43.7188],[5.3388,43.7207],[5.3362,43.7223],[5.3259,43.7292],[5.3247,43.73],[5.3172,43.736],[5.3157,43.7365],[5.308,43.738],[5.2992,43.7383],[5.2945,43.7389],[5.2923,43.7396],[5.2864,43.7401],[5.2842,43.7479],[5.2804,43.7595],[5.2785,43.7645],[5.2758,43.7742],[5.2723,43.7861],[5.2706,43.7901],[5.2704,43.7931],[5.2836,43.7913],[5.2922,43.7906],[5.2965,43.7899],[5.2979,43.7888],[5.3005,43.7891],[5.3034,43.7882],[5.31,43.7871],[5.3106,43.7873],[5.3157,43.7858],[5.3185,43.7864],[5.3217,43.7838],[5.322,43.783],[5.3251,43.7839],[5.3279,43.784],[5.3316,43.7851],[5.3328,43.7874],[5.3377,43.7912],[5.3412,43.7921],[5.3439,43.7941],[5.345,43.7945],[5.3477,43.7936],[5.3506,43.7936],[5.3534,43.7923],[5.3549,43.7927],[5.3557,43.794],[5.3586,43.7957],[5.3605,43.7961],[5.3629,43.7975],[5.3642,43.7989],[5.3706,43.8004],[5.3711,43.8022],[5.3735,43.8029],[5.3746,43.8059],[5.3767,43.8059],[5.3787,43.8051],[5.3814,43.805],[5.3857,43.8035],[5.3871,43.8025],[5.3901,43.8023],[5.3944,43.8062],[5.3995,43.8075],[5.4021,43.8074],[5.4056,43.8086],[5.406,43.8104],[5.4079,43.8107],[5.4108,43.8103],[5.4129,43.8121],[5.4141,43.8121],[5.4189,43.8135],[5.4218,43.8136],[5.4248,43.8123],[5.4272,43.8119],[5.4284,43.8104],[5.4312,43.8104],[5.4333,43.8096],[5.4364,43.8115],[5.4386,43.8113],[5.4405,43.8133],[5.4413,43.8153],[5.4453,43.8176],[5.4489,43.816],[5.4525,43.8136],[5.4548,43.8117],[5.4622,43.8132],[5.4649,43.8146],[5.4672,43.8153],[5.4773,43.8155],[5.4802,43.817],[5.4847,43.8182],[5.4891,43.8182],[5.4937,43.8185],[5.4965,43.818],[5.5028,43.8184],[5.5038,43.8188],[5.5095,43.8195],[5.5119,43.8189],[5.5152,43.8195],[5.5174,43.8192],[5.518,43.8205],[5.5221,43.8199],[5.5281,43.8197],[5.5312,43.8188],[5.533,43.8184],[5.5372,43.8182],[5.5421,43.8176],[5.5448,43.8176],[5.5484,43.8167],[5.5509,43.8174],[5.5579,43.8209],[5.5596,43.8215],[5.5643,43.8197],[5.5645,43.8211],[5.5669,43.8242],[5.5673,43.8271],[5.5706,43.8291],[5.5746,43.8303],[5.5782,43.8299],[5.5848,43.8276],[5.5889,43.827],[5.5913,43.8294],[5.5954,43.8289],[5.6006,43.826],[5.6057,43.8282],[5.6113,43.8284],[5.6146,43.8278],[5.6159,43.8292],[5.6184,43.8301],[5.6218,43.8293],[5.6238,43.8307],[5.6277,43.8309],[5.6314,43.8286],[5.6374,43.8273],[5.6401,43.8276],[5.6469,43.8261],[5.6507,43.8252],[5.6544,43.8251],[5.6558,43.8228],[5.6564,43.8194],[5.6584,43.8169],[5.6624,43.8141],[5.668,43.8095],[5.6745,43.8074],[5.6752,43.8062],[5.6746,43.8045],[5.68,43.7987],[5.6803,43.7974],[5.6826,43.7928],[5.684,43.7919],[5.6848,43.7902],[5.6843,43.7887],[5.6857,43.7872],[5.6899,43.7852],[5.695,43.7842],[5.6971,43.7843],[5.7006,43.7836],[5.705,43.7795],[5.7081,43.7794],[5.7119,43.7813],[5.7136,43.7811],[5.7129,43.7784],[5.7139,43.7726],[5.7138,43.7696],[5.7142,43.7648],[5.7151,43.7604],[5.7169,43.7555],[5.7257,43.7518],[5.7264,43.7505],[5.7289,43.7501],[5.7301,43.7486],[5.7341,43.747],[5.7353,43.7473],[5.7385,43.7464],[5.7394,43.7455],[5.7412,43.7454],[5.743,43.744],[5.7459,43.7429],[5.7492,43.7405],[5.7509,43.7383],[5.7531,43.7365],[5.7567,43.7316],[5.7573,43.7294],[5.7567,43.7282],[5.7537,43.7246],[5.7497,43.7209],[5.7475,43.7196],[5.7414,43.7183],[5.739,43.7174],[5.737,43.716],[5.7309,43.7094],[5.7291,43.7077],[5.7244,43.7018],[5.7222,43.6996],[5.7173,43.6935],[5.7141,43.6913],[5.7102,43.69],[5.7052,43.6899],[5.696,43.6911],[5.6865,43.6922],[5.6828,43.6928],[5.6762,43.6929],[5.6736,43.6937],[5.671,43.6925],[5.6697,43.6911],[5.6644,43.688],[5.6605,43.6872],[5.6575,43.6858],[5.6561,43.6845],[5.6525,43.6799],[5.6502,43.6784],[5.6478,43.6758],[5.6449,43.6742],[5.6423,43.6722],[5.6402,43.6718],[5.6354,43.6691],[5.6315,43.6673],[5.6292,43.6672],[5.6239,43.6662],[5.6174,43.6648],[5.6136,43.6637],[5.6085,43.6604],[5.6069,43.6587],[5.5954,43.6596],[5.5877,43.6613],[5.5781,43.6617],[5.5748,43.6621],[5.5604,43.6616],[5.5498,43.6598],[5.5448,43.6607],[5.5434,43.6607],[5.5327,43.659],[5.5315,43.659],[5.5239,43.6606],[5.5191,43.6615],[5.5123,43.6633],[5.5094,43.6643],[5.5014,43.6664],[5.4881,43.6677],[5.4866,43.6684],[5.4762,43.6708],[5.4725,43.6726],[5.4653,43.6746],[5.4572,43.6775],[5.4526,43.6786],[5.4505,43.6796],[5.4453,43.6801],[5.4442,43.6799],[5.4376,43.6817],[5.4289,43.6856],[5.4242,43.6868],[5.4168,43.6903],[5.4127,43.6929],[5.4105,43.6941],[5.4043,43.6966],[5.3971,43.6989],[5.3909,43.7014]]]}},{"type":"Feature","properties":{"nom":"CPTS Sud 04","statut":"","communes":["04012","04018","04034","04035","04041","04045","04063","04065","04068","04077","04087","04088","04095","04101","04104","04106","04111","04112","04128","04129","04130","04132","04138","04141","04142","04143","04151","04152","04156","04159","04160","04162","04163","04164","04169","04175","04178","04188","04190","04192","04197","04201","04206","04208","04227","04241","04242","04245"],"president":"Dr Thierry DUGOIS","coordonnateur":"Sofia HADDJERI","contact":"cptssud04@gmail.com","site":"Accueil | CPTS Sud 04"},"geometry":{"type":"Polygon","coordinates":[[[5.6558,43.8228],[5.6544,43.8251],[5.6507,43.8252],[5.6469,43.8261],[5.6401,43.8276],[5.6374,43.8273],[5.6314,43.8286],[5.6277,43.8309],[5.6238,43.8307],[5.6218,43.8293],[5.6184,43.8301],[5.6159,43.8292],[5.6146,43.8278],[5.6113,43.8284],[5.6057,43.8282],[5.6006,43.826],[5.5954,43.8289],[5.5913,43.8294],[5.5889,43.827],[5.5848,43.8276],[5.5782,43.8299],[5.5746,43.8303],[5.5706,43.8291],[5.5673,43.8271],[5.5669,43.8242],[5.5645,43.8211],[5.5643,43.8197],[5.5596,43.8215],[5.5579,43.8209],[5.5509,43.8174],[5.5484,43.8167],[5.5448,43.8176],[5.5443,43.8184],[5.5468,43.8293],[5.5487,43.8326],[5.5485,43.8386],[5.5488,43.8439],[5.5486,43.8515],[5.5517,43.8514],[5.5551,43.8534],[5.5566,43.855],[5.5613,43.8575],[5.5635,43.858],[5.5669,43.8619],[5.5683,43.8623],[5.5712,43.8618],[5.5735,43.8634],[5.5732,43.8654],[5.5743,43.8676],[5.578,43.8725],[5.5816,43.8754],[5.5838,43.8768],[5.5834,43.8788],[5.5841,43.8803],[5.5857,43.8802],[5.5872,43.8817],[5.5868,43.8842],[5.5872,43.8856],[5.5903,43.8872],[5.59,43.888],[5.5912,43.8901],[5.5908,43.8909],[5.5931,43.8923],[5.5951,43.8943],[5.5976,43.8985],[5.5977,43.9029],[5.5999,43.9055],[5.604,43.9089],[5.6055,43.9107],[5.6071,43.9138],[5.6082,43.9148],[5.6066,43.9161],[5.6049,43.9155],[5.6005,43.9163],[5.5943,43.9168],[5.5904,43.9165],[5.5816,43.9151],[5.5809,43.9199],[5.5815,43.923],[5.5806,43.9255],[5.5765,43.9296],[5.573,43.932],[5.5679,43.937],[5.5681,43.9382],[5.57,43.9404],[5.5689,43.9423],[5.5676,43.9426],[5.5661,43.9417],[5.5646,43.9424],[5.5597,43.9429],[5.5563,43.942],[5.5532,43.9416],[5.5455,43.9395],[5.545,43.9391],[5.5335,43.9445],[5.53,43.9457],[5.5269,43.9475],[5.5209,43.9446],[5.5156,43.9447],[5.5127,43.9454],[5.5117,43.9485],[5.5092,43.9517],[5.5091,43.9551],[5.5077,43.9577],[5.5101,43.9634],[5.5122,43.9671],[5.5132,43.9734],[5.5153,43.9797],[5.5178,43.9877],[5.5181,43.9901],[5.5176,43.9917],[5.5194,43.9945],[5.5236,43.9961],[5.5244,43.9981],[5.5246,44.0021],[5.5264,44.0049],[5.5268,44.0063],[5.5313,44.009],[5.5317,44.0102],[5.5359,44.013],[5.536,44.0136],[5.5404,44.0212],[5.5416,44.0222],[5.5436,44.026],[5.5436,44.0316],[5.5445,44.0335],[5.5437,44.0366],[5.5441,44.0384],[5.5443,44.0453],[5.5441,44.0465],[5.5452,44.0499],[5.5445,44.0534],[5.5436,44.0556],[5.5436,44.0572],[5.5424,44.0609],[5.5423,44.0631],[5.5441,44.0658],[5.545,44.0684],[5.5446,44.0699],[5.539,44.0682],[5.5364,44.0685],[5.5319,44.0674],[5.5234,44.0646],[5.5219,44.0646],[5.5164,44.0632],[5.5092,44.0639],[5.5026,44.0634],[5.5021,44.0661],[5.4986,44.0717],[5.498,44.0752],[5.4984,44.0807],[5.4992,44.0828],[5.4986,44.0894],[5.4992,44.0917],[5.5003,44.0933],[5.5004,44.1003],[5.497,44.1024],[5.499,44.105],[5.4991,44.1073],[5.4985,44.1092],[5.4988,44.1157],[5.5026,44.1157],[5.5048,44.1163],[5.5087,44.1185],[5.5113,44.1219],[5.5111,44.1241],[5.5184,44.1263],[5.5216,44.1266],[5.5239,44.1275],[5.5277,44.1282],[5.53,44.1292],[5.5345,44.1303],[5.5378,44.1317],[5.5414,44.1326],[5.5428,44.134],[5.544,44.1364],[5.5501,44.1458],[5.5513,44.1498],[5.5519,44.1469],[5.5503,44.1442],[5.5506,44.1418],[5.5475,44.1358],[5.5466,44.1317],[5.5469,44.1295],[5.5497,44.124],[5.5514,44.1181],[5.553,44.1154],[5.5533,44.1141],[5.555,44.111],[5.5605,44.1118],[5.5655,44.1146],[5.573,44.1138],[5.5737,44.1131],[5.5768,44.1133],[5.5812,44.1129],[5.5822,44.1139],[5.5818,44.1169],[5.5831,44.1195],[5.5854,44.1216],[5.5891,44.123],[5.5902,44.12],[5.595,44.1207],[5.5955,44.1219],[5.5983,44.124],[5.5988,44.1264],[5.5997,44.1273],[5.6035,44.1289],[5.6036,44.1312],[5.6044,44.1345],[5.6046,44.1373],[5.6068,44.1441],[5.6069,44.1489],[5.6037,44.1525],[5.6035,44.1539],[5.609,44.1535],[5.612,44.152],[5.618,44.1513],[5.6208,44.1506],[5.6258,44.1504],[5.6311,44.1506],[5.6357,44.1503],[5.6397,44.1495],[5.6431,44.1492],[5.6452,44.1486],[5.6468,44.1481],[5.6533,44.1482],[5.6552,44.1476],[5.6577,44.1475],[5.6635,44.1483],[5.6674,44.1491],[5.6699,44.1483],[5.6755,44.1471],[5.6786,44.1461],[5.682,44.1448],[5.6891,44.1444],[5.691,44.1441],[5.6931,44.1427],[5.6943,44.1427],[5.6986,44.1442],[5.6997,44.1438],[5.701,44.1409],[5.7028,44.1397],[5.7059,44.1369],[5.7111,44.1359],[5.7139,44.1361],[5.7175,44.1376],[5.7192,44.1372],[5.7228,44.1338],[5.7252,44.1322],[5.727,44.1317],[5.7293,44.1286],[5.7349,44.1282],[5.74,44.1295],[5.7449,44.1301],[5.7484,44.1318],[5.7513,44.1318],[5.7534,44.1299],[5.7572,44.1292],[5.7611,44.1267],[5.7629,44.1265],[5.7675,44.1243],[5.7727,44.1241],[5.7773,44.1242],[5.7787,44.1236],[5.7833,44.1234],[5.7842,44.1228],[5.7873,44.1225],[5.7893,44.1233],[5.7928,44.1239],[5.8,44.1238],[5.8032,44.1227],[5.8058,44.1233],[5.809,44.1233],[5.8127,44.1221],[5.8168,44.1207],[5.8192,44.1195],[5.8244,44.1184],[5.8288,44.1159],[5.8332,44.1152],[5.8386,44.1141],[5.8448,44.1132],[5.8505,44.1135],[5.8538,44.1133],[5.8558,44.1125],[5.8581,44.1122],[5.8643,44.1125],[5.8673,44.1056],[5.8701,44.0978],[5.8706,44.0941],[5.8745,44.0874],[5.8759,44.0854],[5.8795,44.0785],[5.8811,44.0762],[5.882,44.0738],[5.883,44.0697],[5.8828,44.0672],[5.8807,44.0607],[5.8821,44.0513],[5.8856,44.0458],[5.8855,44.0406],[5.8869,44.0392],[5.8879,44.0369],[5.8873,44.032],[5.8915,44.028],[5.8909,44.0264],[5.8937,44.0244],[5.889,44.0213],[5.8883,44.0191],[5.8899,44.0182],[5.891,44.0157],[5.8884,44.0125],[5.8877,44.0074],[5.8881,44.0062],[5.8872,44.0042],[5.8853,44.0019],[5.8863,44.0011],[5.8877,43.998],[5.8895,43.9957],[5.8887,43.9946],[5.8895,43.9933],[5.8918,43.993],[5.8945,43.9905],[5.8961,43.9899],[5.8972,43.9887],[5.9023,43.9863],[5.9039,43.9864],[5.9087,43.9847],[5.9094,43.9835],[5.9168,43.9804],[5.9008,43.9484],[5.9147,43.946],[5.9208,43.9448],[5.9246,43.9438],[5.93,43.9431],[5.9338,43.9423],[5.9387,43.9422],[5.9435,43.9412],[5.9455,43.9404],[5.9503,43.9407],[5.953,43.9403],[5.955,43.9411],[5.9562,43.9402],[5.9595,43.9393],[5.9607,43.9377],[5.9623,43.9399],[5.965,43.9407],[5.9663,43.9464],[5.9655,43.9487],[5.9663,43.9508],[5.9702,43.9523],[5.9707,43.9542],[5.9734,43.9576],[5.9732,43.9589],[5.9738,43.9626],[5.976,43.965],[5.9807,43.9739],[5.9809,43.9764],[5.982,43.9779],[5.9829,43.9822],[5.9862,43.9845],[5.9862,43.9871],[5.9875,43.9902],[5.9883,43.9906],[5.9937,43.99],[5.995,43.9894],[6.0002,43.9909],[6.0034,43.9927],[6.0074,43.993],[6.0087,43.9941],[6.0113,43.9953],[6.0118,43.9971],[6.015,44.0019],[6.0163,44.0022],[6.0171,44.0038],[6.0188,44.0037],[6.021,44.0057],[6.0228,44.008],[6.0272,44.0106],[6.031,44.01],[6.0338,44.0106],[6.0345,44.0116],[6.0382,44.0132],[6.0406,44.0134],[6.042,44.0157],[6.0449,44.0125],[6.0449,44.0091],[6.0455,44.0085],[6.0498,44.0076],[6.0552,44.0045],[6.0579,44.004],[6.0586,44.0054],[6.0608,44.0072],[6.0652,44.0063],[6.0666,44.0047],[6.0693,44.004],[6.0711,44.0031],[6.0739,43.9971],[6.0762,43.9954],[6.0746,43.994],[6.0728,43.9902],[6.0706,43.9882],[6.0701,43.9869],[6.0683,43.9846],[6.0687,43.9833],[6.0706,43.9817],[6.0726,43.9815],[6.075,43.9792],[6.0746,43.9777],[6.0778,43.9745],[6.076,43.9696],[6.0811,43.9702],[6.0857,43.9688],[6.0861,43.968],[6.0831,43.9655],[6.0813,43.9654],[6.079,43.9637],[6.0814,43.962],[6.0819,43.9597],[6.084,43.9587],[6.0805,43.9536],[6.0776,43.9531],[6.0765,43.9524],[6.0763,43.9495],[6.0725,43.9494],[6.069,43.9489],[6.0691,43.9466],[6.0709,43.9448],[6.0709,43.9437],[6.0692,43.9419],[6.0669,43.9427],[6.0653,43.9423],[6.0644,43.9403],[6.0631,43.94],[6.0628,43.9385],[6.064,43.9363],[6.0628,43.9353],[6.0598,43.9342],[6.0607,43.932],[6.0571,43.9309],[6.0564,43.9298],[6.0526,43.9277],[6.0508,43.9253],[6.0487,43.924],[6.0469,43.9241],[6.045,43.9251],[6.0436,43.924],[6.0433,43.9223],[6.0414,43.9207],[6.0381,43.9194],[6.0373,43.9185],[6.0373,43.9151],[6.0356,43.9146],[6.0326,43.9116],[6.0328,43.9096],[6.0305,43.9072],[6.031,43.9038],[6.0328,43.9011],[6.0373,43.9032],[6.0419,43.9047],[6.0472,43.9051],[6.0517,43.9059],[6.0538,43.9057],[6.0566,43.9079],[6.0579,43.9084],[6.0613,43.9085],[6.0661,43.9078],[6.068,43.9078],[6.0733,43.9086],[6.0755,43.9031],[6.0744,43.9018],[6.0746,43.8969],[6.0739,43.8957],[6.0692,43.8929],[6.0686,43.8918],[6.071,43.8859],[6.0741,43.8816],[6.0774,43.8777],[6.0706,43.8709],[6.0682,43.8703],[6.0641,43.8679],[6.0615,43.8644],[6.0529,43.8604],[6.048,43.8625],[6.0447,43.8626],[6.0426,43.863],[6.0386,43.8621],[6.0332,43.8655],[6.0303,43.8667],[6.0273,43.867],[6.0234,43.8668],[6.0179,43.8685],[6.0114,43.8689],[6.0028,43.8708],[6.0014,43.8719],[5.9989,43.8752],[5.9984,43.8772],[5.9958,43.8774],[5.9948,43.8761],[5.9924,43.8756],[5.9873,43.8751],[5.9838,43.8757],[5.9827,43.8764],[5.9821,43.8782],[5.9803,43.8806],[5.9725,43.8861],[5.9687,43.8863],[5.9646,43.8876],[5.9621,43.888],[5.9569,43.8881],[5.9502,43.8866],[5.9448,43.8851],[5.9408,43.8836],[5.9361,43.8822],[5.9323,43.8816],[5.9237,43.8808],[5.91,43.8792],[5.8976,43.8798],[5.8917,43.8793],[5.8788,43.8746],[5.8749,43.8667],[5.8677,43.856],[5.862,43.8495],[5.8602,43.847],[5.8546,43.8419],[5.8528,43.8356],[5.8522,43.8348],[5.848,43.8305],[5.8457,43.8286],[5.8425,43.8277],[5.84,43.826],[5.839,43.8244],[5.8381,43.8216],[5.8347,43.8188],[5.8332,43.8165],[5.8305,43.8151],[5.8265,43.8116],[5.8247,43.8073],[5.8242,43.8045],[5.8186,43.7945],[5.8131,43.7841],[5.8123,43.7818],[5.8091,43.7763],[5.8077,43.7747],[5.8018,43.7694],[5.7996,43.7677],[5.7878,43.7612],[5.7835,43.7578],[5.7813,43.7557],[5.7786,43.7526],[5.7762,43.7512],[5.7745,43.7496],[5.7694,43.7427],[5.7664,43.7397],[5.7643,43.7383],[5.7621,43.736],[5.7573,43.7294],[5.7567,43.7316],[5.7531,43.7365],[5.7509,43.7383],[5.7492,43.7405],[5.7459,43.7429],[5.743,43.744],[5.7412,43.7454],[5.7394,43.7455],[5.7385,43.7464],[5.7353,43.7473],[5.7341,43.747],[5.7301,43.7486],[5.7289,43.7501],[5.7264,43.7505],[5.7257,43.7518],[5.7169,43.7555],[5.7151,43.7604],[5.7142,43.7648],[5.7138,43.7696],[5.7139,43.7726],[5.7129,43.7784],[5.7136,43.7811],[5.7119,43.7813],[5.7081,43.7794],[5.705,43.7795],[5.7006,43.7836],[5.6971,43.7843],[5.695,43.7842],[5.6899,43.7852],[5.6857,43.7872],[5.6843,43.7887],[5.6848,43.7902],[5.684,43.7919],[5.6826,43.7928],[5.6803,43.7974],[5.68,43.7987],[5.6746,43.8045],[5.6752,43.8062],[5.6745,43.8074],[5.668,43.8095],[5.6624,43.8141],[5.6584,43.8169],[5.6564,43.8194],[5.6558,43.8228]]]}},{"type":"Feature","properties":{"nom":"CPTS Tinée Vésubie","statut":"","communes":["06009","06013","06020","06042","06072","06073","06074","06080","06102","06103","06110","06111","06119","06120","06127","06129","06144","06146","06151","06153","06156"],"president":"Dr Marie DANDURAN","coordonnateur":"Raphaëlle CASTAINGS","contact":"secretariat@cptstineevesubie.fr","site":"cptsvesubievaldeblore.fr"},"geometry":{"type":"Polygon","coordinates":[[[7.1806,43.9127],[7.1786,43.9138],[7.176,43.9143],[7.1733,43.9168],[7.1696,43.9193],[7.1663,43.9192],[7.1667,43.9229],[7.1675,43.925],[7.1623,43.9266],[7.1605,43.9267],[7.1595,43.9293],[7.1564,43.9323],[7.154,43.9334],[7.149,43.9339],[7.1464,43.9364],[7.146,43.938],[7.1471,43.9405],[7.1459,43.9419],[7.1456,43.9439],[7.1431,43.9457],[7.1423,43.9475],[7.1407,43.9491],[7.1414,43.951],[7.1382,43.9528],[7.1354,43.9539],[7.1341,43.9558],[7.1309,43.9584],[7.1284,43.9574],[7.1264,43.9588],[7.1237,43.959],[7.1211,43.9583],[7.1202,43.9593],[7.1176,43.9595],[7.1154,43.9611],[7.1133,43.9615],[7.1109,43.9613],[7.1097,43.9622],[7.1118,43.9647],[7.1116,43.9672],[7.112,43.9702],[7.1115,43.9731],[7.1086,43.9739],[7.1077,43.975],[7.1075,43.9779],[7.1049,43.9804],[7.1007,43.9838],[7.101,43.9856],[7.0996,43.9889],[7.0931,43.9916],[7.0872,43.9926],[7.0838,43.9925],[7.0798,43.9939],[7.0785,43.995],[7.0757,43.9949],[7.0745,43.9954],[7.0738,43.998],[7.0719,44.0018],[7.0701,44.0029],[7.0709,44.0053],[7.0689,44.006],[7.0658,44.0085],[7.0637,44.0095],[7.0633,44.0109],[7.0618,44.0123],[7.0607,44.015],[7.0596,44.0157],[7.0593,44.0172],[7.0581,44.0178],[7.0553,44.0204],[7.0527,44.0222],[7.0537,44.0264],[7.0576,44.0273],[7.0595,44.0281],[7.0579,44.0303],[7.0572,44.033],[7.0582,44.0357],[7.0592,44.0366],[7.0594,44.0405],[7.0559,44.0436],[7.0535,44.044],[7.0513,44.0466],[7.0507,44.0489],[7.0526,44.0513],[7.0544,44.0524],[7.0549,44.0534],[7.054,44.0559],[7.0483,44.0596],[7.0477,44.0606],[7.0465,44.0615],[7.0432,44.0608],[7.0393,44.0615],[7.0367,44.0634],[7.0365,44.0644],[7.031,44.065],[7.0276,44.0675],[7.0246,44.0735],[7.0221,44.0766],[7.0203,44.0779],[7.0216,44.0791],[7.0226,44.0816],[7.0234,44.0851],[7.022,44.09],[7.021,44.092],[7.0213,44.0955],[7.0204,44.0968],[7.0238,44.1015],[7.0258,44.1037],[7.0278,44.1049],[7.0285,44.1079],[7.0252,44.1095],[7.022,44.1086],[7.0192,44.1091],[7.0183,44.1111],[7.0167,44.1126],[7.0162,44.1144],[7.0136,44.1148],[7.0098,44.1171],[7.0067,44.1171],[7.0072,44.119],[7.0058,44.1202],[7.0045,44.1228],[7.0054,44.126],[7.0047,44.128],[7.003,44.1277],[7.0006,44.1297],[6.9982,44.1296],[6.9958,44.132],[6.994,44.1326],[6.9933,44.1366],[6.9941,44.1379],[6.9934,44.1408],[6.994,44.1438],[6.9937,44.1474],[6.9923,44.1485],[6.9919,44.15],[6.99,44.151],[6.9881,44.1531],[6.9878,44.1549],[6.9865,44.1552],[6.9835,44.1574],[6.9798,44.1593],[6.979,44.1587],[6.9752,44.1583],[6.9714,44.1581],[6.9688,44.1584],[6.9676,44.1592],[6.9634,44.1607],[6.9619,44.1618],[6.9617,44.1629],[6.9628,44.166],[6.9626,44.1712],[6.9633,44.1737],[6.9626,44.1757],[6.96,44.18],[6.9585,44.1814],[6.9579,44.1831],[6.9573,44.1871],[6.9563,44.1891],[6.9518,44.194],[6.9508,44.1946],[6.9506,44.1964],[6.9468,44.1956],[6.9443,44.1934],[6.9428,44.1934],[6.9413,44.1923],[6.9377,44.1907],[6.9336,44.1902],[6.9285,44.1873],[6.9269,44.1882],[6.9217,44.1883],[6.9207,44.188],[6.9155,44.1894],[6.9139,44.1894],[6.9117,44.1893],[6.9042,44.1902],[6.8976,44.1887],[6.8954,44.1869],[6.8939,44.1866],[6.8911,44.185],[6.8902,44.184],[6.8894,44.1818],[6.8878,44.1808],[6.8859,44.1808],[6.8831,44.1787],[6.8804,44.1747],[6.8778,44.172],[6.8745,44.1769],[6.8748,44.1779],[6.8735,44.181],[6.8735,44.1845],[6.8713,44.1848],[6.8686,44.1864],[6.8655,44.1872],[6.8632,44.1886],[6.859,44.1886],[6.8556,44.1899],[6.8543,44.192],[6.8515,44.1916],[6.8493,44.1927],[6.8461,44.1952],[6.8448,44.195],[6.8422,44.1958],[6.8394,44.1957],[6.8366,44.1973],[6.8366,44.1988],[6.8354,44.1992],[6.8322,44.2035],[6.828,44.206],[6.8278,44.208],[6.825,44.2107],[6.8229,44.2154],[6.8192,44.2157],[6.8152,44.2167],[6.8119,44.2203],[6.8098,44.2215],[6.8091,44.2248],[6.8094,44.226],[6.807,44.2286],[6.8061,44.2321],[6.8051,44.2325],[6.805,44.2343],[6.8058,44.2367],[6.8078,44.2388],[6.8081,44.2405],[6.8065,44.2441],[6.8029,44.2445],[6.8023,44.2451],[6.7998,44.245],[6.7973,44.2484],[6.7966,44.2502],[6.7981,44.2534],[6.8016,44.2571],[6.8014,44.2588],[6.7964,44.2596],[6.7945,44.2628],[6.794,44.2672],[6.793,44.2708],[6.7903,44.2723],[6.7899,44.2747],[6.7887,44.2759],[6.7885,44.2789],[6.7891,44.28],[6.7883,44.2822],[6.7884,44.2855],[6.7866,44.288],[6.7865,44.2895],[6.7883,44.2915],[6.7901,44.2946],[6.7914,44.2958],[6.7961,44.2983],[6.7962,44.302],[6.7957,44.3053],[6.7946,44.3082],[6.7951,44.3102],[6.7948,44.3129],[6.7961,44.3161],[6.7968,44.3167],[6.7989,44.3185],[6.8072,44.3214],[6.8061,44.3259],[6.8075,44.3272],[6.8089,44.3305],[6.8125,44.3326],[6.8146,44.3321],[6.8202,44.3322],[6.8224,44.3327],[6.8266,44.3356],[6.8271,44.3365],[6.8302,44.3379],[6.8315,44.3401],[6.8377,44.3434],[6.838,44.3448],[6.8403,44.3465],[6.8433,44.3465],[6.8457,44.3456],[6.8502,44.3461],[6.8519,44.3458],[6.8549,44.3435],[6.8562,44.343],[6.8596,44.3442],[6.8608,44.346],[6.863,44.3466],[6.8686,44.3501],[6.8715,44.3528],[6.8775,44.3547],[6.8813,44.3571],[6.8825,44.3584],[6.8874,44.361],[6.8988,44.3584],[6.8998,44.3576],[6.9042,44.3584],[6.9061,44.3581],[6.9094,44.3564],[6.9108,44.3541],[6.9123,44.3532],[6.9146,44.3534],[6.9183,44.3529],[6.9226,44.3507],[6.9221,44.3462],[6.9209,44.3452],[6.9221,44.3419],[6.9242,44.3409],[6.924,44.3397],[6.9254,44.3384],[6.9265,44.3356],[6.9262,44.334],[6.9272,44.3324],[6.9308,44.3312],[6.9332,44.33],[6.935,44.3297],[6.9369,44.3286],[6.9386,44.3245],[6.9419,44.3244],[6.9464,44.3203],[6.9523,44.3193],[6.9532,44.3188],[6.9531,44.3168],[6.9546,44.3148],[6.9575,44.3135],[6.9605,44.3109],[6.9607,44.3086],[6.958,44.3054],[6.9586,44.3021],[6.9566,44.2993],[6.9559,44.2971],[6.9575,44.2951],[6.9595,44.2941],[6.9628,44.2934],[6.9667,44.2954],[6.9702,44.2944],[6.9713,44.2935],[6.9715,44.2917],[6.9696,44.2888],[6.969,44.2868],[6.9719,44.2836],[6.9755,44.2853],[6.9768,44.2854],[6.9791,44.2867],[6.9813,44.2867],[6.9834,44.2849],[6.9868,44.2843],[6.99,44.2831],[6.9943,44.2804],[6.9957,44.2799],[6.9947,44.2774],[6.9957,44.2755],[6.9972,44.2738],[6.9967,44.2712],[6.9955,44.2691],[6.9964,44.2664],[6.9953,44.265],[6.9967,44.2637],[6.9984,44.2588],[6.9977,44.2556],[6.9969,44.2548],[6.9966,44.2521],[6.9983,44.25],[6.9985,44.2488],[7.0011,44.2468],[7.0005,44.245],[7.001,44.2437],[7.0042,44.2424],[7.0045,44.241],[7.0085,44.2352],[7.0116,44.2354],[7.014,44.2344],[7.0146,44.2333],[7.0168,44.2322],[7.0193,44.2322],[7.0225,44.2343],[7.0252,44.2315],[7.0272,44.2306],[7.0304,44.2314],[7.0311,44.2298],[7.031,44.2276],[7.033,44.2254],[7.0361,44.2243],[7.0388,44.2237],[7.045,44.2264],[7.0485,44.2273],[7.0512,44.2285],[7.0558,44.2293],[7.0579,44.2289],[7.0616,44.2267],[7.0651,44.2281],[7.0653,44.23],[7.0682,44.2323],[7.0702,44.233],[7.0768,44.2322],[7.0792,44.2316],[7.0807,44.2305],[7.0835,44.2296],[7.0865,44.2293],[7.0905,44.2251],[7.091,44.2218],[7.0925,44.2203],[7.0942,44.2211],[7.0961,44.2206],[7.1018,44.2204],[7.1076,44.218],[7.1124,44.2174],[7.1139,44.2178],[7.1176,44.2152],[7.1188,44.2151],[7.1214,44.2123],[7.1256,44.2112],[7.1272,44.2104],[7.1306,44.2071],[7.1369,44.2043],[7.1384,44.2026],[7.141,44.201],[7.1436,44.2001],[7.1484,44.2],[7.1489,44.2015],[7.1523,44.2033],[7.1547,44.2034],[7.1569,44.2042],[7.1589,44.2058],[7.1627,44.208],[7.1657,44.2063],[7.1663,44.2035],[7.1675,44.2024],[7.172,44.2017],[7.1753,44.2001],[7.1777,44.1972],[7.181,44.1987],[7.183,44.199],[7.1861,44.2013],[7.1887,44.2003],[7.1894,44.1954],[7.1905,44.1944],[7.1938,44.1898],[7.1936,44.1871],[7.1968,44.1863],[7.2007,44.187],[7.2034,44.1848],[7.2046,44.1824],[7.2048,44.179],[7.2108,44.1765],[7.2139,44.175],[7.2159,44.1711],[7.2182,44.1701],[7.2194,44.1685],[7.2209,44.1683],[7.2245,44.169],[7.2283,44.1682],[7.2302,44.1699],[7.2331,44.1718],[7.2337,44.1739],[7.2356,44.1754],[7.2374,44.1741],[7.2409,44.1734],[7.2435,44.1716],[7.2434,44.1683],[7.245,44.1659],[7.2452,44.1637],[7.2471,44.1623],[7.2482,44.1591],[7.2517,44.1561],[7.2538,44.1555],[7.2566,44.1554],[7.259,44.1533],[7.2609,44.1498],[7.2628,44.148],[7.2718,44.1476],[7.2762,44.1442],[7.2782,44.1435],[7.2796,44.1418],[7.2814,44.1409],[7.2831,44.1411],[7.2857,44.1425],[7.2868,44.1446],[7.2879,44.1452],[7.2921,44.1453],[7.296,44.144],[7.2987,44.1448],[7.3012,44.145],[7.3033,44.1461],[7.308,44.1442],[7.3108,44.1475],[7.3136,44.1454],[7.3152,44.1449],[7.3175,44.1431],[7.3212,44.1427],[7.3283,44.1447],[7.3326,44.1438],[7.3343,44.1447],[7.3373,44.145],[7.3419,44.1459],[7.3447,44.1447],[7.3457,44.1432],[7.3467,44.1378],[7.3457,44.1365],[7.3473,44.1357],[7.3487,44.1327],[7.3512,44.1289],[7.3519,44.1262],[7.3544,44.1247],[7.355,44.1225],[7.3564,44.1204],[7.3571,44.1166],[7.358,44.116],[7.3614,44.1164],[7.3644,44.1175],[7.3679,44.1164],[7.3741,44.1187],[7.3768,44.1204],[7.3813,44.122],[7.384,44.1226],[7.3859,44.1237],[7.3889,44.1248],[7.391,44.1245],[7.3929,44.125],[7.3969,44.1232],[7.4027,44.1194],[7.4066,44.1179],[7.4094,44.1195],[7.4106,44.1196],[7.4145,44.1187],[7.4176,44.1152],[7.4201,44.1144],[7.4221,44.1125],[7.4248,44.1119],[7.4269,44.1129],[7.4272,44.1096],[7.4296,44.1091],[7.4295,44.1073],[7.4306,44.1041],[7.4319,44.1035],[7.4314,44.1015],[7.4324,44.1002],[7.4317,44.0982],[7.4262,44.0958],[7.4272,44.0943],[7.4269,44.0914],[7.429,44.0896],[7.4294,44.0881],[7.4319,44.0868],[7.4317,44.0839],[7.4295,44.0814],[7.4264,44.0803],[7.4274,44.0786],[7.4265,44.0771],[7.4275,44.076],[7.4268,44.0746],[7.4289,44.0703],[7.4268,44.0691],[7.4274,44.0675],[7.4262,44.0657],[7.426,44.0634],[7.4277,44.0618],[7.428,44.0602],[7.426,44.0589],[7.4285,44.0536],[7.4284,44.0519],[7.423,44.0491],[7.4215,44.0467],[7.4185,44.0445],[7.4209,44.0426],[7.4218,44.0403],[7.4239,44.0382],[7.423,44.0346],[7.423,44.0311],[7.4199,44.0286],[7.4154,44.0264],[7.4132,44.0243],[7.4123,44.0211],[7.4163,44.0194],[7.4229,44.016],[7.4267,44.0104],[7.4282,44.0096],[7.4307,44.007],[7.432,44.0042],[7.4319,44.0031],[7.4335,44.001],[7.4281,43.9997],[7.4258,43.9985],[7.4254,43.9971],[7.4217,43.9959],[7.419,43.9965],[7.4157,43.9962],[7.4095,43.9939],[7.4071,43.9901],[7.4061,43.9891],[7.4028,43.9892],[7.4009,43.9886],[7.3968,43.9856],[7.3966,43.9846],[7.3921,43.9815],[7.3914,43.9775],[7.3925,43.9749],[7.3912,43.9728],[7.3872,43.9707],[7.3841,43.9704],[7.3807,43.9672],[7.38,43.9671],[7.3794,43.9632],[7.3785,43.9619],[7.3772,43.9583],[7.3761,43.9541],[7.3742,43.9528],[7.3694,43.9478],[7.3693,43.945],[7.3682,43.9433],[7.3696,43.9411],[7.3698,43.9396],[7.3654,43.9404],[7.3649,43.9429],[7.3631,43.9432],[7.3605,43.9422],[7.3581,43.9439],[7.3549,43.9437],[7.3518,43.9444],[7.3494,43.9442],[7.3468,43.9454],[7.3428,43.9467],[7.3408,43.9485],[7.3337,43.9489],[7.3306,43.9474],[7.3274,43.9483],[7.3226,43.9488],[7.3226,43.9453],[7.3208,43.9441],[7.3195,43.9421],[7.3161,43.9399],[7.3126,43.9401],[7.3095,43.9435],[7.3075,43.9432],[7.3045,43.9436],[7.3026,43.9419],[7.3021,43.9398],[7.2994,43.9398],[7.2947,43.9416],[7.293,43.9415],[7.2912,43.94],[7.2932,43.935],[7.2958,43.9319],[7.2975,43.9309],[7.2994,43.9269],[7.3033,43.9247],[7.3039,43.9206],[7.3068,43.9184],[7.3045,43.9179],[7.3011,43.9186],[7.299,43.9207],[7.2949,43.9195],[7.2938,43.9187],[7.2943,43.9157],[7.2924,43.9151],[7.2933,43.9136],[7.2913,43.9097],[7.2868,43.9106],[7.2842,43.9083],[7.2846,43.9066],[7.2816,43.905],[7.2772,43.9063],[7.2737,43.9049],[7.2713,43.9051],[7.2681,43.9059],[7.2641,43.9035],[7.2616,43.9029],[7.2565,43.9036],[7.2542,43.9025],[7.2524,43.8981],[7.2532,43.8948],[7.2543,43.8925],[7.2485,43.8883],[7.2463,43.8861],[7.2464,43.8848],[7.2443,43.8824],[7.2412,43.8818],[7.2386,43.8806],[7.2361,43.8787],[7.2307,43.8785],[7.2271,43.8767],[7.2213,43.8746],[7.2169,43.8717],[7.2137,43.8673],[7.2126,43.8645],[7.2127,43.8626],[7.2097,43.8608],[7.2063,43.8607],[7.2018,43.8613],[7.1989,43.8599],[7.1969,43.8601],[7.1972,43.8605],[7.1981,43.8663],[7.1977,43.8693],[7.1948,43.8721],[7.1921,43.8738],[7.1922,43.8763],[7.1892,43.8783],[7.1883,43.8794],[7.1892,43.8805],[7.19,43.8838],[7.19,43.8852],[7.1879,43.8884],[7.1888,43.8911],[7.188,43.8942],[7.1898,43.8952],[7.191,43.8967],[7.1893,43.8982],[7.1886,43.901],[7.191,43.902],[7.192,43.9036],[7.1954,43.9036],[7.1956,43.9068],[7.1926,43.91],[7.1905,43.908],[7.1887,43.9076],[7.1876,43.9095],[7.1848,43.9117],[7.1806,43.9127]]]}},{"type":"Feature","properties":{"nom":"CPTS Toulon Littoral","statut":"","communes":["83137"],"president":"Julien AUTHEMAN / Sarah MARINI","coordonnateur":"","contact":"cpts.toulonlittoral@gmail.com","site":"","infra":["Toulon"]},"geometry":{"type":"MultiPolygon","coordinates":[[[[5.9561,43.1581],[5.9562,43.1567],[5.9604,43.1549],[5.9644,43.1544],[5.9654,43.1533],[5.9683,43.1519],[5.9693,43.152],[5.9736,43.1506],[5.9748,43.1506],[5.9768,43.1488],[5.9781,43.1466],[5.9801,43.1448],[5.9795,43.1412],[5.9777,43.1372],[5.9775,43.1352],[5.98,43.1346],[5.983,43.1329],[5.9851,43.1335],[5.9854,43.1303],[5.9872,43.1245],[5.9856,43.1232],[5.9845,43.1227],[5.9842,43.1203],[5.9844,43.1151],[5.9824,43.1162],[5.9809,43.1158],[5.9799,43.1131],[5.9799,43.1106],[5.9807,43.1092],[5.9788,43.1076],[5.9791,43.1065],[5.9776,43.1056],[5.9768,43.1072],[5.9748,43.1077],[5.9716,43.1062],[5.9722,43.1043],[5.9703,43.1045],[5.9681,43.1036],[5.9676,43.1049],[5.9631,43.1069],[5.9587,43.1071],[5.9558,43.1082],[5.9547,43.1067],[5.9505,43.1066],[5.949,43.1076],[5.9472,43.107],[5.9447,43.1073],[5.9441,43.1065],[5.9416,43.1069],[5.9409,43.1078],[5.9378,43.107],[5.9339,43.1043],[5.9302,43.1023],[5.9286,43.1026],[5.9257,43.1023],[5.9258,43.104],[5.9308,43.1117],[5.9302,43.1136],[5.9345,43.1132],[5.9333,43.1169],[5.9323,43.1178],[5.9343,43.1186],[5.93,43.1209],[5.9285,43.1208],[5.9279,43.1185],[5.9261,43.1156],[5.9226,43.1152],[5.9221,43.1185],[5.9226,43.1191],[5.9273,43.1195],[5.9271,43.1215],[5.9232,43.1232],[5.9214,43.1219],[5.9206,43.1239],[5.9176,43.1219],[5.9196,43.1213],[5.9198,43.12],[5.9139,43.1193],[5.9137,43.1207],[5.9147,43.1228],[5.9127,43.1229],[5.9108,43.1192],[5.9075,43.1189],[5.9077,43.1166],[5.9113,43.1168],[5.9109,43.1151],[5.9005,43.1137],[5.8992,43.113],[5.8957,43.1147],[5.8974,43.1162],[5.896,43.1167],[5.8949,43.1147],[5.8931,43.1156],[5.8873,43.1161],[5.8868,43.1221],[5.8858,43.1299],[5.8828,43.1298],[5.8809,43.1338],[5.8817,43.1365],[5.8835,43.136],[5.8832,43.1346],[5.8857,43.1345],[5.8822,43.1604],[5.8834,43.1606],[5.8843,43.1626],[5.8869,43.1634],[5.8876,43.1619],[5.8908,43.1632],[5.89,43.161],[5.8934,43.1632],[5.8951,43.1653],[5.8954,43.1668],[5.8982,43.1693],[5.9,43.1698],[5.9022,43.1714],[5.9035,43.1703],[5.9061,43.1692],[5.9069,43.1677],[5.9083,43.1672],[5.911,43.1672],[5.913,43.1659],[5.9167,43.1653],[5.9207,43.164],[5.9207,43.163],[5.9273,43.1635],[5.9287,43.163],[5.9371,43.1654],[5.9393,43.1651],[5.9512,43.1622],[5.9547,43.1601],[5.9561,43.1581]]],[[[5.9139,43.1187],[5.9206,43.1195],[5.9199,43.1181],[5.9157,43.1178],[5.9157,43.117],[5.9133,43.1161],[5.9139,43.1187]]]]}},{"type":"Feature","properties":{"nom":"CPTS Ubaye Serre-Ponçon","statut":"","communes":["04019","04033","04062","04073","04086","04096","04102","04120","04161","04193","04195","04220","04226"],"president":"Mathilde Dupont","coordonnateur":"","contact":"","site":""},"geometry":{"type":"Polygon","coordinates":[[[6.7961,44.3161],[6.7948,44.3129],[6.7951,44.3102],[6.7946,44.3082],[6.7957,44.3053],[6.7962,44.302],[6.7961,44.2983],[6.7914,44.2958],[6.7901,44.2946],[6.7883,44.2915],[6.7865,44.2895],[6.7866,44.288],[6.7884,44.2855],[6.7883,44.2822],[6.7891,44.28],[6.7885,44.2789],[6.7887,44.2759],[6.7899,44.2747],[6.7903,44.2723],[6.7866,44.2731],[6.7823,44.2752],[6.7786,44.276],[6.7773,44.2768],[6.7731,44.2778],[6.7696,44.277],[6.7666,44.2787],[6.7635,44.2796],[6.7599,44.2765],[6.7583,44.2744],[6.7588,44.2713],[6.7574,44.27],[6.7573,44.2678],[6.7584,44.2651],[6.7591,44.2621],[6.7574,44.2616],[6.755,44.2602],[6.7527,44.26],[6.7498,44.2612],[6.7484,44.2598],[6.7423,44.2588],[6.7393,44.2556],[6.7382,44.2532],[6.7353,44.2523],[6.73,44.2515],[6.7283,44.2526],[6.7272,44.254],[6.7237,44.2561],[6.7218,44.2592],[6.7246,44.2623],[6.7229,44.2642],[6.7206,44.2633],[6.7129,44.2628],[6.709,44.2643],[6.7069,44.2643],[6.7041,44.2656],[6.7039,44.2678],[6.7048,44.2697],[6.7044,44.2724],[6.7082,44.2748],[6.7091,44.2774],[6.7102,44.2788],[6.7099,44.2819],[6.7082,44.2838],[6.7074,44.2866],[6.7046,44.2906],[6.7026,44.2902],[6.6954,44.2901],[6.6902,44.2921],[6.6863,44.2925],[6.6853,44.2936],[6.6798,44.2938],[6.6774,44.2952],[6.6746,44.2937],[6.67,44.2946],[6.6667,44.2943],[6.6654,44.2935],[6.6615,44.2924],[6.6581,44.291],[6.6568,44.2925],[6.6536,44.2945],[6.6491,44.2957],[6.6465,44.2938],[6.644,44.2934],[6.6423,44.2919],[6.6373,44.2907],[6.6336,44.2921],[6.6285,44.2952],[6.6263,44.297],[6.6234,44.2979],[6.6188,44.2942],[6.6168,44.2937],[6.6147,44.2916],[6.613,44.291],[6.6119,44.2897],[6.6085,44.2889],[6.6048,44.2875],[6.6019,44.2877],[6.599,44.2889],[6.597,44.2905],[6.5914,44.2926],[6.5917,44.2944],[6.5933,44.2954],[6.5938,44.2976],[6.5929,44.2998],[6.5899,44.3028],[6.5898,44.3047],[6.5878,44.3067],[6.5835,44.3088],[6.5819,44.3104],[6.5782,44.3126],[6.5725,44.312],[6.5698,44.3145],[6.5663,44.3145],[6.5629,44.3152],[6.5598,44.3176],[6.5588,44.319],[6.5556,44.3188],[6.552,44.3199],[6.548,44.3224],[6.5453,44.3233],[6.5424,44.321],[6.5426,44.3165],[6.5396,44.3138],[6.5398,44.3083],[6.5384,44.3056],[6.5345,44.3035],[6.5347,44.3011],[6.5361,44.2991],[6.5351,44.2969],[6.5352,44.2932],[6.534,44.2892],[6.5326,44.2881],[6.5299,44.2876],[6.5251,44.2878],[6.5226,44.2872],[6.5154,44.2876],[6.5112,44.2888],[6.5054,44.2865],[6.503,44.2848],[6.4977,44.2836],[6.4962,44.2839],[6.4951,44.2852],[6.4913,44.2865],[6.4892,44.2876],[6.4872,44.2877],[6.4835,44.2893],[6.4818,44.2906],[6.4798,44.2948],[6.4778,44.2977],[6.4725,44.2997],[6.4703,44.2998],[6.467,44.3011],[6.4662,44.3039],[6.4645,44.3054],[6.4617,44.3088],[6.4615,44.3134],[6.46,44.3204],[6.4557,44.3233],[6.455,44.3252],[6.4554,44.3282],[6.4566,44.3301],[6.4532,44.3325],[6.4518,44.3353],[6.4497,44.3355],[6.4479,44.3364],[6.4463,44.3387],[6.4457,44.3407],[6.4428,44.3426],[6.4394,44.3467],[6.4382,44.3475],[6.4372,44.3496],[6.4331,44.3532],[6.4333,44.3556],[6.4305,44.3588],[6.4279,44.3607],[6.4244,44.3602],[6.4207,44.3622],[6.4184,44.3645],[6.4158,44.3662],[6.4123,44.3668],[6.4096,44.3692],[6.4062,44.3714],[6.4031,44.3743],[6.4026,44.3766],[6.404,44.3796],[6.402,44.3801],[6.3991,44.3831],[6.3959,44.3834],[6.3957,44.3844],[6.3966,44.3882],[6.394,44.389],[6.3929,44.39],[6.3909,44.3948],[6.3889,44.3952],[6.3872,44.3977],[6.3857,44.4032],[6.3858,44.4051],[6.3849,44.4065],[6.3865,44.4093],[6.3841,44.4117],[6.367,44.4145],[6.3659,44.4148],[6.3611,44.4149],[6.3529,44.4154],[6.3513,44.4159],[6.3511,44.4201],[6.3491,44.4203],[6.3453,44.4224],[6.3441,44.424],[6.3397,44.4271],[6.3369,44.427],[6.3369,44.4247],[6.3331,44.4227],[6.3277,44.4208],[6.3247,44.4201],[6.3194,44.4199],[6.3173,44.4188],[6.3154,44.4187],[6.3111,44.4172],[6.3082,44.4167],[6.3058,44.4176],[6.302,44.4175],[6.3009,44.4164],[6.3008,44.4136],[6.2998,44.4121],[6.2987,44.4083],[6.2964,44.4094],[6.2932,44.4097],[6.2913,44.4093],[6.2862,44.4106],[6.2805,44.4107],[6.2758,44.4125],[6.2749,44.412],[6.2639,44.4121],[6.2625,44.4123],[6.2614,44.4135],[6.261,44.4163],[6.2614,44.4175],[6.2597,44.4196],[6.2601,44.4207],[6.2593,44.4234],[6.2555,44.4268],[6.254,44.4289],[6.2542,44.4302],[6.2524,44.4314],[6.253,44.4341],[6.2503,44.4345],[6.2482,44.4374],[6.248,44.4395],[6.2471,44.4408],[6.2472,44.4429],[6.2443,44.4454],[6.2441,44.4465],[6.2425,44.4479],[6.2403,44.4477],[6.2399,44.4495],[6.2387,44.4501],[6.2371,44.4533],[6.2373,44.4567],[6.237,44.4594],[6.2361,44.4614],[6.2328,44.4629],[6.2335,44.4637],[6.2349,44.4644],[6.2376,44.4646],[6.2403,44.4641],[6.2433,44.4642],[6.248,44.4659],[6.2504,44.4662],[6.2628,44.4655],[6.2659,44.466],[6.2675,44.4668],[6.2688,44.4716],[6.286,44.4775],[6.2909,44.4794],[6.2935,44.4809],[6.2978,44.475],[6.2989,44.4742],[6.3016,44.4736],[6.3066,44.4712],[6.3119,44.4669],[6.3189,44.4651],[6.3249,44.4634],[6.3271,44.4635],[6.3277,44.4653],[6.3261,44.4663],[6.3266,44.4679],[6.3345,44.4705],[6.3387,44.4707],[6.3387,44.4748],[6.3396,44.4767],[6.3402,44.4799],[6.3485,44.4748],[6.3561,44.4738],[6.3671,44.4793],[6.3717,44.4796],[6.3769,44.4792],[6.3831,44.4833],[6.3848,44.484],[6.3906,44.4834],[6.4079,44.4802],[6.4084,44.4805],[6.4072,44.477],[6.41,44.4726],[6.4121,44.4701],[6.4148,44.4691],[6.4178,44.4689],[6.4215,44.4677],[6.4237,44.4676],[6.428,44.4702],[6.4306,44.4704],[6.4325,44.4715],[6.435,44.4751],[6.4361,44.4736],[6.4391,44.4719],[6.4433,44.4686],[6.4435,44.4676],[6.4452,44.4657],[6.4591,44.4656],[6.4605,44.4626],[6.4642,44.4612],[6.4647,44.4599],[6.4652,44.4552],[6.4667,44.454],[6.4686,44.4513],[6.4714,44.4515],[6.4742,44.4512],[6.4795,44.4526],[6.4817,44.454],[6.4854,44.453],[6.4893,44.4526],[6.4923,44.4513],[6.4954,44.451],[6.4979,44.4488],[6.5012,44.4491],[6.5043,44.4506],[6.5092,44.4509],[6.5125,44.45],[6.5143,44.4491],[6.5167,44.4491],[6.5196,44.448],[6.5243,44.4481],[6.5275,44.4487],[6.5306,44.4502],[6.5333,44.452],[6.5363,44.4521],[6.5405,44.4508],[6.5431,44.4481],[6.5474,44.4468],[6.5515,44.4472],[6.5546,44.4466],[6.5563,44.4459],[6.5624,44.4455],[6.5665,44.4464],[6.5705,44.4469],[6.5731,44.4466],[6.5781,44.4487],[6.5796,44.4474],[6.5856,44.446],[6.5889,44.4455],[6.5929,44.4469],[6.5959,44.447],[6.5989,44.4487],[6.6043,44.4484],[6.6075,44.4462],[6.6106,44.4462],[6.6122,44.4468],[6.6157,44.447],[6.6182,44.4468],[6.6232,44.4473],[6.6261,44.4467],[6.6282,44.4472],[6.6323,44.4469],[6.6328,44.4498],[6.6326,44.4527],[6.6341,44.4564],[6.636,44.4564],[6.6368,44.4588],[6.6357,44.4615],[6.6368,44.4626],[6.6365,44.465],[6.6353,44.4661],[6.637,44.4686],[6.6381,44.4688],[6.6397,44.4722],[6.6375,44.4746],[6.6376,44.4762],[6.6388,44.4789],[6.6412,44.4812],[6.6424,44.4832],[6.6417,44.4855],[6.6437,44.4878],[6.6489,44.4895],[6.6507,44.4909],[6.6519,44.4941],[6.6539,44.4948],[6.6585,44.4946],[6.6616,44.4955],[6.6631,44.4979],[6.6685,44.5003],[6.6704,44.5036],[6.6729,44.5068],[6.673,44.5095],[6.6722,44.5122],[6.6743,44.5168],[6.6778,44.52],[6.6788,44.5205],[6.6798,44.5225],[6.6809,44.5277],[6.6833,44.5312],[6.6816,44.534],[6.6812,44.5364],[6.6819,44.5389],[6.681,44.5394],[6.6799,44.5419],[6.6829,44.5413],[6.6861,44.5415],[6.6926,44.5411],[6.6956,44.5402],[6.6981,44.5401],[6.7012,44.539],[6.7042,44.5391],[6.7112,44.5411],[6.7147,44.5432],[6.716,44.5448],[6.72,44.5471],[6.7222,44.5476],[6.7244,44.5489],[6.7254,44.5501],[6.7293,44.5532],[6.7311,44.5521],[6.7332,44.5517],[6.7372,44.5525],[6.7418,44.5551],[6.7429,44.5583],[6.748,44.5605],[6.7499,44.5633],[6.7493,44.5665],[6.7515,44.5691],[6.7522,44.5705],[6.7547,44.5711],[6.7599,44.574],[6.7625,44.5733],[6.7646,44.5737],[6.7686,44.5735],[6.7718,44.5758],[6.7725,44.5802],[6.7716,44.5811],[6.7684,44.5823],[6.7692,44.5833],[6.7672,44.5853],[6.7669,44.587],[6.769,44.5882],[6.7739,44.589],[6.7768,44.5901],[6.7792,44.5919],[6.7817,44.5948],[6.7857,44.5945],[6.7921,44.5923],[6.7942,44.5942],[6.796,44.5971],[6.7964,44.6011],[6.7999,44.6042],[6.8052,44.6039],[6.8072,44.6015],[6.8089,44.6014],[6.8109,44.6022],[6.8133,44.6044],[6.8148,44.605],[6.819,44.6076],[6.8244,44.6089],[6.8305,44.6099],[6.8354,44.6093],[6.8371,44.6094],[6.8398,44.6086],[6.8434,44.609],[6.8451,44.6104],[6.8481,44.6113],[6.8498,44.6126],[6.8539,44.6148],[6.8533,44.6182],[6.854,44.6221],[6.8538,44.6237],[6.8551,44.6249],[6.8584,44.6261],[6.8584,44.6294],[6.8628,44.6293],[6.8671,44.6279],[6.8713,44.6281],[6.8746,44.6292],[6.8778,44.6295],[6.8788,44.6302],[6.8826,44.6304],[6.8838,44.6334],[6.8858,44.6352],[6.89,44.6358],[6.8914,44.637],[6.8911,44.6384],[6.8932,44.6413],[6.8978,44.6442],[6.9006,44.645],[6.9016,44.6472],[6.9053,44.6523],[6.9076,44.6534],[6.9076,44.6564],[6.9113,44.6572],[6.9156,44.66],[6.9198,44.6584],[6.9206,44.6572],[6.9237,44.6554],[6.9303,44.6552],[6.9335,44.6532],[6.936,44.6534],[6.9396,44.6521],[6.9435,44.6535],[6.9483,44.6548],[6.948,44.6522],[6.9515,44.6487],[6.9519,44.6461],[6.9537,44.6438],[6.9537,44.6415],[6.9531,44.6384],[6.9538,44.637],[6.9556,44.6355],[6.9608,44.6294],[6.9623,44.6266],[6.9683,44.6247],[6.9674,44.6221],[6.9684,44.6198],[6.9658,44.6188],[6.9638,44.6188],[6.9596,44.6212],[6.9549,44.6209],[6.953,44.6201],[6.9493,44.6192],[6.9484,44.6174],[6.949,44.6146],[6.9504,44.6134],[6.9503,44.61],[6.946,44.606],[6.9434,44.6057],[6.941,44.6045],[6.9377,44.6034],[6.9368,44.6013],[6.9383,44.5992],[6.9376,44.5985],[6.9337,44.5969],[6.9327,44.5927],[6.9333,44.5917],[6.9336,44.5865],[6.9347,44.5861],[6.9324,44.5838],[6.9313,44.5819],[6.9335,44.5759],[6.9329,44.5734],[6.932,44.5727],[6.9226,44.5705],[6.9201,44.5694],[6.9166,44.5696],[6.9136,44.5693],[6.9132,44.5656],[6.9141,44.5634],[6.9159,44.5621],[6.9162,44.5604],[6.915,44.5588],[6.9132,44.5588],[6.9073,44.5575],[6.9048,44.5565],[6.9019,44.5539],[6.8986,44.5554],[6.8947,44.5555],[6.8918,44.5545],[6.8904,44.5523],[6.8838,44.5518],[6.8818,44.5525],[6.8803,44.5541],[6.8786,44.5543],[6.8769,44.553],[6.8761,44.5506],[6.8771,44.5487],[6.8768,44.5463],[6.8745,44.5465],[6.8724,44.5457],[6.8718,44.5432],[6.87,44.5392],[6.8698,44.5368],[6.8628,44.535],[6.8593,44.5346],[6.8579,44.534],[6.8555,44.5319],[6.8552,44.5296],[6.8534,44.5288],[6.8551,44.5265],[6.8574,44.5226],[6.8572,44.5183],[6.8564,44.5166],[6.857,44.5137],[6.8585,44.5127],[6.8594,44.5098],[6.8582,44.507],[6.86,44.5057],[6.8612,44.5034],[6.8597,44.5028],[6.8615,44.5014],[6.8618,44.5001],[6.8645,44.4988],[6.8657,44.495],[6.8682,44.4929],[6.8706,44.4916],[6.871,44.4908],[6.8768,44.4887],[6.8774,44.4865],[6.877,44.4841],[6.8759,44.4825],[6.8774,44.4808],[6.8807,44.4793],[6.8823,44.4768],[6.886,44.4755],[6.8917,44.4719],[6.895,44.4716],[6.8973,44.4708],[6.9009,44.4705],[6.9062,44.4677],[6.9078,44.4626],[6.9077,44.4608],[6.9095,44.4584],[6.9115,44.4549],[6.9118,44.453],[6.9111,44.4521],[6.915,44.4491],[6.9175,44.4483],[6.921,44.4457],[6.9251,44.4449],[6.9255,44.4443],[6.9325,44.4415],[6.9333,44.4403],[6.9364,44.4399],[6.9389,44.4369],[6.9394,44.4338],[6.942,44.4328],[6.9441,44.4325],[6.9448,44.4316],[6.9481,44.4297],[6.9461,44.4273],[6.9437,44.428],[6.9393,44.4284],[6.9371,44.4297],[6.9333,44.4297],[6.9325,44.4273],[6.9333,44.4251],[6.9312,44.424],[6.9289,44.4242],[6.9264,44.4237],[6.9248,44.4224],[6.922,44.4235],[6.9205,44.4255],[6.918,44.4274],[6.9153,44.4264],[6.9029,44.4205],[6.8995,44.4222],[6.8975,44.4209],[6.8929,44.4208],[6.8926,44.4203],[6.8936,44.4143],[6.8943,44.4129],[6.8941,44.4098],[6.897,44.4072],[6.8976,44.4055],[6.8972,44.4041],[6.8948,44.4021],[6.8945,44.3975],[6.8962,44.3961],[6.8968,44.3944],[6.8955,44.3925],[6.8956,44.391],[6.8948,44.3886],[6.8955,44.3876],[6.896,44.3845],[6.8949,44.3807],[6.8956,44.3774],[6.8968,44.3756],[6.8962,44.3725],[6.8952,44.3702],[6.8925,44.3682],[6.8902,44.3682],[6.8884,44.3674],[6.8869,44.3653],[6.8874,44.361],[6.8825,44.3584],[6.8813,44.3571],[6.8775,44.3547],[6.8715,44.3528],[6.8686,44.3501],[6.863,44.3466],[6.8608,44.346],[6.8596,44.3442],[6.8562,44.343],[6.8549,44.3435],[6.8519,44.3458],[6.8502,44.3461],[6.8457,44.3456],[6.8433,44.3465],[6.8403,44.3465],[6.838,44.3448],[6.8377,44.3434],[6.8315,44.3401],[6.8302,44.3379],[6.8271,44.3365],[6.8266,44.3356],[6.8224,44.3327],[6.8202,44.3322],[6.8146,44.3321],[6.8125,44.3326],[6.8089,44.3305],[6.8075,44.3272],[6.8061,44.3259],[6.8072,44.3214],[6.7989,44.3185],[6.7968,44.3167],[6.7961,44.3161]]]}},{"type":"Feature","properties":{"nom":"CPTS Val Durance","statut":"","communes":["13003","13024","13035","13049","13053","13067","13084","13105","13115","84074","84093"],"president":"Dr Guillaume MICHELON","coordonnateur":"Frédéric BARAT CABAL","contact":"cptsvaldurance@gmail.com","site":""},"geometry":{"type":"Polygon","coordinates":[[[4.9812,43.6773],[4.9827,43.681],[4.9828,43.6839],[4.9817,43.6874],[4.9796,43.7006],[4.9792,43.7071],[4.9818,43.7173],[4.9778,43.7175],[4.9701,43.7192],[4.9677,43.72],[4.9647,43.7204],[4.9587,43.7213],[4.9535,43.7261],[4.9535,43.7283],[4.9571,43.7315],[4.9572,43.7325],[4.9601,43.7323],[4.9623,43.7316],[4.9637,43.7323],[4.9665,43.7352],[4.9668,43.7376],[4.9699,43.7377],[4.9723,43.737],[4.9755,43.7366],[4.9759,43.7382],[4.9773,43.7402],[4.991,43.7464],[4.9969,43.7483],[4.9977,43.749],[4.9978,43.752],[4.9962,43.7551],[4.9942,43.7569],[4.9903,43.7636],[4.9884,43.7666],[4.9873,43.7698],[4.9816,43.78],[4.9682,43.791],[4.9888,43.7959],[5.0036,43.8006],[5.0054,43.8005],[5.0056,43.8018],[5.0085,43.8043],[5.0115,43.8034],[5.0132,43.8024],[5.0144,43.8039],[5.0162,43.8045],[5.0186,43.8068],[5.0221,43.8083],[5.0237,43.8106],[5.0258,43.8105],[5.0291,43.8156],[5.0354,43.8201],[5.037,43.8178],[5.0412,43.8109],[5.0426,43.8065],[5.0431,43.8039],[5.0431,43.8009],[5.0436,43.7959],[5.0447,43.7929],[5.0464,43.7911],[5.0497,43.7887],[5.0567,43.7858],[5.0706,43.7802],[5.0797,43.7767],[5.0907,43.7721],[5.1068,43.7657],[5.1238,43.7587],[5.1388,43.7528],[5.1583,43.7569],[5.1632,43.759],[5.1681,43.7637],[5.1699,43.7649],[5.1737,43.7655],[5.1753,43.7662],[5.1811,43.7664],[5.192,43.7654],[5.1945,43.7769],[5.1967,43.7876],[5.1973,43.7896],[5.198,43.7946],[5.2059,43.7936],[5.2203,43.7922],[5.2229,43.7921],[5.2244,43.7926],[5.2275,43.7922],[5.2302,43.793],[5.2371,43.794],[5.2484,43.7968],[5.2537,43.7989],[5.2569,43.7991],[5.2614,43.7968],[5.2693,43.7933],[5.2704,43.7931],[5.2706,43.7901],[5.2723,43.7861],[5.2758,43.7742],[5.2785,43.7645],[5.2804,43.7595],[5.2842,43.7479],[5.2864,43.7401],[5.2923,43.7396],[5.2945,43.7389],[5.2992,43.7383],[5.308,43.738],[5.3157,43.7365],[5.3172,43.736],[5.3247,43.73],[5.3259,43.7292],[5.3362,43.7223],[5.3388,43.7207],[5.3437,43.7188],[5.356,43.714],[5.3705,43.7092],[5.3679,43.7066],[5.3662,43.7067],[5.3631,43.7079],[5.3623,43.7088],[5.3555,43.7062],[5.3506,43.7077],[5.3483,43.7122],[5.3452,43.7124],[5.3415,43.7094],[5.3408,43.7068],[5.3385,43.707],[5.3373,43.71],[5.3323,43.7089],[5.332,43.71],[5.3285,43.7085],[5.3212,43.7062],[5.3213,43.7049],[5.3198,43.7037],[5.3198,43.7026],[5.3156,43.7002],[5.313,43.7012],[5.3112,43.7012],[5.3111,43.6989],[5.3091,43.6977],[5.3102,43.6941],[5.3098,43.6931],[5.3054,43.6926],[5.3027,43.6914],[5.298,43.6905],[5.2954,43.6906],[5.2915,43.6891],[5.2883,43.6894],[5.2873,43.6909],[5.2844,43.6933],[5.2815,43.6943],[5.28,43.6942],[5.2765,43.6959],[5.2752,43.6971],[5.2754,43.7021],[5.2762,43.7055],[5.2735,43.7105],[5.2733,43.7129],[5.2716,43.7162],[5.2692,43.7187],[5.2689,43.7198],[5.2661,43.7169],[5.2648,43.7146],[5.2593,43.7108],[5.2592,43.7095],[5.2567,43.7063],[5.2558,43.7057],[5.2562,43.703],[5.2545,43.7032],[5.2547,43.7014],[5.2538,43.7006],[5.2508,43.7],[5.2502,43.6983],[5.2515,43.697],[5.2504,43.695],[5.2474,43.6957],[5.2419,43.6941],[5.2382,43.6937],[5.2346,43.6971],[5.234,43.6986],[5.2343,43.7004],[5.2324,43.7026],[5.23,43.7035],[5.2287,43.703],[5.2256,43.7016],[5.2225,43.699],[5.2145,43.6931],[5.2119,43.691],[5.2129,43.6897],[5.2211,43.6844],[5.2238,43.6838],[5.2244,43.6822],[5.2228,43.679],[5.2195,43.677],[5.2148,43.677],[5.2108,43.6755],[5.2075,43.6757],[5.206,43.6752],[5.2051,43.6731],[5.2009,43.672],[5.1993,43.6705],[5.1964,43.6701],[5.1981,43.6673],[5.1948,43.667],[5.1923,43.6619],[5.1881,43.6616],[5.1857,43.6621],[5.1824,43.6613],[5.1813,43.6617],[5.1813,43.6645],[5.1778,43.6694],[5.1758,43.6713],[5.172,43.6722],[5.1665,43.6731],[5.1644,43.6744],[5.1544,43.6772],[5.1509,43.6806],[5.1503,43.684],[5.1515,43.6862],[5.1497,43.6889],[5.1501,43.6902],[5.1479,43.6902],[5.1425,43.6924],[5.1375,43.6938],[5.1325,43.6918],[5.126,43.6906],[5.1182,43.6878],[5.1158,43.6851],[5.1134,43.6878],[5.1126,43.6877],[5.1094,43.684],[5.1068,43.6836],[5.1003,43.6843],[5.091,43.6851],[5.0809,43.6853],[5.0741,43.6844],[5.0728,43.6838],[5.069,43.6806],[5.0579,43.6739],[5.0447,43.6683],[5.0379,43.6649],[5.0355,43.6634],[5.0266,43.6587],[5.016,43.6544],[4.9993,43.648],[4.9981,43.648],[4.9703,43.6577],[4.9688,43.6583],[4.9752,43.6668],[4.9775,43.67],[4.9812,43.6773]]]}},{"type":"Feature","properties":{"nom":"CPTS Vallée des Paillons et de la Banquière","statut":"","communes":["06014","06015","06019","06031","06039","06043","06048","06054","06057","06077","06091","06092","06114","06142","06147","06149"],"president":"Dr Olivier MARCOTTE","coordonnateur":"","contact":"cptsvalleesdespaillons@gmail.com","site":""},"geometry":{"type":"Polygon","coordinates":[[[7.2952,43.7463],[7.2966,43.7426],[7.2988,43.7396],[7.2958,43.7381],[7.2949,43.7364],[7.2928,43.736],[7.2907,43.7349],[7.2859,43.7339],[7.2813,43.7359],[7.2818,43.7366],[7.2792,43.74],[7.2799,43.7422],[7.2795,43.743],[7.2793,43.7451],[7.2839,43.7458],[7.2835,43.7484],[7.2824,43.7511],[7.2774,43.7522],[7.2768,43.7531],[7.2802,43.7547],[7.2764,43.757],[7.274,43.7599],[7.2736,43.7611],[7.2704,43.7656],[7.269,43.7649],[7.2653,43.7643],[7.2637,43.7653],[7.2624,43.767],[7.2627,43.7697],[7.2605,43.7728],[7.2592,43.7775],[7.2567,43.7809],[7.2548,43.782],[7.2527,43.7853],[7.2523,43.7874],[7.2529,43.7903],[7.2526,43.7934],[7.2546,43.7943],[7.2538,43.7953],[7.2554,43.7963],[7.2543,43.7971],[7.2535,43.8006],[7.2527,43.8019],[7.2537,43.8041],[7.2532,43.8064],[7.2539,43.8076],[7.2522,43.8086],[7.2508,43.8082],[7.2508,43.8092],[7.2533,43.8115],[7.2541,43.8137],[7.2536,43.8154],[7.2556,43.818],[7.2562,43.8199],[7.2596,43.821],[7.2647,43.8223],[7.267,43.8222],[7.2681,43.8233],[7.2765,43.8251],[7.2749,43.8286],[7.2744,43.8316],[7.2732,43.8338],[7.2741,43.8374],[7.2742,43.8407],[7.2722,43.8446],[7.2727,43.8475],[7.273,43.8511],[7.2723,43.8556],[7.2726,43.8584],[7.2735,43.859],[7.2726,43.8611],[7.2728,43.8635],[7.2722,43.8669],[7.2728,43.8697],[7.2727,43.8714],[7.2746,43.8726],[7.2782,43.8737],[7.2813,43.8763],[7.2849,43.8783],[7.2859,43.8827],[7.2875,43.8853],[7.2918,43.8869],[7.2987,43.8861],[7.3061,43.8871],[7.308,43.8869],[7.3091,43.8878],[7.3082,43.8891],[7.3092,43.8904],[7.3076,43.8932],[7.3082,43.8947],[7.3116,43.8965],[7.3148,43.8967],[7.3133,43.8974],[7.3076,43.9012],[7.3072,43.9026],[7.3078,43.9049],[7.3068,43.9053],[7.307,43.9091],[7.3081,43.91],[7.3079,43.9131],[7.3087,43.9149],[7.3099,43.9151],[7.313,43.9134],[7.3145,43.9158],[7.3129,43.9162],[7.3095,43.9185],[7.3068,43.9184],[7.3039,43.9206],[7.3033,43.9247],[7.2994,43.9269],[7.2975,43.9309],[7.2958,43.9319],[7.2932,43.935],[7.2912,43.94],[7.293,43.9415],[7.2947,43.9416],[7.2994,43.9398],[7.3021,43.9398],[7.3026,43.9419],[7.3045,43.9436],[7.3075,43.9432],[7.3095,43.9435],[7.3126,43.9401],[7.3161,43.9399],[7.3195,43.9421],[7.3208,43.9441],[7.3226,43.9453],[7.3226,43.9488],[7.3274,43.9483],[7.3306,43.9474],[7.3337,43.9489],[7.3408,43.9485],[7.3428,43.9467],[7.3468,43.9454],[7.3494,43.9442],[7.3518,43.9444],[7.3549,43.9437],[7.3581,43.9439],[7.3605,43.9422],[7.3631,43.9432],[7.3649,43.9429],[7.3654,43.9404],[7.3698,43.9396],[7.3737,43.9391],[7.3767,43.9377],[7.3801,43.9371],[7.3832,43.9361],[7.3812,43.9343],[7.3849,43.9324],[7.3855,43.9338],[7.3874,43.9346],[7.3902,43.9336],[7.3895,43.9308],[7.3901,43.9292],[7.3897,43.9277],[7.3914,43.9266],[7.3886,43.9234],[7.3888,43.9214],[7.3905,43.9199],[7.3913,43.9173],[7.3944,43.9158],[7.3949,43.9147],[7.3976,43.9124],[7.3988,43.9121],[7.3993,43.9096],[7.3995,43.9089],[7.3967,43.9039],[7.3966,43.9024],[7.3983,43.9018],[7.3973,43.9004],[7.3984,43.8977],[7.3959,43.8952],[7.3941,43.8925],[7.3938,43.8903],[7.396,43.8884],[7.3936,43.8867],[7.3942,43.8786],[7.3955,43.8774],[7.3986,43.8768],[7.4008,43.8754],[7.3999,43.873],[7.4003,43.8698],[7.4032,43.8656],[7.4088,43.864],[7.41,43.8622],[7.4087,43.8608],[7.4089,43.8573],[7.4082,43.8561],[7.4084,43.8537],[7.4097,43.8474],[7.4113,43.845],[7.4192,43.8471],[7.4224,43.8468],[7.425,43.8482],[7.4275,43.8486],[7.4316,43.8463],[7.4344,43.8466],[7.4379,43.8444],[7.4393,43.8426],[7.4427,43.8374],[7.4457,43.8352],[7.4455,43.8322],[7.4478,43.8308],[7.4476,43.8274],[7.4482,43.8262],[7.4479,43.8208],[7.4458,43.817],[7.4465,43.8156],[7.4458,43.8116],[7.443,43.811],[7.4403,43.8076],[7.4427,43.8069],[7.4432,43.806],[7.4458,43.8051],[7.4474,43.803],[7.4433,43.7999],[7.4416,43.7998],[7.4382,43.7988],[7.4322,43.7981],[7.4306,43.7983],[7.4255,43.7976],[7.4252,43.7953],[7.427,43.7925],[7.425,43.7895],[7.4223,43.7881],[7.4223,43.7843],[7.4253,43.781],[7.4276,43.7809],[7.4289,43.7797],[7.435,43.7793],[7.4362,43.7782],[7.4362,43.7767],[7.4348,43.7721],[7.4346,43.765],[7.4356,43.7627],[7.4351,43.7604],[7.4312,43.7585],[7.4266,43.7593],[7.4249,43.7583],[7.4223,43.7592],[7.4216,43.7582],[7.4163,43.7561],[7.4151,43.7561],[7.4138,43.7559],[7.411,43.7544],[7.4089,43.7544],[7.4067,43.7552],[7.4056,43.7591],[7.4026,43.7604],[7.4013,43.7616],[7.4011,43.7641],[7.3977,43.7627],[7.3941,43.7592],[7.3921,43.7589],[7.3903,43.7575],[7.3875,43.7565],[7.3852,43.7533],[7.386,43.7498],[7.3839,43.7474],[7.3821,43.7472],[7.3784,43.7447],[7.3757,43.7443],[7.372,43.745],[7.3702,43.7377],[7.3636,43.741],[7.3583,43.7416],[7.3582,43.7405],[7.3563,43.739],[7.3532,43.7381],[7.3449,43.7386],[7.3437,43.7372],[7.3419,43.7368],[7.3373,43.7316],[7.3316,43.7296],[7.332,43.7278],[7.3241,43.7273],[7.3227,43.7264],[7.3209,43.7234],[7.3164,43.7223],[7.3131,43.7228],[7.31,43.725],[7.3058,43.7261],[7.3052,43.7223],[7.3034,43.7211],[7.3022,43.7216],[7.3006,43.7241],[7.2984,43.7289],[7.2941,43.7311],[7.2925,43.7329],[7.2928,43.7337],[7.3033,43.7349],[7.3058,43.7358],[7.3076,43.7371],[7.3098,43.7408],[7.3097,43.7438],[7.3121,43.7455],[7.3095,43.7485],[7.3079,43.7509],[7.3072,43.7534],[7.3023,43.7537],[7.298,43.7557],[7.2971,43.758],[7.2962,43.7587],[7.2966,43.755],[7.2972,43.7543],[7.2961,43.7499],[7.2951,43.7485],[7.2952,43.7463]]]}},{"type":"Feature","properties":{"nom":"CPTS Vallée du Gapeau","statut":"","communes":["83017","83054","83130","83131","83132"],"president":"Dr Matteo AVALLONE","coordonnateur":"Vanessa FOURNIER","contact":"","site":""},"geometry":{"type":"Polygon","coordinates":[[[6.0193,43.157],[6.0122,43.1596],[6.0093,43.161],[6.0069,43.163],[6.0032,43.1644],[6.0011,43.1642],[5.9962,43.1648],[5.9935,43.1667],[5.9921,43.1704],[5.9922,43.1717],[5.9907,43.1736],[5.9877,43.1787],[5.9833,43.1825],[5.981,43.1833],[5.9776,43.1884],[5.9785,43.1915],[5.9738,43.1936],[5.9736,43.1957],[5.9719,43.1964],[5.97,43.197],[5.9666,43.1971],[5.9644,43.1977],[5.9595,43.201],[5.9545,43.2059],[5.9465,43.2093],[5.9396,43.216],[5.9368,43.2193],[5.9354,43.2216],[5.9293,43.2304],[5.9363,43.2336],[5.9453,43.2386],[5.9517,43.2396],[5.958,43.2401],[5.9633,43.2401],[5.9686,43.2396],[5.9703,43.2399],[5.97,43.2419],[5.9707,43.2448],[5.9696,43.2455],[5.9696,43.2472],[5.9724,43.2493],[5.9755,43.2485],[5.9776,43.2487],[5.9799,43.2507],[5.9822,43.2512],[5.9859,43.2508],[5.9867,43.2526],[5.9882,43.2538],[5.9885,43.256],[5.9924,43.2602],[5.9923,43.2616],[5.9946,43.2636],[5.9973,43.262],[5.9963,43.2596],[5.9975,43.2587],[6.0006,43.2582],[6.0023,43.2571],[6.0069,43.2565],[6.0127,43.2569],[6.0168,43.2569],[6.0163,43.2538],[6.0167,43.2522],[6.016,43.249],[6.0197,43.2483],[6.0241,43.2468],[6.0246,43.2442],[6.0232,43.2435],[6.0217,43.2415],[6.0214,43.2401],[6.019,43.2362],[6.0189,43.2339],[6.018,43.2328],[6.0181,43.2311],[6.0208,43.228],[6.0265,43.2244],[6.0353,43.2204],[6.0377,43.2192],[6.0398,43.2169],[6.0466,43.2171],[6.0499,43.2168],[6.0515,43.2175],[6.0545,43.2165],[6.0572,43.216],[6.0566,43.2118],[6.0578,43.2073],[6.0619,43.2039],[6.064,43.2029],[6.0652,43.2007],[6.0694,43.2006],[6.0707,43.2011],[6.0748,43.2005],[6.0756,43.2023],[6.0808,43.2006],[6.0885,43.1991],[6.0936,43.1984],[6.0946,43.1962],[6.0928,43.1942],[6.0935,43.1923],[6.0972,43.1892],[6.095,43.1854],[6.0952,43.1844],[6.0919,43.1807],[6.0919,43.1771],[6.0904,43.1749],[6.0871,43.1722],[6.086,43.1689],[6.0838,43.1653],[6.0744,43.1587],[6.0738,43.159],[6.0641,43.1522],[6.0623,43.1512],[6.0579,43.1502],[6.0474,43.1497],[6.0434,43.1493],[6.0404,43.1506],[6.0344,43.1521],[6.0317,43.1536],[6.0256,43.1547],[6.0214,43.156],[6.0193,43.157]]]}},{"type":"Feature","properties":{"nom":"CPTS Var Est Pays de Fayence","statut":"","communes":["83008","83029","83055","83080","83081","83117","83124","83138"],"president":"Patrick MAGNETTO","coordonnateur":"Rallia GRAOUDI","contact":"cpts.fayence@gmail.com","site":"cptspaysdefayence.site-sante.fr"},"geometry":{"type":"Polygon","coordinates":[[[6.6451,43.5402],[6.6466,43.5418],[6.6458,43.5446],[6.6457,43.5471],[6.6436,43.5497],[6.6428,43.5525],[6.6403,43.5535],[6.6368,43.5574],[6.6374,43.5591],[6.6354,43.5609],[6.6326,43.5618],[6.6309,43.5623],[6.6315,43.5643],[6.6301,43.5647],[6.6275,43.5632],[6.6281,43.5602],[6.6252,43.5598],[6.6236,43.5615],[6.6214,43.56],[6.6211,43.5574],[6.6186,43.5571],[6.6187,43.5598],[6.6168,43.5611],[6.6185,43.5623],[6.6174,43.5648],[6.6156,43.565],[6.6162,43.5674],[6.6149,43.5688],[6.6172,43.5698],[6.6171,43.5721],[6.6157,43.5746],[6.6159,43.5763],[6.613,43.5782],[6.6121,43.5801],[6.6144,43.5804],[6.6149,43.5829],[6.6141,43.5861],[6.6158,43.5884],[6.6191,43.5904],[6.6208,43.5919],[6.623,43.5926],[6.6268,43.5925],[6.6256,43.5938],[6.6279,43.5948],[6.6255,43.5974],[6.6263,43.6],[6.6201,43.6052],[6.6172,43.6057],[6.6135,43.6074],[6.6103,43.6068],[6.6057,43.6066],[6.6018,43.6089],[6.6007,43.6105],[6.6013,43.612],[6.6,43.6149],[6.5994,43.6193],[6.5977,43.6185],[6.5943,43.6178],[6.5928,43.6182],[6.5928,43.6199],[6.5908,43.6221],[6.5893,43.6256],[6.5878,43.6357],[6.5868,43.6372],[6.5842,43.6389],[6.5805,43.6398],[6.5765,43.6403],[6.5711,43.6427],[6.5753,43.6487],[6.5767,43.6529],[6.5726,43.6541],[6.5717,43.6539],[6.5654,43.6559],[6.5609,43.6566],[6.5594,43.656],[6.5535,43.6566],[6.5493,43.6559],[6.5428,43.6564],[6.5408,43.6572],[6.5366,43.6579],[6.534,43.6589],[6.5321,43.659],[6.5303,43.6606],[6.5269,43.6623],[6.5275,43.6646],[6.5279,43.6689],[6.5256,43.6759],[6.5255,43.6769],[6.5282,43.6767],[6.53,43.6772],[6.5343,43.6801],[6.5403,43.6782],[6.5415,43.6799],[6.5437,43.6812],[6.5435,43.683],[6.5463,43.6819],[6.5487,43.6796],[6.5477,43.6783],[6.5486,43.6773],[6.5505,43.6786],[6.5503,43.6818],[6.5519,43.6827],[6.5527,43.6843],[6.5558,43.6846],[6.5553,43.6861],[6.5561,43.687],[6.5584,43.6879],[6.5621,43.6856],[6.5646,43.6861],[6.5647,43.6883],[6.5632,43.6914],[6.5656,43.6922],[6.567,43.6934],[6.5658,43.6943],[6.567,43.6962],[6.5648,43.6988],[6.5665,43.7012],[6.5632,43.7016],[6.5635,43.7049],[6.5628,43.7058],[6.563,43.7082],[6.5671,43.7083],[6.5714,43.7079],[6.5775,43.706],[6.5785,43.704],[6.5795,43.7035],[6.5824,43.7036],[6.5842,43.7014],[6.5878,43.7002],[6.5893,43.7008],[6.6002,43.6989],[6.607,43.6982],[6.6097,43.6984],[6.6191,43.6957],[6.6293,43.6945],[6.6332,43.6937],[6.6379,43.6939],[6.6412,43.6946],[6.6436,43.6964],[6.6452,43.6985],[6.6455,43.7003],[6.6467,43.7014],[6.6489,43.7023],[6.6507,43.7053],[6.6546,43.7086],[6.6565,43.7111],[6.6582,43.7119],[6.6603,43.7143],[6.6609,43.7163],[6.663,43.7177],[6.6669,43.7189],[6.6679,43.7203],[6.6727,43.7157],[6.677,43.7123],[6.6799,43.712],[6.6845,43.712],[6.691,43.7095],[6.6946,43.7092],[6.6986,43.7084],[6.7008,43.7117],[6.6991,43.7152],[6.695,43.7185],[6.6942,43.7215],[6.6923,43.7223],[6.686,43.726],[6.6867,43.7289],[6.6862,43.7315],[6.6899,43.735],[6.6914,43.7369],[6.6895,43.7383],[6.6916,43.7404],[6.6957,43.7418],[6.6928,43.7426],[6.691,43.7458],[6.6909,43.7475],[6.6875,43.7484],[6.6834,43.7478],[6.6804,43.7479],[6.6768,43.7468],[6.6723,43.7462],[6.6703,43.7456],[6.6647,43.7458],[6.6541,43.7475],[6.6549,43.7483],[6.6574,43.7487],[6.6608,43.7479],[6.6642,43.7493],[6.6663,43.7506],[6.6707,43.7515],[6.6758,43.7543],[6.6788,43.7571],[6.6827,43.7579],[6.6873,43.7571],[6.6929,43.7551],[6.6969,43.7552],[6.7014,43.7541],[6.7072,43.75],[6.7086,43.7481],[6.7139,43.746],[6.7125,43.7404],[6.715,43.7387],[6.7194,43.7381],[6.7229,43.7385],[6.729,43.7383],[6.7323,43.7385],[6.738,43.7385],[6.742,43.7374],[6.7462,43.7368],[6.748,43.7384],[6.7512,43.74],[6.7525,43.7411],[6.7537,43.7384],[6.7532,43.737],[6.7554,43.7369],[6.7556,43.7355],[6.7573,43.7336],[6.7578,43.7306],[6.7565,43.7302],[6.7561,43.7273],[6.7583,43.7253],[6.7623,43.7232],[6.7644,43.7231],[6.7667,43.7221],[6.7663,43.7211],[6.7672,43.7171],[6.7666,43.7169],[6.7679,43.7129],[6.7668,43.7106],[6.7676,43.7093],[6.7726,43.7061],[6.7742,43.7036],[6.7725,43.6993],[6.7724,43.6976],[6.7735,43.6965],[6.7724,43.6952],[6.7747,43.6938],[6.7718,43.6932],[6.7691,43.6906],[6.767,43.6903],[6.7645,43.6882],[6.7653,43.6865],[6.7652,43.685],[6.7631,43.6823],[6.761,43.6805],[6.7624,43.6776],[6.7613,43.6753],[6.7598,43.6739],[6.7604,43.6708],[6.7617,43.6693],[6.7611,43.6659],[6.7625,43.6629],[6.7658,43.6603],[6.7697,43.6604],[6.7763,43.6599],[6.7773,43.6588],[6.7777,43.6563],[6.7832,43.6536],[6.7857,43.651],[6.7844,43.6486],[6.787,43.6469],[6.7873,43.6459],[6.7897,43.6434],[6.7917,43.6419],[6.7939,43.6393],[6.7938,43.6354],[6.792,43.634],[6.7928,43.6331],[6.7949,43.6328],[6.7972,43.6309],[6.7987,43.6282],[6.8001,43.6273],[6.8025,43.6267],[6.8067,43.6279],[6.8078,43.6286],[6.8111,43.6293],[6.8129,43.6305],[6.8168,43.6298],[6.8174,43.6283],[6.8191,43.6267],[6.8233,43.6243],[6.8246,43.6232],[6.8283,43.6215],[6.8308,43.622],[6.8329,43.6213],[6.8358,43.6191],[6.8361,43.6177],[6.8388,43.6174],[6.8407,43.6149],[6.8387,43.6138],[6.836,43.6148],[6.8321,43.6135],[6.8285,43.6106],[6.8221,43.6027],[6.8204,43.599],[6.8182,43.5976],[6.8186,43.596],[6.8176,43.5948],[6.8149,43.5945],[6.8134,43.5919],[6.8155,43.5914],[6.8158,43.5901],[6.8131,43.5865],[6.8037,43.5847],[6.8029,43.5834],[6.8038,43.5819],[6.8035,43.5799],[6.8065,43.58],[6.8058,43.5778],[6.8009,43.5742],[6.7994,43.5724],[6.7979,43.5687],[6.7956,43.5661],[6.7961,43.5642],[6.7926,43.5598],[6.7907,43.559],[6.7936,43.5581],[6.7936,43.5562],[6.7918,43.5536],[6.7918,43.5525],[6.7896,43.5501],[6.7881,43.5496],[6.7891,43.5474],[6.7857,43.545],[6.7791,43.5438],[6.7791,43.5458],[6.777,43.545],[6.7768,43.5439],[6.7778,43.5402],[6.7762,43.5384],[6.7744,43.5355],[6.7742,43.5335],[6.773,43.5322],[6.774,43.5294],[6.7727,43.5289],[6.7721,43.5272],[6.7705,43.5258],[6.7684,43.5249],[6.7676,43.5233],[6.7614,43.5195],[6.759,43.5161],[6.7579,43.5155],[6.7538,43.515],[6.7509,43.5152],[6.7475,43.5147],[6.7453,43.5159],[6.7428,43.514],[6.7398,43.5136],[6.7375,43.5151],[6.7353,43.5152],[6.7332,43.5166],[6.7264,43.5178],[6.722,43.5147],[6.719,43.5117],[6.7084,43.5079],[6.7063,43.5083],[6.7011,43.5103],[6.6964,43.5117],[6.6913,43.5128],[6.68,43.5136],[6.6669,43.5157],[6.6651,43.5158],[6.6555,43.5157],[6.6472,43.5162],[6.6469,43.5179],[6.6452,43.5191],[6.647,43.5248],[6.6465,43.5267],[6.6438,43.5289],[6.6406,43.533],[6.6404,43.5344],[6.6436,43.5356],[6.6449,43.537],[6.6451,43.5402]]]}},{"type":"Feature","properties":{"nom":"CPTS Var Estérel Méditerranée","statut":"","communes":["83001","83061","83099","83107","83118"],"president":"Dr Pierre GRAS /  Maria PERES","coordonnateur":"Antonin TAFANI","contact":"cptsvem@gmail.com","site":"cpts-vem.fr"},"geometry":{"type":"Polygon","coordinates":[[[6.5854,43.4368],[6.5859,43.4433],[6.5873,43.4467],[6.5889,43.4491],[6.5899,43.4521],[6.5937,43.4562],[6.5961,43.4594],[6.5955,43.4611],[6.5974,43.4618],[6.5987,43.4635],[6.6021,43.4629],[6.6043,43.4616],[6.6066,43.4631],[6.6094,43.4642],[6.6084,43.4674],[6.6093,43.4723],[6.615,43.4799],[6.6139,43.4817],[6.6094,43.4869],[6.609,43.4889],[6.6103,43.4904],[6.6089,43.493],[6.6082,43.4954],[6.6067,43.4963],[6.6058,43.4986],[6.6069,43.5007],[6.6093,43.5037],[6.6109,43.5049],[6.6136,43.5051],[6.6174,43.5063],[6.6176,43.5075],[6.6202,43.5083],[6.6243,43.5113],[6.625,43.5126],[6.6271,43.5136],[6.6281,43.5132],[6.6318,43.5156],[6.6349,43.5159],[6.6383,43.5168],[6.6406,43.5155],[6.645,43.5144],[6.6472,43.5162],[6.6555,43.5157],[6.6651,43.5158],[6.6669,43.5157],[6.68,43.5136],[6.6913,43.5128],[6.6964,43.5117],[6.7011,43.5103],[6.7063,43.5083],[6.7084,43.5079],[6.719,43.5117],[6.722,43.5147],[6.7264,43.5178],[6.7332,43.5166],[6.7353,43.5152],[6.7375,43.5151],[6.7398,43.5136],[6.7428,43.514],[6.7453,43.5159],[6.7475,43.5147],[6.7509,43.5152],[6.7538,43.515],[6.7579,43.5155],[6.759,43.5161],[6.7614,43.5195],[6.7676,43.5233],[6.7684,43.5249],[6.7705,43.5258],[6.7721,43.5272],[6.7727,43.5289],[6.774,43.5294],[6.773,43.5322],[6.7742,43.5335],[6.7744,43.5355],[6.7762,43.5384],[6.7778,43.5402],[6.7768,43.5439],[6.777,43.545],[6.7791,43.5458],[6.7791,43.5438],[6.7857,43.545],[6.7891,43.5474],[6.7881,43.5496],[6.7896,43.5501],[6.7918,43.5525],[6.7918,43.5536],[6.7936,43.5562],[6.7936,43.5581],[6.7907,43.559],[6.7926,43.5598],[6.7961,43.5642],[6.7975,43.5621],[6.8026,43.5627],[6.8085,43.5601],[6.81,43.56],[6.813,43.5587],[6.814,43.5569],[6.8159,43.5556],[6.821,43.5552],[6.8238,43.5528],[6.8269,43.5488],[6.8271,43.5479],[6.8323,43.5468],[6.8355,43.544],[6.8384,43.5395],[6.8416,43.5376],[6.8456,43.5375],[6.8489,43.5388],[6.8508,43.539],[6.8534,43.538],[6.8548,43.5369],[6.8602,43.5359],[6.861,43.5344],[6.8632,43.5333],[6.863,43.5319],[6.8653,43.5315],[6.8703,43.5331],[6.8736,43.5316],[6.8756,43.5323],[6.8791,43.5324],[6.8798,43.5316],[6.8788,43.5292],[6.8811,43.5297],[6.8838,43.5287],[6.8852,43.5292],[6.8862,43.528],[6.8881,43.5276],[6.8935,43.5278],[6.8964,43.5272],[6.895,43.5263],[6.8958,43.5232],[6.8954,43.5186],[6.893,43.5168],[6.8911,43.5109],[6.8896,43.5104],[6.8885,43.5085],[6.8871,43.5085],[6.8865,43.5061],[6.8847,43.5041],[6.8842,43.5025],[6.8857,43.5023],[6.8867,43.5011],[6.8884,43.5014],[6.8929,43.501],[6.8944,43.4994],[6.8976,43.4983],[6.8992,43.4972],[6.8997,43.4956],[6.9039,43.4951],[6.9055,43.4943],[6.9091,43.4948],[6.9127,43.4937],[6.9126,43.4919],[6.9116,43.4896],[6.9128,43.4876],[6.9139,43.4847],[6.9138,43.4828],[6.9159,43.4823],[6.9204,43.4822],[6.9231,43.4808],[6.925,43.4812],[6.9281,43.4811],[6.9337,43.4801],[6.9317,43.4803],[6.9313,43.4791],[6.9333,43.4777],[6.9307,43.4746],[6.927,43.4747],[6.9246,43.4725],[6.9239,43.4692],[6.9249,43.4682],[6.9243,43.4664],[6.9248,43.4636],[6.9223,43.4596],[6.9223,43.4569],[6.9237,43.4564],[6.9222,43.4543],[6.9207,43.4533],[6.9228,43.4521],[6.924,43.4505],[6.9197,43.4502],[6.9206,43.4494],[6.9184,43.4477],[6.9156,43.4481],[6.9147,43.4474],[6.9104,43.4465],[6.9091,43.4448],[6.9048,43.445],[6.9056,43.4437],[6.9011,43.4431],[6.8999,43.4419],[6.8997,43.4404],[6.8968,43.4386],[6.8962,43.4371],[6.8929,43.4374],[6.8932,43.4353],[6.8966,43.434],[6.8917,43.4284],[6.8888,43.428],[6.887,43.4289],[6.8849,43.4271],[6.8821,43.4284],[6.8789,43.4278],[6.8792,43.426],[6.8754,43.4264],[6.8703,43.4253],[6.8713,43.4284],[6.8689,43.4296],[6.8678,43.4327],[6.8652,43.4339],[6.8628,43.434],[6.8597,43.4333],[6.8577,43.4318],[6.857,43.4305],[6.8578,43.429],[6.8597,43.4282],[6.8583,43.4262],[6.8567,43.4255],[6.8581,43.4241],[6.8585,43.4221],[6.8604,43.4211],[6.8597,43.42],[6.8594,43.4175],[6.8605,43.417],[6.8598,43.4153],[6.8568,43.4143],[6.8563,43.4115],[6.8542,43.4116],[6.8524,43.4107],[6.85,43.4117],[6.8473,43.4145],[6.8454,43.4156],[6.8425,43.4163],[6.8381,43.4165],[6.8346,43.416],[6.833,43.4172],[6.831,43.4175],[6.8291,43.4185],[6.8271,43.4174],[6.8229,43.4167],[6.8209,43.4156],[6.8187,43.4159],[6.8147,43.4156],[6.8096,43.4132],[6.8073,43.4135],[6.8066,43.4145],[6.8027,43.4133],[6.799,43.413],[6.7977,43.4139],[6.7944,43.4124],[6.7948,43.4104],[6.789,43.4081],[6.7871,43.4091],[6.7841,43.409],[6.7829,43.41],[6.7822,43.4126],[6.7803,43.4125],[6.7783,43.4148],[6.7755,43.4164],[6.7741,43.4178],[6.7698,43.4195],[6.7696,43.4207],[6.7657,43.4213],[6.7663,43.4237],[6.7637,43.4245],[6.7596,43.4239],[6.7535,43.422],[6.7484,43.4198],[6.7455,43.4179],[6.7398,43.4129],[6.736,43.4087],[6.7334,43.4053],[6.7331,43.4043],[6.7295,43.3972],[6.7284,43.3931],[6.73,43.3915],[6.7311,43.3916],[6.7326,43.3901],[6.7306,43.3874],[6.729,43.3868],[6.7282,43.3853],[6.726,43.3831],[6.7261,43.3814],[6.7245,43.3816],[6.7233,43.3802],[6.7215,43.3802],[6.7205,43.3781],[6.7213,43.3774],[6.7202,43.3757],[6.7177,43.374],[6.7172,43.3729],[6.7141,43.3718],[6.7141,43.3702],[6.715,43.3694],[6.7145,43.3681],[6.7131,43.367],[6.7151,43.3631],[6.7172,43.3623],[6.7189,43.3568],[6.7143,43.354],[6.713,43.3527],[6.7153,43.3519],[6.7158,43.3487],[6.7165,43.3475],[6.7111,43.3448],[6.7054,43.344],[6.703,43.3441],[6.6985,43.3428],[6.6957,43.3411],[6.6932,43.3416],[6.6903,43.3414],[6.6889,43.3421],[6.685,43.3409],[6.6822,43.341],[6.6807,43.3434],[6.6781,43.3437],[6.6721,43.3435],[6.6696,43.3424],[6.6667,43.3432],[6.6627,43.3431],[6.6603,43.3441],[6.6599,43.3483],[6.6605,43.3499],[6.6607,43.3531],[6.6593,43.3546],[6.6601,43.3566],[6.6619,43.3581],[6.6637,43.361],[6.6635,43.3635],[6.6621,43.3673],[6.6581,43.3685],[6.6567,43.3685],[6.653,43.3708],[6.653,43.3732],[6.6538,43.3748],[6.6516,43.3762],[6.6508,43.3777],[6.652,43.3794],[6.6504,43.382],[6.6482,43.3829],[6.6476,43.3856],[6.646,43.3851],[6.6433,43.3862],[6.6392,43.3925],[6.635,43.3947],[6.6349,43.3959],[6.6318,43.3996],[6.6279,43.4008],[6.6261,43.4024],[6.625,43.4053],[6.6138,43.4076],[6.6036,43.4128],[6.5992,43.4141],[6.5965,43.4143],[6.5923,43.4162],[6.5863,43.4209],[6.5873,43.4275],[6.5854,43.4368]]]}},{"type":"Feature","properties":{"nom":"CPTS Var Ouest","statut":"","communes":["83009","83016","83027","83035","83053","83105","83112","83123","83127","83129"],"president":"Nicolas DURAND","coordonnateur":"Aurélie DEMIGUEL","contact":"contact@cptsvarouest.com","site":"cptsvarouest.com"},"geometry":{"type":"MultiPolygon","coordinates":[[[[5.7663,43.139],[5.7626,43.1377],[5.7613,43.136],[5.7597,43.1363],[5.7576,43.1352],[5.7567,43.136],[5.7546,43.1353],[5.7527,43.1338],[5.7523,43.1301],[5.7494,43.1309],[5.7504,43.1346],[5.7493,43.1355],[5.7472,43.1343],[5.742,43.1349],[5.7405,43.1335],[5.7385,43.1343],[5.7372,43.136],[5.734,43.1363],[5.7326,43.1356],[5.728,43.1352],[5.7259,43.1365],[5.7241,43.1362],[5.7219,43.1407],[5.7209,43.1412],[5.7209,43.1446],[5.72,43.1466],[5.7176,43.1471],[5.716,43.148],[5.715,43.1468],[5.7125,43.1458],[5.7122,43.1446],[5.7093,43.1452],[5.7098,43.1466],[5.7073,43.1464],[5.7074,43.1446],[5.7047,43.1452],[5.7019,43.1435],[5.6985,43.1437],[5.6968,43.1433],[5.6949,43.1436],[5.6934,43.1476],[5.6947,43.1488],[5.6917,43.1521],[5.6875,43.153],[5.6858,43.1547],[5.6822,43.1555],[5.6839,43.1578],[5.684,43.1595],[5.6828,43.1608],[5.6855,43.1621],[5.69,43.1635],[5.6941,43.1662],[5.6942,43.1682],[5.6951,43.1699],[5.6946,43.1718],[5.6924,43.1749],[5.6896,43.1777],[5.6867,43.1797],[5.6846,43.1801],[5.6812,43.1794],[5.6793,43.1785],[5.677,43.1789],[5.674,43.1778],[5.6719,43.1793],[5.6732,43.1809],[5.6755,43.1874],[5.676,43.1906],[5.6774,43.2],[5.6786,43.2052],[5.6783,43.2102],[5.6784,43.2167],[5.678,43.2198],[5.6792,43.2245],[5.6803,43.227],[5.6811,43.2311],[5.6829,43.2345],[5.6824,43.2355],[5.6839,43.2361],[5.6899,43.2372],[5.7024,43.2392],[5.7035,43.2415],[5.7045,43.2417],[5.7012,43.2472],[5.7038,43.2489],[5.7089,43.2493],[5.7096,43.2513],[5.7115,43.2533],[5.7128,43.2533],[5.7181,43.255],[5.7208,43.2564],[5.7232,43.257],[5.7297,43.2578],[5.7327,43.2577],[5.7331,43.2592],[5.7349,43.2617],[5.7371,43.2623],[5.7407,43.2625],[5.7433,43.2635],[5.7451,43.2632],[5.7463,43.2641],[5.7504,43.264],[5.7498,43.266],[5.757,43.2664],[5.7609,43.2673],[5.7605,43.2747],[5.7602,43.2769],[5.7619,43.2786],[5.7612,43.2801],[5.7625,43.2808],[5.7628,43.2824],[5.7562,43.2841],[5.7554,43.2855],[5.7498,43.2893],[5.7456,43.2943],[5.7405,43.2991],[5.7366,43.3021],[5.7352,43.3035],[5.7266,43.3174],[5.7325,43.3185],[5.7368,43.3197],[5.7453,43.3223],[5.748,43.3235],[5.755,43.3245],[5.7645,43.3267],[5.7679,43.328],[5.7688,43.3275],[5.7729,43.3277],[5.7767,43.3291],[5.779,43.3306],[5.788,43.3341],[5.7922,43.3355],[5.8015,43.3379],[5.8054,43.338],[5.8102,43.3387],[5.8176,43.3394],[5.8243,43.3246],[5.8311,43.3155],[5.8327,43.3167],[5.8351,43.3176],[5.8349,43.3195],[5.8381,43.321],[5.838,43.3229],[5.8421,43.3242],[5.844,43.3272],[5.8521,43.3302],[5.8539,43.3304],[5.857,43.3287],[5.8634,43.3288],[5.8645,43.3266],[5.8667,43.3252],[5.8698,43.3248],[5.8744,43.3224],[5.8794,43.3206],[5.8819,43.3202],[5.8854,43.3224],[5.8909,43.3246],[5.8933,43.3243],[5.8969,43.3218],[5.8965,43.3201],[5.9005,43.3163],[5.9039,43.315],[5.9065,43.3152],[5.909,43.3148],[5.9133,43.3147],[5.9202,43.3156],[5.9231,43.3158],[5.9246,43.312],[5.9263,43.3098],[5.9321,43.3082],[5.9336,43.3075],[5.9358,43.3043],[5.9347,43.3011],[5.9322,43.2993],[5.9302,43.2983],[5.9311,43.2955],[5.9307,43.2923],[5.9298,43.2893],[5.9334,43.2822],[5.9357,43.279],[5.9349,43.2734],[5.9327,43.2629],[5.933,43.2615],[5.9322,43.2586],[5.9322,43.2509],[5.9302,43.2424],[5.9293,43.2304],[5.9354,43.2216],[5.9368,43.2193],[5.9396,43.216],[5.9381,43.2134],[5.9345,43.2034],[5.931,43.2011],[5.9269,43.1975],[5.9221,43.1927],[5.9184,43.1902],[5.9161,43.191],[5.9123,43.1881],[5.9091,43.1852],[5.9001,43.1828],[5.9009,43.1798],[5.9026,43.1781],[5.9026,43.1731],[5.9022,43.1714],[5.9,43.1698],[5.8982,43.1693],[5.8954,43.1668],[5.8951,43.1653],[5.8934,43.1632],[5.89,43.161],[5.8908,43.1632],[5.8876,43.1619],[5.8869,43.1634],[5.8843,43.1626],[5.8834,43.1606],[5.8822,43.1604],[5.8795,43.1598],[5.8757,43.1608],[5.8727,43.16],[5.8724,43.1592],[5.8662,43.1582],[5.8624,43.1584],[5.859,43.1565],[5.8566,43.156],[5.8556,43.1536],[5.8501,43.1538],[5.843,43.1536],[5.8406,43.1546],[5.84,43.1562],[5.8386,43.1564],[5.8356,43.1551],[5.8314,43.1549],[5.829,43.1552],[5.8275,43.1566],[5.8236,43.158],[5.8225,43.1576],[5.8187,43.1577],[5.8161,43.1583],[5.8155,43.1559],[5.8177,43.1475],[5.8193,43.1457],[5.8226,43.1446],[5.8243,43.1435],[5.8263,43.1431],[5.8253,43.1345],[5.8256,43.1314],[5.8236,43.1293],[5.8229,43.1272],[5.8227,43.1232],[5.823,43.1204],[5.8274,43.1217],[5.8324,43.1213],[5.8373,43.1216],[5.8492,43.1215],[5.849,43.1102],[5.8499,43.1067],[5.8521,43.1011],[5.8524,43.0992],[5.854,43.0974],[5.855,43.0948],[5.8544,43.0911],[5.8513,43.0832],[5.8488,43.0788],[5.847,43.0746],[5.8471,43.0616],[5.8476,43.0497],[5.8439,43.0476],[5.8396,43.048],[5.8385,43.0492],[5.8346,43.0499],[5.8311,43.049],[5.8288,43.0494],[5.8272,43.0508],[5.827,43.0521],[5.8244,43.0532],[5.8217,43.0536],[5.8196,43.0574],[5.8197,43.0595],[5.8169,43.061],[5.8169,43.0628],[5.8158,43.0637],[5.8122,43.0637],[5.8064,43.0674],[5.8047,43.0674],[5.8019,43.0684],[5.7984,43.0685],[5.7957,43.0696],[5.7938,43.0686],[5.7924,43.0687],[5.7947,43.0714],[5.7949,43.0729],[5.7965,43.0747],[5.7997,43.0746],[5.8037,43.0767],[5.8034,43.0786],[5.8063,43.0804],[5.8067,43.0819],[5.8047,43.0827],[5.8059,43.0838],[5.806,43.0861],[5.808,43.087],[5.8079,43.09],[5.8089,43.091],[5.8082,43.0924],[5.8113,43.0927],[5.8125,43.0959],[5.8118,43.098],[5.8087,43.0985],[5.8053,43.0997],[5.806,43.1011],[5.8091,43.1014],[5.8134,43.1056],[5.8139,43.1068],[5.8112,43.1123],[5.8089,43.1148],[5.8073,43.1157],[5.8065,43.1142],[5.8023,43.116],[5.8032,43.117],[5.8007,43.1175],[5.7997,43.1157],[5.7983,43.1148],[5.791,43.1124],[5.7887,43.1137],[5.79,43.1146],[5.7887,43.1164],[5.7855,43.116],[5.7832,43.1165],[5.7775,43.1164],[5.777,43.117],[5.7707,43.1164],[5.7673,43.1155],[5.7667,43.1162],[5.7697,43.1173],[5.7737,43.1201],[5.7754,43.1205],[5.7772,43.1225],[5.7735,43.1237],[5.7734,43.126],[5.7762,43.1278],[5.7783,43.1282],[5.781,43.1301],[5.781,43.1309],[5.7791,43.1348],[5.7755,43.1373],[5.7703,43.139],[5.7663,43.139]]],[[[5.7925,43.0694],[5.7908,43.0687],[5.7872,43.0722],[5.7903,43.0726],[5.7925,43.0694]]],[[[5.7787,43.0771],[5.7778,43.0798],[5.7786,43.081],[5.781,43.0823],[5.7837,43.0816],[5.7835,43.0797],[5.7817,43.0799],[5.7813,43.0788],[5.7862,43.0769],[5.7873,43.0773],[5.7862,43.079],[5.7901,43.0799],[5.7922,43.0774],[5.7916,43.076],[5.79,43.0745],[5.7877,43.0742],[5.7837,43.0711],[5.7806,43.0698],[5.7785,43.0703],[5.7799,43.0738],[5.7778,43.0739],[5.7787,43.0771]]],[[[5.7696,43.0806],[5.7674,43.0789],[5.7657,43.0801],[5.768,43.0819],[5.7696,43.0806]]],[[[5.75,43.1266],[5.748,43.1272],[5.7498,43.1286],[5.7524,43.1273],[5.75,43.1266]]]]}},{"type":"Feature","properties":{"nom":"CPTS Var Provence Méditerranée","statut":"","communes":["83034","83047","83062","83098","83144"],"president":"Sandrine GARNIER","coordonnateur":"","contact":"cptsvpm@gmail.com","site":"cptsvarprovencemediterranee.com"},"geometry":{"type":"Polygon","coordinates":[[[6.0809,43.1141],[6.0836,43.1112],[6.0846,43.1094],[6.0863,43.1082],[6.0881,43.1079],[6.0929,43.1058],[6.0956,43.1052],[6.0966,43.1027],[6.0997,43.1004],[6.1019,43.0983],[6.1049,43.0978],[6.1068,43.0964],[6.1066,43.0932],[6.1072,43.0909],[6.1059,43.0898],[6.1092,43.0861],[6.1096,43.0839],[6.1048,43.0838],[6.0998,43.0833],[6.0958,43.0844],[6.0923,43.0858],[6.0862,43.0872],[6.0853,43.0865],[6.0788,43.0877],[6.0765,43.0869],[6.0749,43.085],[6.0709,43.0851],[6.0687,43.0831],[6.0639,43.083],[6.0612,43.0822],[6.0574,43.0825],[6.0567,43.0811],[6.0529,43.08],[6.0513,43.0789],[6.0439,43.0791],[6.0432,43.0788],[6.0375,43.0789],[6.0326,43.0776],[6.0306,43.0776],[6.0271,43.0788],[6.0215,43.0783],[6.0179,43.0813],[6.0168,43.0836],[6.0214,43.086],[6.021,43.0872],[6.0241,43.0901],[6.0248,43.0916],[6.0235,43.0948],[6.0199,43.0964],[6.0192,43.0981],[6.0144,43.0982],[6.0138,43.1002],[6.0112,43.1018],[6.0055,43.104],[6.0019,43.1033],[5.9994,43.1048],[5.9933,43.105],[5.9922,43.1032],[5.9891,43.1044],[5.9851,43.1066],[5.9791,43.1065],[5.9788,43.1076],[5.9807,43.1092],[5.9799,43.1106],[5.9799,43.1131],[5.9809,43.1158],[5.9824,43.1162],[5.9844,43.1151],[5.9842,43.1203],[5.9845,43.1227],[5.9856,43.1232],[5.9872,43.1245],[5.9854,43.1303],[5.9851,43.1335],[5.983,43.1329],[5.98,43.1346],[5.9775,43.1352],[5.9777,43.1372],[5.9795,43.1412],[5.9801,43.1448],[5.9781,43.1466],[5.9768,43.1488],[5.9748,43.1506],[5.9736,43.1506],[5.9693,43.152],[5.9683,43.1519],[5.9654,43.1533],[5.9644,43.1544],[5.9604,43.1549],[5.9562,43.1567],[5.9561,43.1581],[5.9547,43.1601],[5.9554,43.1615],[5.9536,43.1641],[5.9563,43.1656],[5.9574,43.1651],[5.9592,43.1665],[5.9645,43.1672],[5.9715,43.1679],[5.9852,43.164],[5.9883,43.1733],[5.9907,43.1736],[5.9922,43.1717],[5.9921,43.1704],[5.9935,43.1667],[5.9962,43.1648],[6.0011,43.1642],[6.0032,43.1644],[6.0069,43.163],[6.0093,43.161],[6.0122,43.1596],[6.0193,43.157],[6.0214,43.156],[6.0256,43.1547],[6.0317,43.1536],[6.0344,43.1521],[6.0404,43.1506],[6.0434,43.1493],[6.0474,43.1497],[6.0579,43.1502],[6.0623,43.1512],[6.0641,43.1522],[6.0738,43.159],[6.0744,43.1587],[6.0838,43.1653],[6.086,43.1689],[6.0871,43.1722],[6.0904,43.1749],[6.0919,43.1771],[6.0919,43.1807],[6.0952,43.1844],[6.095,43.1854],[6.0972,43.1892],[6.0935,43.1923],[6.0928,43.1942],[6.0946,43.1962],[6.0936,43.1984],[6.0964,43.2014],[6.1027,43.2042],[6.1047,43.2046],[6.1055,43.2059],[6.1051,43.2075],[6.1061,43.2096],[6.1036,43.2118],[6.1048,43.2134],[6.1064,43.2134],[6.1057,43.2161],[6.1043,43.2175],[6.1056,43.2202],[6.1088,43.2217],[6.1127,43.2247],[6.1139,43.2275],[6.1157,43.2279],[6.1178,43.2272],[6.1209,43.227],[6.1246,43.2243],[6.1335,43.2223],[6.1341,43.2208],[6.1375,43.2188],[6.1401,43.2157],[6.141,43.2138],[6.141,43.2113],[6.1395,43.2088],[6.1347,43.2069],[6.1324,43.2056],[6.1303,43.201],[6.1288,43.1986],[6.1268,43.194],[6.1231,43.1922],[6.1202,43.1902],[6.1184,43.1896],[6.1155,43.1898],[6.1141,43.1881],[6.1115,43.1863],[6.1105,43.1842],[6.1094,43.178],[6.1102,43.1721],[6.1088,43.1699],[6.1092,43.1675],[6.1103,43.1664],[6.1151,43.1646],[6.1167,43.163],[6.1203,43.1609],[6.1227,43.1604],[6.1247,43.1591],[6.1279,43.1544],[6.1276,43.1521],[6.1263,43.1523],[6.1203,43.151],[6.121,43.1493],[6.119,43.1494],[6.1169,43.148],[6.1198,43.1431],[6.1174,43.1383],[6.1136,43.1359],[6.1098,43.1367],[6.1056,43.1367],[6.1037,43.1376],[6.0997,43.1377],[6.0976,43.1352],[6.0916,43.1365],[6.0872,43.1365],[6.0848,43.1345],[6.0832,43.1337],[6.0818,43.1317],[6.0818,43.1305],[6.0806,43.1282],[6.0857,43.1263],[6.0859,43.1255],[6.0845,43.1219],[6.0814,43.1204],[6.082,43.1174],[6.0799,43.1145],[6.0809,43.1141]]]}},{"type":"Feature","properties":{"nom":"CPTS Verdon","statut":"","communes":["04004","04081","04094","04124","04135","04144","04157","04158","04166","04172","04176","04184","04186","04189","04230"],"president":"Jean SEITE et Vincent TRAMINI","coordonnateur":"Laurence QUINTRIC","contact":"cptsduverdon@gmail.com","site":"verdon-cpts.fr"},"geometry":{"type":"Polygon","coordinates":[[[5.9844,43.7087],[5.9848,43.7131],[5.9845,43.7145],[5.9816,43.7155],[5.9797,43.7156],[5.9764,43.7148],[5.9736,43.7148],[5.9718,43.7173],[5.969,43.7202],[5.9663,43.7213],[5.9646,43.7254],[5.9627,43.7248],[5.9611,43.7224],[5.9597,43.7218],[5.9572,43.7189],[5.9537,43.7206],[5.9515,43.7212],[5.945,43.7245],[5.9446,43.7254],[5.9405,43.7273],[5.938,43.7306],[5.9388,43.7333],[5.9434,43.7364],[5.9422,43.7379],[5.9412,43.7419],[5.9393,43.7445],[5.9388,43.7488],[5.9377,43.7502],[5.936,43.7511],[5.9338,43.7512],[5.9305,43.7501],[5.9275,43.7502],[5.9258,43.7516],[5.9257,43.756],[5.9255,43.7569],[5.9227,43.7575],[5.9201,43.7564],[5.9161,43.7539],[5.9125,43.7531],[5.9082,43.7533],[5.9053,43.7538],[5.903,43.7534],[5.9045,43.7482],[5.905,43.7449],[5.9044,43.7423],[5.9056,43.7394],[5.905,43.7374],[5.9017,43.7342],[5.9012,43.7326],[5.8977,43.7316],[5.8913,43.7275],[5.8868,43.7256],[5.8845,43.7239],[5.8782,43.7238],[5.8735,43.7225],[5.8713,43.7226],[5.8702,43.7234],[5.8669,43.7242],[5.8649,43.7235],[5.8611,43.7241],[5.8581,43.7233],[5.8562,43.7236],[5.8545,43.7226],[5.8514,43.7192],[5.849,43.7182],[5.8478,43.7248],[5.8457,43.7265],[5.8457,43.7282],[5.8446,43.7299],[5.8426,43.7368],[5.8407,43.7383],[5.836,43.7401],[5.8363,43.7417],[5.8333,43.7438],[5.8329,43.7457],[5.8312,43.7469],[5.8279,43.7481],[5.8237,43.7483],[5.8233,43.7477],[5.815,43.7488],[5.8125,43.7495],[5.8068,43.7494],[5.8033,43.75],[5.7813,43.7557],[5.7835,43.7578],[5.7878,43.7612],[5.7996,43.7677],[5.8018,43.7694],[5.8077,43.7747],[5.8091,43.7763],[5.8123,43.7818],[5.8131,43.7841],[5.8186,43.7945],[5.8242,43.8045],[5.8247,43.8073],[5.8265,43.8116],[5.8305,43.8151],[5.8332,43.8165],[5.8347,43.8188],[5.8381,43.8216],[5.839,43.8244],[5.84,43.826],[5.8425,43.8277],[5.8457,43.8286],[5.848,43.8305],[5.8522,43.8348],[5.8528,43.8356],[5.8546,43.8419],[5.8602,43.847],[5.862,43.8495],[5.8677,43.856],[5.8749,43.8667],[5.8788,43.8746],[5.8917,43.8793],[5.8976,43.8798],[5.91,43.8792],[5.9237,43.8808],[5.9323,43.8816],[5.9361,43.8822],[5.9408,43.8836],[5.9448,43.8851],[5.9502,43.8866],[5.9569,43.8881],[5.9621,43.888],[5.9646,43.8876],[5.9687,43.8863],[5.9725,43.8861],[5.9803,43.8806],[5.9821,43.8782],[5.9827,43.8764],[5.9838,43.8757],[5.9873,43.8751],[5.9924,43.8756],[5.9948,43.8761],[5.9958,43.8774],[5.9984,43.8772],[5.9989,43.8752],[6.0014,43.8719],[6.0028,43.8708],[6.0114,43.8689],[6.0179,43.8685],[6.0234,43.8668],[6.0273,43.867],[6.0303,43.8667],[6.0332,43.8655],[6.0386,43.8621],[6.0426,43.863],[6.0447,43.8626],[6.048,43.8625],[6.0529,43.8604],[6.0615,43.8644],[6.0641,43.8679],[6.0682,43.8703],[6.0706,43.8709],[6.0774,43.8777],[6.0741,43.8816],[6.071,43.8859],[6.0686,43.8918],[6.0692,43.8929],[6.0739,43.8957],[6.0765,43.8955],[6.0778,43.8964],[6.081,43.8964],[6.082,43.8972],[6.0843,43.8962],[6.0866,43.8964],[6.0875,43.8974],[6.0892,43.8967],[6.0915,43.897],[6.0934,43.8959],[6.0995,43.8973],[6.1046,43.8974],[6.1052,43.8969],[6.1114,43.896],[6.1142,43.8962],[6.1156,43.8955],[6.1189,43.895],[6.1228,43.8958],[6.1244,43.8965],[6.1279,43.8965],[6.1308,43.8954],[6.1333,43.8954],[6.134,43.8964],[6.1386,43.8981],[6.1435,43.9011],[6.1456,43.9014],[6.1484,43.9047],[6.1507,43.9048],[6.1539,43.9063],[6.1551,43.9081],[6.1565,43.9084],[6.1549,43.9123],[6.1548,43.9135],[6.1582,43.915],[6.1601,43.9151],[6.1625,43.9166],[6.162,43.92],[6.1612,43.9222],[6.1641,43.9198],[6.167,43.92],[6.1661,43.9221],[6.167,43.9228],[6.1737,43.92],[6.1754,43.9189],[6.1768,43.9198],[6.1767,43.9214],[6.1796,43.9212],[6.1828,43.9204],[6.1845,43.9205],[6.1904,43.92],[6.1935,43.9191],[6.1964,43.9204],[6.2033,43.9209],[6.2069,43.9224],[6.2087,43.9237],[6.2118,43.9245],[6.2135,43.9231],[6.2187,43.92],[6.2226,43.9207],[6.2292,43.9211],[6.2329,43.9221],[6.2317,43.9188],[6.2349,43.9135],[6.2397,43.9113],[6.2424,43.9104],[6.244,43.9107],[6.2458,43.9096],[6.2465,43.9074],[6.2496,43.9038],[6.2535,43.9001],[6.255,43.8977],[6.2563,43.8948],[6.258,43.8934],[6.2616,43.8885],[6.2656,43.8824],[6.2701,43.8774],[6.273,43.8732],[6.2732,43.8715],[6.2763,43.8695],[6.278,43.8675],[6.2803,43.8668],[6.2822,43.8647],[6.2843,43.8633],[6.285,43.8616],[6.2879,43.858],[6.2914,43.8594],[6.2941,43.8613],[6.3001,43.8631],[6.3044,43.864],[6.3105,43.8639],[6.314,43.8653],[6.3152,43.8665],[6.3158,43.8654],[6.3197,43.864],[6.3248,43.8629],[6.3266,43.8614],[6.3276,43.8596],[6.3307,43.8583],[6.3371,43.8577],[6.3369,43.8548],[6.3377,43.8498],[6.3384,43.8478],[6.3395,43.8468],[6.3444,43.844],[6.3488,43.8433],[6.3514,43.8411],[6.3505,43.8394],[6.3487,43.8374],[6.347,43.8376],[6.345,43.8339],[6.3467,43.833],[6.3483,43.8313],[6.3537,43.8288],[6.3586,43.8287],[6.3583,43.8272],[6.356,43.8253],[6.3558,43.824],[6.3522,43.8218],[6.3514,43.8209],[6.3518,43.8182],[6.3494,43.8156],[6.3472,43.8151],[6.3467,43.8124],[6.3489,43.8108],[6.3489,43.8082],[6.3521,43.8053],[6.3539,43.8042],[6.3574,43.8028],[6.36,43.803],[6.3605,43.8037],[6.3643,43.805],[6.3669,43.8041],[6.3686,43.8026],[6.3678,43.8019],[6.3667,43.7963],[6.3698,43.796],[6.3721,43.794],[6.375,43.7928],[6.3801,43.7915],[6.3814,43.7904],[6.3856,43.7896],[6.389,43.7905],[6.3938,43.79],[6.3959,43.7885],[6.3955,43.787],[6.3939,43.7856],[6.3929,43.7839],[6.3927,43.7817],[6.3909,43.779],[6.3914,43.778],[6.39,43.777],[6.3885,43.7736],[6.3872,43.7722],[6.3841,43.771],[6.3837,43.7698],[6.3814,43.7677],[6.38,43.7633],[6.3795,43.7597],[6.3789,43.7588],[6.3794,43.7561],[6.3786,43.7522],[6.3787,43.75],[6.3783,43.7454],[6.3785,43.7427],[6.3801,43.7408],[6.3787,43.7398],[6.3774,43.7415],[6.3747,43.743],[6.372,43.7429],[6.3706,43.742],[6.365,43.7406],[6.3619,43.7384],[6.3589,43.7358],[6.3563,43.7365],[6.3512,43.7362],[6.35,43.7368],[6.3486,43.7391],[6.3471,43.7395],[6.3451,43.742],[6.3415,43.743],[6.3383,43.7428],[6.3364,43.7434],[6.3351,43.7444],[6.3298,43.7453],[6.3263,43.7469],[6.3254,43.7481],[6.3255,43.7498],[6.3229,43.7533],[6.3211,43.7536],[6.3185,43.7532],[6.3169,43.7536],[6.317,43.7555],[6.3184,43.7561],[6.3173,43.7579],[6.3141,43.758],[6.3127,43.7591],[6.3106,43.7594],[6.3093,43.7611],[6.308,43.7614],[6.3066,43.7632],[6.3041,43.7631],[6.3034,43.7639],[6.301,43.7632],[6.3,43.7644],[6.295,43.7642],[6.2931,43.7655],[6.2904,43.7684],[6.288,43.7698],[6.2832,43.772],[6.2823,43.7736],[6.2784,43.7743],[6.2743,43.7764],[6.27,43.7767],[6.2686,43.7772],[6.2668,43.7796],[6.2629,43.7819],[6.262,43.7834],[6.2618,43.786],[6.2606,43.788],[6.2599,43.7926],[6.258,43.7956],[6.2574,43.7974],[6.2542,43.8004],[6.2496,43.8016],[6.2456,43.8024],[6.2422,43.8024],[6.2373,43.8009],[6.2334,43.799],[6.2308,43.7989],[6.2242,43.7998],[6.2205,43.7999],[6.2167,43.7995],[6.2124,43.7984],[6.2095,43.7969],[6.207,43.795],[6.2027,43.791],[6.1973,43.7875],[6.1928,43.7823],[6.1906,43.7802],[6.1884,43.7762],[6.1858,43.7703],[6.1842,43.7656],[6.1829,43.7622],[6.1751,43.7564],[6.1688,43.7512],[6.1625,43.7481],[6.1543,43.7436],[6.1505,43.7423],[6.1457,43.74],[6.1443,43.74],[6.1418,43.738],[6.1406,43.7376],[6.1364,43.7367],[6.1317,43.737],[6.1297,43.7362],[6.1286,43.7368],[6.1251,43.7382],[6.1227,43.7387],[6.1187,43.7403],[6.1167,43.7416],[6.1164,43.745],[6.1147,43.7461],[6.1087,43.7457],[6.1067,43.7445],[6.1063,43.7416],[6.1029,43.7363],[6.0979,43.733],[6.0964,43.7304],[6.0953,43.7296],[6.0923,43.73],[6.0903,43.729],[6.0916,43.7279],[6.0917,43.7253],[6.0906,43.7234],[6.0873,43.7205],[6.088,43.7182],[6.0829,43.7147],[6.0802,43.712],[6.0782,43.7112],[6.077,43.7072],[6.0738,43.7057],[6.0704,43.7049],[6.0652,43.7048],[6.0589,43.7032],[6.0575,43.7006],[6.0565,43.7001],[6.054,43.6992],[6.0516,43.6977],[6.0481,43.6973],[6.0412,43.6957],[6.0351,43.6941],[6.0346,43.6926],[6.0353,43.6915],[6.0358,43.688],[6.039,43.6789],[6.0338,43.6763],[6.0291,43.6726],[6.0217,43.6683],[6.0195,43.6707],[6.0163,43.6726],[6.0116,43.6741],[6.0114,43.6771],[6.008,43.6793],[6.0077,43.6835],[6.0062,43.6858],[6.0057,43.6876],[6.0027,43.6893],[6.0008,43.6897],[6.0005,43.691],[5.9952,43.6922],[5.9926,43.694],[5.9878,43.6954],[5.9857,43.7013],[5.9855,43.706],[5.9844,43.7087]]]}},{"type":"Feature","properties":{"nom":"CPTS Vignes et Calanques","statut":"","communes":["13022","13023","13028","13085","13119"],"president":"Dr Françoise GERMAIN","coordonnateur":"Angélique NATALI","contact":"contact@cpts-vignes-calanques.fr","site":""},"geometry":{"type":"MultiPolygon","coordinates":[[[[5.6638,43.1816],[5.663,43.1821],[5.6601,43.1819],[5.6576,43.1844],[5.6535,43.1864],[5.6511,43.1882],[5.6476,43.188],[5.6463,43.1874],[5.6429,43.1891],[5.6383,43.1892],[5.6334,43.1884],[5.6305,43.1865],[5.629,43.1861],[5.6271,43.1869],[5.6242,43.187],[5.6217,43.1861],[5.6152,43.1823],[5.6146,43.181],[5.6132,43.1811],[5.6116,43.1782],[5.6108,43.1726],[5.6087,43.1738],[5.607,43.1741],[5.6063,43.1725],[5.6077,43.1714],[5.6103,43.1713],[5.6081,43.1694],[5.6101,43.1675],[5.6135,43.1707],[5.6146,43.1692],[5.6105,43.1656],[5.6081,43.1665],[5.6058,43.1657],[5.6076,43.1636],[5.6072,43.1604],[5.6041,43.1604],[5.5987,43.1642],[5.5961,43.1647],[5.5945,43.1644],[5.5924,43.1652],[5.5897,43.167],[5.5882,43.1686],[5.5857,43.1684],[5.5812,43.17],[5.5791,43.1715],[5.575,43.1723],[5.5715,43.1736],[5.5693,43.1749],[5.569,43.1767],[5.5674,43.178],[5.5647,43.1794],[5.5641,43.1804],[5.5588,43.1848],[5.5556,43.1884],[5.5529,43.1899],[5.5502,43.1925],[5.548,43.196],[5.5473,43.1989],[5.5489,43.2028],[5.5487,43.2056],[5.5498,43.2067],[5.5492,43.208],[5.5451,43.2084],[5.5451,43.2103],[5.5417,43.2098],[5.5394,43.2088],[5.5393,43.2106],[5.5381,43.2123],[5.5352,43.213],[5.5357,43.2142],[5.5312,43.2126],[5.5302,43.2107],[5.5248,43.2081],[5.5235,43.2068],[5.5201,43.205],[5.5181,43.2047],[5.5158,43.203],[5.5126,43.2047],[5.5123,43.2028],[5.5134,43.2013],[5.5107,43.1991],[5.5102,43.1979],[5.5118,43.2069],[5.5139,43.2078],[5.5174,43.2134],[5.5179,43.2155],[5.5167,43.2171],[5.512,43.22],[5.512,43.222],[5.5107,43.2236],[5.5067,43.2268],[5.5064,43.2297],[5.5071,43.231],[5.5071,43.2332],[5.5098,43.2351],[5.5233,43.2348],[5.5245,43.2352],[5.5262,43.2375],[5.5258,43.2382],[5.5193,43.2417],[5.5196,43.2443],[5.5258,43.2449],[5.5472,43.2466],[5.5444,43.2546],[5.5531,43.2572],[5.5569,43.2576],[5.5578,43.2587],[5.5624,43.2612],[5.5639,43.2634],[5.5708,43.2679],[5.5775,43.2694],[5.5831,43.2714],[5.5866,43.2668],[5.5903,43.2647],[5.5954,43.2653],[5.5983,43.2647],[5.6013,43.2657],[5.6047,43.2682],[5.6106,43.2694],[5.6154,43.2701],[5.6274,43.2702],[5.6298,43.2701],[5.6442,43.2681],[5.6461,43.2682],[5.6489,43.2661],[5.6513,43.2668],[5.6535,43.2664],[5.6548,43.2673],[5.657,43.267],[5.6617,43.2672],[5.6617,43.266],[5.6674,43.2636],[5.6668,43.2602],[5.6681,43.2584],[5.6704,43.258],[5.6787,43.2554],[5.6819,43.2547],[5.6868,43.2531],[5.6973,43.2495],[5.7012,43.2472],[5.7045,43.2417],[5.7035,43.2415],[5.7024,43.2392],[5.6899,43.2372],[5.6839,43.2361],[5.6824,43.2355],[5.6829,43.2345],[5.6811,43.2311],[5.6803,43.227],[5.6792,43.2245],[5.678,43.2198],[5.6784,43.2167],[5.6783,43.2102],[5.6786,43.2052],[5.6774,43.2],[5.676,43.1906],[5.6755,43.1874],[5.6732,43.1809],[5.6719,43.1793],[5.6688,43.1798],[5.6667,43.1822],[5.6638,43.1816]]],[[[5.6148,43.1623],[5.6181,43.1621],[5.6191,43.1614],[5.619,43.1573],[5.6153,43.1591],[5.6148,43.1623]]]]}},{"type":"Feature","properties":{"nom":"CPTS Vitale santé (Marseille 10)","statut":"","communes":["13055"],"arrondissements":["13210"],"president":"Alexandre MAURIN","coordonnateur":"Sylvain AZILAZIAN","contact":"cpts.vitalesante10@gmail.com","site":"cptsvitalesante10.fr"},"geometry":{"type":"Polygon","coordinates":[[[5.4027,43.2868],[5.406,43.2904],[5.4149,43.2917],[5.4258,43.2901],[5.4294,43.2858],[5.4399,43.285],[5.4434,43.2818],[5.4444,43.2768],[5.4533,43.2729],[5.4541,43.2654],[5.4593,43.26],[5.4522,43.2575],[5.4411,43.2584],[5.4314,43.2604],[5.4298,43.2656],[5.4174,43.268],[5.4146,43.2694],[5.4101,43.2756],[5.3998,43.2746],[5.3991,43.2776],[5.3887,43.2831],[5.3919,43.2848],[5.4027,43.2868]]]}},{"type":"Feature","properties":{"nom":"CPTS de la Riviera Française","statut":"","communes":["06012","06023","06032","06035","06036","06062","06067","06083","06086","06104","06113","06132","06136","06150","06162","06163"],"president":"Dr Jean-Louis GERSCHTEIN","coordonnateur":"Kathleen WAEYTENS","contact":"cptsdelarivierafrancaise@gmail.com","site":""},"geometry":{"type":"Polygon","coordinates":[[[7.391,43.7291],[7.3897,43.7305],[7.3918,43.7336],[7.3889,43.7387],[7.3876,43.7401],[7.3813,43.737],[7.3767,43.7356],[7.3745,43.7359],[7.3753,43.7379],[7.3749,43.7408],[7.3758,43.7427],[7.3757,43.7443],[7.3784,43.7447],[7.3821,43.7472],[7.3839,43.7474],[7.386,43.7498],[7.3852,43.7533],[7.3875,43.7565],[7.3903,43.7575],[7.3921,43.7589],[7.3941,43.7592],[7.3977,43.7627],[7.4011,43.7641],[7.4013,43.7616],[7.4026,43.7604],[7.4056,43.7591],[7.4067,43.7552],[7.4089,43.7544],[7.411,43.7544],[7.4138,43.7559],[7.4151,43.7561],[7.4163,43.7561],[7.4216,43.7582],[7.4223,43.7592],[7.4249,43.7583],[7.4266,43.7593],[7.4312,43.7585],[7.4351,43.7604],[7.4356,43.7627],[7.4346,43.765],[7.4348,43.7721],[7.4362,43.7767],[7.4362,43.7782],[7.435,43.7793],[7.4289,43.7797],[7.4276,43.7809],[7.4253,43.781],[7.4223,43.7843],[7.4223,43.7881],[7.425,43.7895],[7.427,43.7925],[7.4252,43.7953],[7.4255,43.7976],[7.4306,43.7983],[7.4322,43.7981],[7.4382,43.7988],[7.4416,43.7998],[7.4433,43.7999],[7.4474,43.803],[7.4458,43.8051],[7.4432,43.806],[7.4427,43.8069],[7.4403,43.8076],[7.443,43.811],[7.4458,43.8116],[7.4465,43.8156],[7.4458,43.817],[7.4479,43.8208],[7.4482,43.8262],[7.4476,43.8274],[7.4478,43.8308],[7.4455,43.8322],[7.4457,43.8352],[7.4427,43.8374],[7.4393,43.8426],[7.4379,43.8444],[7.4344,43.8466],[7.4316,43.8463],[7.4275,43.8486],[7.425,43.8482],[7.4224,43.8468],[7.4192,43.8471],[7.4113,43.845],[7.4097,43.8474],[7.4084,43.8537],[7.4082,43.8561],[7.4089,43.8573],[7.4087,43.8608],[7.41,43.8622],[7.4088,43.864],[7.4032,43.8656],[7.4003,43.8698],[7.3999,43.873],[7.4008,43.8754],[7.3986,43.8768],[7.3955,43.8774],[7.3942,43.8786],[7.3936,43.8867],[7.396,43.8884],[7.3938,43.8903],[7.3941,43.8925],[7.3959,43.8952],[7.3984,43.8977],[7.3973,43.9004],[7.3983,43.9018],[7.3966,43.9024],[7.3967,43.9039],[7.3995,43.9089],[7.3993,43.9096],[7.3988,43.9121],[7.3976,43.9124],[7.3949,43.9147],[7.3944,43.9158],[7.3913,43.9173],[7.3905,43.9199],[7.3888,43.9214],[7.3886,43.9234],[7.3914,43.9266],[7.3897,43.9277],[7.3901,43.9292],[7.3895,43.9308],[7.3902,43.9336],[7.3874,43.9346],[7.3855,43.9338],[7.3849,43.9324],[7.3812,43.9343],[7.3832,43.9361],[7.3801,43.9371],[7.3767,43.9377],[7.3737,43.9391],[7.3698,43.9396],[7.3696,43.9411],[7.3682,43.9433],[7.3693,43.945],[7.3694,43.9478],[7.3742,43.9528],[7.3761,43.9541],[7.3772,43.9583],[7.3785,43.9619],[7.3794,43.9632],[7.38,43.9671],[7.3807,43.9672],[7.3841,43.9704],[7.3872,43.9707],[7.3912,43.9728],[7.3925,43.9749],[7.3914,43.9775],[7.3921,43.9815],[7.3966,43.9846],[7.3968,43.9856],[7.4009,43.9886],[7.4028,43.9892],[7.4061,43.9891],[7.4071,43.9901],[7.4095,43.9939],[7.4157,43.9962],[7.419,43.9965],[7.4217,43.9959],[7.4254,43.9971],[7.4258,43.9985],[7.4281,43.9997],[7.4335,44.001],[7.4319,44.0031],[7.432,44.0042],[7.4307,44.007],[7.4282,44.0096],[7.4267,44.0104],[7.4229,44.016],[7.4163,44.0194],[7.4123,44.0211],[7.4132,44.0243],[7.4154,44.0264],[7.4199,44.0286],[7.423,44.0311],[7.423,44.0346],[7.4239,44.0382],[7.4218,44.0403],[7.4209,44.0426],[7.4185,44.0445],[7.4215,44.0467],[7.423,44.0491],[7.4284,44.0519],[7.4285,44.0536],[7.426,44.0589],[7.428,44.0602],[7.4277,44.0618],[7.426,44.0634],[7.4262,44.0657],[7.4274,44.0675],[7.4268,44.0691],[7.4289,44.0703],[7.4268,44.0746],[7.4275,44.076],[7.4265,44.0771],[7.4274,44.0786],[7.4264,44.0803],[7.4295,44.0814],[7.4317,44.0839],[7.4319,44.0868],[7.4294,44.0881],[7.429,44.0896],[7.4269,44.0914],[7.4272,44.0943],[7.4262,44.0958],[7.4317,44.0982],[7.4324,44.1002],[7.4314,44.1015],[7.4319,44.1035],[7.4306,44.1041],[7.4295,44.1073],[7.4296,44.1091],[7.4272,44.1096],[7.4269,44.1129],[7.4269,44.1149],[7.4276,44.1164],[7.4263,44.1187],[7.4269,44.1215],[7.429,44.1228],[7.4292,44.1253],[7.4301,44.1265],[7.4298,44.1298],[7.4325,44.1302],[7.4359,44.129],[7.4432,44.1278],[7.4462,44.129],[7.4482,44.1288],[7.4521,44.1276],[7.4549,44.1276],[7.4576,44.1264],[7.4607,44.1258],[7.464,44.1274],[7.4662,44.1292],[7.4723,44.133],[7.4743,44.1335],[7.4773,44.1328],[7.4828,44.1334],[7.4843,44.1345],[7.4904,44.137],[7.4922,44.1387],[7.4931,44.1404],[7.4984,44.142],[7.5008,44.1422],[7.5023,44.143],[7.5051,44.1433],[7.507,44.1444],[7.509,44.1425],[7.5119,44.142],[7.5123,44.1409],[7.515,44.1383],[7.5178,44.1392],[7.5202,44.1377],[7.5226,44.1387],[7.5254,44.1391],[7.5271,44.1399],[7.5274,44.1413],[7.5298,44.144],[7.5309,44.1465],[7.5346,44.148],[7.5351,44.1471],[7.5382,44.1455],[7.5432,44.1451],[7.547,44.1461],[7.5484,44.1451],[7.5526,44.1465],[7.5546,44.1464],[7.5613,44.1486],[7.5654,44.1512],[7.5658,44.1521],[7.5641,44.1547],[7.5673,44.1545],[7.5681,44.1535],[7.5724,44.1515],[7.5751,44.1532],[7.5766,44.1533],[7.5788,44.152],[7.5826,44.1518],[7.5854,44.1505],[7.5899,44.1504],[7.5947,44.1525],[7.5981,44.1526],[7.5988,44.1517],[7.6031,44.15],[7.6098,44.1498],[7.6118,44.15],[7.6184,44.1494],[7.62,44.1495],[7.6218,44.1532],[7.6249,44.1554],[7.6273,44.1587],[7.6279,44.1607],[7.6269,44.1634],[7.6278,44.1642],[7.6299,44.1649],[7.6316,44.1684],[7.6301,44.1702],[7.6322,44.1724],[7.6325,44.1734],[7.6366,44.1771],[7.6448,44.1778],[7.6461,44.1784],[7.6496,44.1774],[7.651,44.1778],[7.6523,44.1768],[7.6546,44.1775],[7.6612,44.1767],[7.6646,44.1757],[7.6681,44.176],[7.6698,44.1754],[7.6728,44.1772],[7.6778,44.1768],[7.6806,44.1761],[7.6826,44.1743],[7.6846,44.174],[7.684,44.1715],[7.6817,44.1679],[7.681,44.1643],[7.6796,44.1628],[7.6754,44.1614],[7.673,44.16],[7.6718,44.1584],[7.6708,44.1529],[7.6752,44.1501],[7.6765,44.1478],[7.6795,44.1472],[7.6779,44.1454],[7.6767,44.1421],[7.6763,44.1408],[7.6739,44.1383],[7.6706,44.1365],[7.6672,44.1334],[7.6666,44.1311],[7.6679,44.1296],[7.6703,44.1283],[7.6718,44.1219],[7.6729,44.1198],[7.6745,44.1179],[7.6766,44.1171],[7.6793,44.115],[7.6829,44.1138],[7.6852,44.1112],[7.6874,44.1104],[7.69,44.1084],[7.6916,44.1056],[7.6938,44.1039],[7.6964,44.0999],[7.6966,44.0977],[7.7014,44.0939],[7.7055,44.0925],[7.7088,44.0909],[7.7096,44.0897],[7.712,44.0883],[7.7151,44.084],[7.7188,44.0825],[7.7161,44.0813],[7.7155,44.08],[7.7156,44.0778],[7.7129,44.0746],[7.7142,44.072],[7.7136,44.0707],[7.7141,44.0654],[7.7129,44.0626],[7.7144,44.0612],[7.7112,44.0603],[7.7077,44.0577],[7.7051,44.0546],[7.7026,44.0491],[7.7036,44.0477],[7.7028,44.0435],[7.7005,44.0407],[7.6977,44.0407],[7.6955,44.0397],[7.6908,44.04],[7.686,44.0373],[7.6831,44.0363],[7.6794,44.0336],[7.6761,44.032],[7.6754,44.0295],[7.6722,44.0297],[7.6708,44.0305],[7.6656,44.0314],[7.6646,44.0292],[7.6623,44.0282],[7.662,44.0235],[7.6615,44.0221],[7.6632,44.0206],[7.6618,44.0179],[7.6628,44.0146],[7.6637,44.0128],[7.6656,44.0113],[7.665,44.0093],[7.6661,44.0074],[7.6677,44.0065],[7.6677,44.0049],[7.669,43.9999],[7.6704,43.9983],[7.6665,43.9951],[7.6666,43.9942],[7.6638,43.9923],[7.6632,43.9913],[7.6637,43.9869],[7.6623,43.9862],[7.6594,43.9865],[7.6582,43.9856],[7.6557,43.9852],[7.6558,43.981],[7.6553,43.9798],[7.6552,43.9766],[7.6527,43.9755],[7.6524,43.9737],[7.6469,43.9742],[7.6435,43.974],[7.6402,43.9716],[7.6401,43.9701],[7.6364,43.9691],[7.6332,43.9665],[7.6314,43.9642],[7.6264,43.9619],[7.6216,43.9603],[7.6203,43.9604],[7.6148,43.9576],[7.6114,43.9554],[7.6108,43.9542],[7.6088,43.956],[7.6062,43.9561],[7.6016,43.9577],[7.5985,43.9574],[7.5972,43.956],[7.5938,43.956],[7.5929,43.9552],[7.5876,43.9549],[7.5832,43.9518],[7.5814,43.9482],[7.5788,43.9497],[7.5744,43.9477],[7.5718,43.9472],[7.5694,43.9474],[7.5692,43.9443],[7.5666,43.9433],[7.5676,43.9418],[7.5698,43.9406],[7.5707,43.9381],[7.5729,43.9378],[7.5736,43.9357],[7.5714,43.9348],[7.5703,43.9312],[7.5712,43.9292],[7.5689,43.9282],[7.5674,43.9262],[7.5682,43.923],[7.5662,43.9216],[7.5614,43.92],[7.5579,43.9176],[7.5583,43.9161],[7.5596,43.9151],[7.5624,43.9096],[7.5616,43.9081],[7.5618,43.9045],[7.5628,43.9019],[7.562,43.8997],[7.5592,43.8973],[7.5567,43.8964],[7.5534,43.8958],[7.5502,43.8938],[7.5457,43.8941],[7.5423,43.8934],[7.5385,43.8932],[7.5354,43.8916],[7.5347,43.8904],[7.5307,43.8902],[7.5302,43.889],[7.5268,43.8862],[7.5218,43.8867],[7.5198,43.8862],[7.519,43.8838],[7.5171,43.8823],[7.5157,43.8827],[7.5129,43.8853],[7.5115,43.8849],[7.5128,43.883],[7.5099,43.8821],[7.5103,43.8794],[7.5074,43.8777],[7.5064,43.8764],[7.5037,43.8751],[7.5014,43.875],[7.5,43.8728],[7.4979,43.8717],[7.4975,43.8699],[7.5002,43.867],[7.4983,43.8642],[7.4954,43.8644],[7.4954,43.8598],[7.495,43.8559],[7.496,43.8539],[7.4966,43.8509],[7.4967,43.8498],[7.4985,43.8476],[7.4991,43.8452],[7.503,43.8441],[7.5079,43.8413],[7.5069,43.8395],[7.507,43.8377],[7.5082,43.8353],[7.5095,43.8347],[7.5102,43.8321],[7.5103,43.8265],[7.5114,43.8238],[7.5131,43.8223],[7.5143,43.8191],[7.5144,43.8148],[7.5171,43.8098],[7.5178,43.8078],[7.5178,43.8054],[7.5187,43.8025],[7.5207,43.801],[7.5215,43.7996],[7.5237,43.7978],[7.5265,43.7942],[7.5278,43.7911],[7.5292,43.7899],[7.5302,43.788],[7.5292,43.784],[7.5275,43.7847],[7.5247,43.7849],[7.5219,43.7845],[7.5148,43.7827],[7.5153,43.7819],[7.5122,43.7802],[7.5106,43.781],[7.5086,43.7792],[7.5083,43.7782],[7.5094,43.7754],[7.5063,43.7732],[7.5049,43.7742],[7.502,43.7736],[7.4974,43.7716],[7.493,43.7692],[7.4902,43.7672],[7.4883,43.765],[7.4886,43.7638],[7.4864,43.7633],[7.485,43.762],[7.4821,43.7569],[7.4852,43.7539],[7.4878,43.7524],[7.4881,43.75],[7.4868,43.749],[7.4838,43.7495],[7.4822,43.7493],[7.4794,43.7497],[7.4746,43.7512],[7.4692,43.7552],[7.468,43.757],[7.4658,43.7573],[7.4622,43.7603],[7.4578,43.7596],[7.4531,43.7584],[7.4476,43.7525],[7.4465,43.7521],[7.4449,43.7499],[7.4439,43.7509],[7.442,43.7508],[7.4391,43.7493],[7.4374,43.7516],[7.4351,43.7498],[7.4308,43.7487],[7.4287,43.7462],[7.4277,43.7437],[7.4245,43.7409],[7.423,43.7417],[7.4206,43.7398],[7.4126,43.7347],[7.4128,43.7317],[7.4116,43.7316],[7.4091,43.7296],[7.4156,43.7259],[7.411,43.7236],[7.4106,43.7215],[7.4079,43.7209],[7.4058,43.7194],[7.4006,43.7209],[7.399,43.7186],[7.3975,43.7195],[7.3952,43.719],[7.3934,43.72],[7.3887,43.7196],[7.3904,43.7213],[7.389,43.723],[7.3864,43.7223],[7.3833,43.7226],[7.3856,43.7242],[7.3903,43.7255],[7.39,43.7263],[7.391,43.7291]]]}},{"type":"Feature","properties":{"nom":"CPTS des Baous","statut":"","communes":["06017","06049","06050","06065","06122","06148","06157"],"president":"Dr Fabrice GASPERINI","coordonnateur":"Nathalie NAMOUNE","contact":"association.de.sante.des.baous@gmail.com; contact@cptsdesbaous.fr","site":""},"geometry":{"type":"Polygon","coordinates":[[[7.1819,43.737],[7.1821,43.7333],[7.1844,43.7187],[7.1762,43.7177],[7.1731,43.7178],[7.1703,43.7167],[7.1689,43.7152],[7.1702,43.7133],[7.1697,43.7108],[7.1668,43.7079],[7.1669,43.7049],[7.1682,43.7012],[7.1682,43.6977],[7.1655,43.6977],[7.1665,43.6952],[7.1639,43.6948],[7.164,43.693],[7.1583,43.6932],[7.1551,43.6944],[7.1519,43.6976],[7.1505,43.6996],[7.1441,43.6998],[7.1419,43.7001],[7.1397,43.6984],[7.1409,43.6974],[7.1407,43.6958],[7.1416,43.6937],[7.143,43.6928],[7.1432,43.6916],[7.1396,43.6926],[7.1376,43.6938],[7.1342,43.6948],[7.1326,43.6975],[7.1326,43.6995],[7.1313,43.701],[7.1302,43.7041],[7.1278,43.7064],[7.1227,43.7086],[7.1214,43.711],[7.12,43.7122],[7.1175,43.7114],[7.1156,43.7122],[7.1106,43.7119],[7.1097,43.7108],[7.105,43.7082],[7.1042,43.7081],[7.1003,43.706],[7.0969,43.7059],[7.0957,43.7047],[7.0938,43.7033],[7.0885,43.7019],[7.0855,43.7033],[7.0812,43.7039],[7.0796,43.7053],[7.0784,43.7027],[7.0755,43.7],[7.0753,43.6987],[7.0763,43.696],[7.0759,43.6947],[7.0768,43.6926],[7.0755,43.6911],[7.0727,43.6889],[7.0705,43.6884],[7.0679,43.6894],[7.0668,43.6882],[7.0658,43.6922],[7.066,43.6933],[7.0616,43.6935],[7.0615,43.6949],[7.0629,43.6952],[7.063,43.6966],[7.0609,43.6972],[7.0598,43.6963],[7.0564,43.6973],[7.0539,43.6962],[7.0495,43.6976],[7.0466,43.6981],[7.0439,43.6994],[7.0408,43.6993],[7.0381,43.7003],[7.0361,43.7003],[7.0342,43.7007],[7.0283,43.7],[7.0264,43.6985],[7.0243,43.698],[7.019,43.6975],[7.0151,43.6977],[7.0133,43.697],[7.0093,43.6976],[7.0072,43.6972],[7.0054,43.6982],[7.0042,43.7002],[7.001,43.7004],[6.9997,43.7023],[7.0001,43.7036],[6.9985,43.7063],[6.997,43.7066],[6.9953,43.7087],[6.9938,43.7085],[6.9913,43.712],[6.9909,43.7134],[6.9909,43.7178],[6.992,43.7195],[6.9928,43.7236],[6.9941,43.7245],[6.9956,43.7269],[6.9958,43.7285],[6.998,43.732],[6.9984,43.7371],[7.0001,43.7394],[6.9991,43.7432],[6.9993,43.745],[6.9985,43.7479],[6.9975,43.748],[6.9962,43.7512],[6.9938,43.7509],[6.9939,43.752],[6.9925,43.753],[6.9921,43.7547],[6.9904,43.7558],[6.9904,43.7607],[6.9873,43.7619],[6.9836,43.7704],[6.9846,43.7709],[6.9879,43.7712],[6.9893,43.7757],[6.9954,43.7798],[6.9975,43.783],[6.9974,43.7873],[6.9962,43.7908],[6.9976,43.799],[6.9983,43.8014],[7.001,43.8138],[6.9911,43.8229],[6.9929,43.8256],[6.9937,43.8276],[6.9996,43.8261],[7.0024,43.8267],[7.0096,43.8277],[7.0145,43.8269],[7.018,43.8281],[7.0237,43.8283],[7.0284,43.8282],[7.0313,43.8253],[7.035,43.8251],[7.0357,43.8236],[7.0377,43.8226],[7.0398,43.824],[7.0425,43.8249],[7.0458,43.8253],[7.0489,43.825],[7.0509,43.8252],[7.0536,43.8246],[7.0589,43.8244],[7.0649,43.8256],[7.0678,43.8251],[7.0755,43.825],[7.086,43.8222],[7.0887,43.8227],[7.0929,43.8209],[7.0953,43.821],[7.1011,43.8199],[7.1025,43.8181],[7.1051,43.8173],[7.1065,43.8155],[7.1072,43.8132],[7.1095,43.8132],[7.1135,43.8124],[7.1144,43.813],[7.1165,43.812],[7.1186,43.8125],[7.1277,43.8089],[7.1327,43.8096],[7.1326,43.8056],[7.1297,43.8037],[7.1305,43.8007],[7.1317,43.7995],[7.1318,43.798],[7.1333,43.7929],[7.133,43.7908],[7.1311,43.7902],[7.1332,43.7877],[7.1334,43.7845],[7.1342,43.7817],[7.1353,43.7799],[7.1368,43.7795],[7.1367,43.7776],[7.1425,43.7725],[7.1451,43.7695],[7.1465,43.7684],[7.1482,43.7646],[7.1495,43.7635],[7.1531,43.7621],[7.1539,43.7581],[7.1575,43.7553],[7.1592,43.7552],[7.1659,43.7514],[7.1679,43.7538],[7.1734,43.7519],[7.1812,43.7482],[7.1852,43.7467],[7.1838,43.7445],[7.1828,43.7414],[7.1819,43.737]]]}},{"type":"Feature","properties":{"nom":"CPTS des Collines de Valbonne","statut":"","communes":["06010","06018","06038","06041","06068","06089","06105","06112","06152"],"president":"Fabrice VERON","coordonnateur":"Florian CHASTIN","contact":"contact@cpts-collines-valbonne.fr","site":""},"geometry":{"type":"Polygon","coordinates":[[[7.0523,43.6412],[7.0615,43.6417],[7.0675,43.641],[7.0765,43.6415],[7.0799,43.6422],[7.0827,43.6432],[7.084,43.6426],[7.0897,43.6461],[7.0911,43.6457],[7.0947,43.6461],[7.0979,43.6469],[7.101,43.6449],[7.1018,43.6439],[7.105,43.642],[7.1065,43.6386],[7.112,43.6339],[7.1123,43.6326],[7.1118,43.6281],[7.118,43.6225],[7.1172,43.6213],[7.1156,43.6207],[7.1152,43.6182],[7.1126,43.6161],[7.1112,43.6167],[7.1101,43.6155],[7.107,43.617],[7.102,43.6171],[7.1004,43.6154],[7.0987,43.6152],[7.0955,43.6135],[7.0921,43.6103],[7.0881,43.611],[7.0871,43.6097],[7.0853,43.6101],[7.0846,43.6081],[7.0809,43.6076],[7.0809,43.6099],[7.0789,43.6099],[7.0746,43.6114],[7.0702,43.6122],[7.0675,43.6101],[7.0672,43.6086],[7.066,43.6074],[7.0676,43.6066],[7.0627,43.6041],[7.0613,43.6037],[7.0588,43.6041],[7.058,43.603],[7.0557,43.6025],[7.0544,43.6011],[7.0501,43.6023],[7.042,43.6094],[7.0375,43.6117],[7.0366,43.6112],[7.0222,43.6132],[7.0192,43.6123],[7.0064,43.6168],[7.0029,43.6175],[7.0026,43.618],[6.9982,43.6194],[6.9977,43.6208],[6.9992,43.6245],[6.9924,43.6273],[6.9882,43.6355],[6.9898,43.6395],[6.9886,43.6411],[6.9856,43.6425],[6.9834,43.6428],[6.9812,43.6442],[6.9779,43.6445],[6.9766,43.6459],[6.9743,43.6466],[6.972,43.648],[6.9705,43.6516],[6.9712,43.6535],[6.9697,43.655],[6.9653,43.6581],[6.9629,43.6611],[6.9636,43.6638],[6.9614,43.6664],[6.9614,43.668],[6.9592,43.672],[6.9612,43.6733],[6.9646,43.6741],[6.9696,43.6791],[6.9693,43.6813],[6.9668,43.6831],[6.9671,43.684],[6.9639,43.6854],[6.9602,43.6863],[6.9594,43.6874],[6.9556,43.6887],[6.9487,43.6906],[6.9478,43.6919],[6.9445,43.6926],[6.9405,43.6924],[6.9379,43.6944],[6.9349,43.6948],[6.9316,43.696],[6.9275,43.6961],[6.9241,43.6952],[6.9223,43.696],[6.921,43.6973],[6.9096,43.698],[6.9079,43.6987],[6.9058,43.6995],[6.9049,43.7033],[6.9048,43.7053],[6.9039,43.7073],[6.9014,43.7099],[6.8993,43.7109],[6.8992,43.7131],[6.9028,43.7129],[6.9098,43.7138],[6.912,43.7136],[6.9176,43.7144],[6.9182,43.7151],[6.9207,43.7146],[6.923,43.7151],[6.9242,43.716],[6.9275,43.7168],[6.93,43.7178],[6.9347,43.7225],[6.9379,43.7267],[6.9395,43.7297],[6.9392,43.7312],[6.9416,43.7343],[6.9436,43.7378],[6.9436,43.7408],[6.9477,43.7428],[6.9501,43.7436],[6.9524,43.7435],[6.9543,43.7448],[6.9563,43.7471],[6.9547,43.7486],[6.9469,43.7507],[6.9431,43.7505],[6.9324,43.7517],[6.9217,43.7548],[6.9142,43.7555],[6.8974,43.7581],[6.8942,43.7579],[6.8878,43.7583],[6.8766,43.7609],[6.8688,43.7636],[6.8578,43.7646],[6.8578,43.7691],[6.857,43.7737],[6.8551,43.7753],[6.8547,43.7787],[6.8594,43.7796],[6.8611,43.7793],[6.8608,43.7821],[6.8594,43.7831],[6.8611,43.7839],[6.8632,43.7837],[6.8657,43.7852],[6.8734,43.786],[6.8764,43.7876],[6.8801,43.7881],[6.8814,43.7865],[6.8867,43.7861],[6.889,43.7862],[6.8951,43.7874],[6.9007,43.7903],[6.9029,43.7907],[6.9081,43.789],[6.9122,43.788],[6.9208,43.7882],[6.9224,43.788],[6.927,43.789],[6.9291,43.7891],[6.9336,43.7901],[6.9371,43.7895],[6.94,43.7902],[6.9416,43.7892],[6.9453,43.7891],[6.9481,43.7894],[6.9501,43.7888],[6.9559,43.7896],[6.9602,43.7891],[6.9626,43.79],[6.9651,43.7901],[6.9668,43.7885],[6.9689,43.7884],[6.9714,43.7877],[6.9746,43.7821],[6.9758,43.7814],[6.9771,43.7781],[6.9786,43.777],[6.979,43.7755],[6.9807,43.775],[6.9838,43.7734],[6.9836,43.7704],[6.9873,43.7619],[6.9904,43.7607],[6.9904,43.7558],[6.9921,43.7547],[6.9925,43.753],[6.9939,43.752],[6.9938,43.7509],[6.9962,43.7512],[6.9975,43.748],[6.9985,43.7479],[6.9993,43.745],[6.9991,43.7432],[7.0001,43.7394],[6.9984,43.7371],[6.998,43.732],[6.9958,43.7285],[6.9956,43.7269],[6.9941,43.7245],[6.9928,43.7236],[6.992,43.7195],[6.9909,43.7178],[6.9909,43.7134],[6.9913,43.712],[6.9938,43.7085],[6.9953,43.7087],[6.997,43.7066],[6.9985,43.7063],[7.0001,43.7036],[6.9997,43.7023],[7.001,43.7004],[7.0042,43.7002],[7.0054,43.6982],[7.0072,43.6972],[7.0093,43.6976],[7.0133,43.697],[7.0151,43.6977],[7.019,43.6975],[7.0243,43.698],[7.0264,43.6985],[7.0283,43.7],[7.0342,43.7007],[7.0361,43.7003],[7.0381,43.7003],[7.0408,43.6993],[7.0439,43.6994],[7.0466,43.6981],[7.0495,43.6976],[7.0539,43.6962],[7.0564,43.6973],[7.0598,43.6963],[7.0609,43.6972],[7.063,43.6966],[7.0629,43.6952],[7.0615,43.6949],[7.0616,43.6935],[7.066,43.6933],[7.0658,43.6922],[7.0668,43.6882],[7.0679,43.6894],[7.0705,43.6884],[7.0727,43.6889],[7.0716,43.6865],[7.0744,43.6848],[7.0752,43.683],[7.0772,43.6821],[7.0791,43.6805],[7.0811,43.6803],[7.0823,43.6793],[7.084,43.6801],[7.0848,43.6817],[7.0872,43.6815],[7.0888,43.6808],[7.0901,43.6789],[7.0922,43.677],[7.0951,43.6754],[7.0934,43.6754],[7.0911,43.6763],[7.0887,43.6752],[7.0862,43.6749],[7.0857,43.6725],[7.0868,43.6707],[7.0866,43.6687],[7.0827,43.6679],[7.0804,43.6668],[7.0765,43.6614],[7.076,43.6585],[7.0763,43.6561],[7.076,43.654],[7.0747,43.6513],[7.0715,43.6482],[7.0682,43.6478],[7.0663,43.6482],[7.0639,43.6462],[7.0621,43.6471],[7.0586,43.6479],[7.0545,43.6473],[7.0525,43.6463],[7.0516,43.6444],[7.0523,43.6412]]]}},{"type":"Feature","properties":{"nom":"CPTS des villages de l'Arc","statut":"","communes":["13014","13032","13037","13081","13112","13114","13118"],"president":"Agnès PARISSE","coordonnateur":"Carole PIACENTINI","contact":"cpts.villagesdelarc@gmail.com","site":"cptsvillagesdelarc.assoconnect.compage1662075-quesaco"},"geometry":{"type":"Polygon","coordinates":[[[5.1219,43.5158],[5.1217,43.5229],[5.125,43.5245],[5.13,43.5274],[5.132,43.5275],[5.1341,43.5243],[5.1383,43.5256],[5.1424,43.5281],[5.1457,43.5307],[5.1552,43.5343],[5.1572,43.5374],[5.1655,43.5403],[5.1768,43.5398],[5.1771,43.5478],[5.1769,43.5622],[5.181,43.5664],[5.1854,43.5693],[5.1893,43.5697],[5.1938,43.571],[5.2032,43.5701],[5.2038,43.5722],[5.2063,43.5744],[5.2134,43.5727],[5.2142,43.5718],[5.2187,43.569],[5.2209,43.5686],[5.223,43.5672],[5.2262,43.5665],[5.2316,43.5699],[5.2439,43.5742],[5.2512,43.5751],[5.2505,43.5787],[5.2514,43.58],[5.2558,43.5814],[5.2557,43.5828],[5.2538,43.5851],[5.2515,43.5865],[5.2512,43.5874],[5.2535,43.5904],[5.2542,43.5921],[5.2658,43.5906],[5.2833,43.589],[5.2869,43.5896],[5.3006,43.5915],[5.3129,43.5908],[5.3154,43.5925],[5.319,43.5943],[5.3218,43.5943],[5.3214,43.5954],[5.323,43.5971],[5.3268,43.5961],[5.3287,43.5946],[5.3315,43.5932],[5.3345,43.5928],[5.3393,43.5917],[5.3425,43.5919],[5.3465,43.5896],[5.3509,43.59],[5.3534,43.5893],[5.3581,43.5889],[5.3612,43.5856],[5.3632,43.5842],[5.3659,43.5835],[5.3633,43.5822],[5.3614,43.5793],[5.3632,43.5787],[5.3667,43.5766],[5.3714,43.5748],[5.3705,43.5735],[5.3722,43.5726],[5.3759,43.5718],[5.3776,43.5696],[5.3776,43.5676],[5.3844,43.5634],[5.381,43.5598],[5.3794,43.5591],[5.3782,43.5576],[5.377,43.5538],[5.3729,43.5538],[5.375,43.5519],[5.3781,43.5476],[5.3778,43.5448],[5.3749,43.5438],[5.3731,43.5414],[5.3711,43.5376],[5.3701,43.5375],[5.3689,43.5394],[5.3664,43.5408],[5.364,43.5401],[5.358,43.54],[5.3585,43.5358],[5.3566,43.5353],[5.3491,43.5353],[5.3485,43.5363],[5.3462,43.5363],[5.3453,43.5335],[5.3403,43.5263],[5.3393,43.5228],[5.3395,43.5194],[5.3332,43.5196],[5.3314,43.5183],[5.3251,43.5174],[5.3209,43.5179],[5.3197,43.5174],[5.3146,43.5179],[5.3127,43.5155],[5.3106,43.5147],[5.3072,43.5143],[5.3034,43.516],[5.3015,43.5187],[5.297,43.5181],[5.2948,43.5185],[5.2942,43.5196],[5.2929,43.5178],[5.2927,43.5134],[5.2894,43.5105],[5.2886,43.5091],[5.2846,43.509],[5.2825,43.5077],[5.2827,43.5058],[5.2812,43.5028],[5.2765,43.5014],[5.2769,43.5004],[5.2731,43.4995],[5.2718,43.4982],[5.2697,43.4986],[5.2696,43.4955],[5.2695,43.4937],[5.2704,43.4929],[5.2719,43.4876],[5.2717,43.4857],[5.259,43.4839],[5.258,43.4833],[5.2572,43.481],[5.2543,43.4782],[5.2491,43.4744],[5.2472,43.4753],[5.2434,43.4762],[5.2429,43.475],[5.2408,43.4746],[5.2396,43.4753],[5.2391,43.4773],[5.2338,43.478],[5.2327,43.4785],[5.2274,43.4788],[5.2264,43.4801],[5.2234,43.4791],[5.2248,43.4811],[5.2233,43.4831],[5.2198,43.4844],[5.2201,43.4862],[5.2187,43.488],[5.2156,43.4881],[5.2118,43.489],[5.2098,43.4902],[5.2086,43.4917],[5.2056,43.492],[5.2028,43.4912],[5.2006,43.4898],[5.1967,43.4884],[5.1926,43.4872],[5.1884,43.4847],[5.1871,43.4845],[5.1861,43.483],[5.1845,43.482],[5.1819,43.4789],[5.1741,43.4755],[5.1697,43.4727],[5.1679,43.4705],[5.1654,43.4718],[5.1635,43.4708],[5.1608,43.4684],[5.1595,43.465],[5.1538,43.46],[5.1554,43.4591],[5.155,43.4558],[5.1514,43.4554],[5.1487,43.4582],[5.1459,43.4581],[5.1428,43.4609],[5.1426,43.4636],[5.1416,43.4652],[5.1384,43.4678],[5.137,43.4698],[5.1334,43.4716],[5.1308,43.4755],[5.1304,43.4774],[5.1275,43.4799],[5.1256,43.4831],[5.1242,43.484],[5.1234,43.4868],[5.1223,43.4879],[5.1225,43.4894],[5.1202,43.4947],[5.1195,43.497],[5.1175,43.5003],[5.1156,43.5016],[5.1152,43.5036],[5.1136,43.5047],[5.113,43.5066],[5.1141,43.5097],[5.1134,43.511],[5.1171,43.512],[5.1181,43.5132],[5.1193,43.513],[5.1219,43.5158]]]}},{"type":"Feature","properties":{"nom":"CPTS du Canton Vert","statut":"","communes":["13002","13075"],"president":"Dr Félicia FERRERA","coordonnateur":"Sébastien GAIDE","contact":"Secretariat@cpts-canton-vert.fr","site":""},"geometry":{"type":"Polygon","coordinates":[[[5.5179,43.3213],[5.5159,43.3211],[5.5136,43.3219],[5.5124,43.3202],[5.5069,43.3179],[5.5019,43.3176],[5.5,43.3151],[5.4974,43.3154],[5.4951,43.315],[5.4877,43.3155],[5.4833,43.3147],[5.4823,43.3138],[5.4751,43.3147],[5.4744,43.3159],[5.4717,43.3173],[5.4708,43.3199],[5.4672,43.3224],[5.4596,43.3306],[5.4582,43.3314],[5.455,43.3357],[5.4522,43.3369],[5.4502,43.3392],[5.4519,43.3451],[5.4532,43.3475],[5.4559,43.3504],[5.4566,43.3519],[5.4594,43.3547],[5.4618,43.3563],[5.4646,43.3601],[5.4635,43.361],[5.4636,43.3625],[5.4613,43.365],[5.461,43.3674],[5.4602,43.3681],[5.4593,43.3707],[5.4508,43.3822],[5.4491,43.3857],[5.4475,43.387],[5.4507,43.3879],[5.4534,43.388],[5.4558,43.3888],[5.4569,43.3899],[5.46,43.3883],[5.4636,43.3872],[5.4673,43.3925],[5.4688,43.3906],[5.4754,43.3914],[5.4771,43.3899],[5.4792,43.3873],[5.4798,43.3854],[5.4826,43.3844],[5.486,43.3844],[5.4943,43.3853],[5.5045,43.3881],[5.5077,43.3863],[5.5088,43.3849],[5.5131,43.3824],[5.5146,43.3837],[5.5147,43.3855],[5.5169,43.3865],[5.5193,43.3866],[5.5233,43.3874],[5.5303,43.3874],[5.5433,43.3903],[5.5447,43.3908],[5.548,43.3885],[5.5511,43.3868],[5.5541,43.3858],[5.5541,43.3842],[5.5574,43.3806],[5.5583,43.3772],[5.5601,43.3729],[5.562,43.3639],[5.5639,43.3601],[5.5632,43.3584],[5.5657,43.3567],[5.5631,43.3546],[5.5594,43.3533],[5.558,43.3517],[5.5581,43.346],[5.5557,43.3452],[5.5522,43.346],[5.5483,43.3445],[5.546,43.3448],[5.548,43.3409],[5.5485,43.3358],[5.546,43.3354],[5.5406,43.333],[5.54,43.3318],[5.5364,43.3303],[5.5349,43.3288],[5.53,43.3253],[5.527,43.3227],[5.5248,43.3213],[5.5228,43.3208],[5.5179,43.3213]]]}},{"type":"Feature","properties":{"nom":"CPTS du Férion","statut":"","communes":["06034","06055","06075","06109","06117","06126"],"president":"Dr Grégory PATTYN","coordonnateur":"Manon BONUCCI","contact":"cptsduferion@outlook.fr","site":""},"geometry":{"type":"Polygon","coordinates":[[[7.2539,43.8076],[7.2532,43.8064],[7.2537,43.8041],[7.2527,43.8019],[7.2535,43.8006],[7.2505,43.8016],[7.2495,43.801],[7.2472,43.801],[7.2439,43.8022],[7.2426,43.8033],[7.241,43.8013],[7.242,43.7997],[7.2407,43.7986],[7.2416,43.7957],[7.2416,43.7928],[7.2388,43.7892],[7.2374,43.7888],[7.2352,43.7873],[7.2343,43.786],[7.2313,43.7835],[7.2304,43.7821],[7.228,43.7798],[7.228,43.778],[7.2269,43.7758],[7.2239,43.7734],[7.2223,43.7717],[7.2187,43.7712],[7.2156,43.7713],[7.212,43.7725],[7.2148,43.7761],[7.2161,43.7806],[7.2161,43.7825],[7.2143,43.7877],[7.2111,43.7911],[7.2059,43.7956],[7.2008,43.8],[7.1946,43.8052],[7.1892,43.8102],[7.1862,43.8137],[7.185,43.8224],[7.1876,43.8239],[7.1911,43.8335],[7.1918,43.8364],[7.1948,43.8442],[7.196,43.8468],[7.1958,43.8494],[7.1972,43.8522],[7.1971,43.8541],[7.1953,43.8562],[7.1951,43.8577],[7.1969,43.8601],[7.1989,43.8599],[7.2018,43.8613],[7.2063,43.8607],[7.2097,43.8608],[7.2127,43.8626],[7.2126,43.8645],[7.2137,43.8673],[7.2169,43.8717],[7.2213,43.8746],[7.2271,43.8767],[7.2307,43.8785],[7.2361,43.8787],[7.2386,43.8806],[7.2412,43.8818],[7.2443,43.8824],[7.2464,43.8848],[7.2463,43.8861],[7.2485,43.8883],[7.2543,43.8925],[7.2532,43.8948],[7.2524,43.8981],[7.2542,43.9025],[7.2565,43.9036],[7.2616,43.9029],[7.2641,43.9035],[7.2681,43.9059],[7.2713,43.9051],[7.2737,43.9049],[7.2772,43.9063],[7.2816,43.905],[7.2846,43.9066],[7.2842,43.9083],[7.2868,43.9106],[7.2913,43.9097],[7.2933,43.9136],[7.2924,43.9151],[7.2943,43.9157],[7.2938,43.9187],[7.2949,43.9195],[7.299,43.9207],[7.3011,43.9186],[7.3045,43.9179],[7.3068,43.9184],[7.3095,43.9185],[7.3129,43.9162],[7.3145,43.9158],[7.313,43.9134],[7.3099,43.9151],[7.3087,43.9149],[7.3079,43.9131],[7.3081,43.91],[7.307,43.9091],[7.3068,43.9053],[7.3078,43.9049],[7.3072,43.9026],[7.3076,43.9012],[7.3133,43.8974],[7.3148,43.8967],[7.3116,43.8965],[7.3082,43.8947],[7.3076,43.8932],[7.3092,43.8904],[7.3082,43.8891],[7.3091,43.8878],[7.308,43.8869],[7.3061,43.8871],[7.2987,43.8861],[7.2918,43.8869],[7.2875,43.8853],[7.2859,43.8827],[7.2849,43.8783],[7.2813,43.8763],[7.2782,43.8737],[7.2746,43.8726],[7.2727,43.8714],[7.2728,43.8697],[7.2722,43.8669],[7.2728,43.8635],[7.2726,43.8611],[7.2735,43.859],[7.2726,43.8584],[7.2723,43.8556],[7.273,43.8511],[7.2727,43.8475],[7.2722,43.8446],[7.2742,43.8407],[7.2741,43.8374],[7.2732,43.8338],[7.2744,43.8316],[7.2749,43.8286],[7.2765,43.8251],[7.2681,43.8233],[7.267,43.8222],[7.2647,43.8223],[7.2596,43.821],[7.2562,43.8199],[7.2556,43.818],[7.2536,43.8154],[7.2541,43.8137],[7.2533,43.8115],[7.2508,43.8092],[7.2508,43.8082],[7.2522,43.8086],[7.2539,43.8076]]]}},{"type":"Feature","properties":{"nom":"CPTS du Gapençais","statut":"","communes":["04058","04066","04150","04234","05011","05013","05017","05018","05022","05037","05040","05049","05050","05057","05059","05061","05068","05071","05074","05084","05092","05100","05113","05115","05121","05124","05127","05140","05162","05168","05170","05171","05176","05184"],"president":"Dr Simon FILIPPI","coordonnateur":"En attente de recrutement","contact":"contact@cptsgapencais.com","site":""},"geometry":{"type":"Polygon","coordinates":[[[5.941,44.3663],[5.9407,44.3693],[5.9414,44.3727],[5.9447,44.3781],[5.9464,44.3829],[5.9494,44.3868],[5.9521,44.3927],[5.9535,44.395],[5.9477,44.3983],[5.9443,44.4006],[5.9408,44.4038],[5.9394,44.4071],[5.9384,44.408],[5.9353,44.4089],[5.9325,44.4091],[5.9284,44.4106],[5.9266,44.4105],[5.9236,44.4084],[5.9206,44.4087],[5.9194,44.4096],[5.915,44.4093],[5.9143,44.4082],[5.9117,44.4066],[5.9104,44.4053],[5.9085,44.4053],[5.903,44.407],[5.8998,44.4087],[5.895,44.4103],[5.8922,44.4122],[5.8907,44.4123],[5.8841,44.4148],[5.88,44.4177],[5.8766,44.4188],[5.8749,44.4187],[5.8721,44.4217],[5.8707,44.4227],[5.8679,44.4233],[5.8641,44.4231],[5.8616,44.4241],[5.8598,44.424],[5.8555,44.4257],[5.8519,44.4263],[5.85,44.4259],[5.8457,44.4265],[5.8441,44.4287],[5.8459,44.4316],[5.8458,44.4346],[5.8473,44.438],[5.8531,44.4382],[5.8561,44.4411],[5.8595,44.4423],[5.8619,44.4457],[5.8634,44.4462],[5.8664,44.446],[5.8687,44.4468],[5.8751,44.4472],[5.8788,44.4495],[5.8782,44.4518],[5.8758,44.4524],[5.8744,44.4545],[5.8732,44.4579],[5.8731,44.4601],[5.8742,44.4606],[5.8765,44.4698],[5.8769,44.4725],[5.8759,44.4746],[5.8731,44.4756],[5.8709,44.4753],[5.8678,44.478],[5.866,44.481],[5.8665,44.4819],[5.8661,44.4861],[5.8674,44.4883],[5.8701,44.491],[5.8742,44.4885],[5.882,44.4872],[5.883,44.4868],[5.8892,44.4888],[5.8921,44.4883],[5.8941,44.4896],[5.8956,44.4916],[5.8986,44.4934],[5.9025,44.492],[5.9059,44.4899],[5.9114,44.4883],[5.912,44.4876],[5.9163,44.4886],[5.9169,44.4877],[5.9189,44.4821],[5.9235,44.4793],[5.9266,44.4787],[5.9282,44.4779],[5.9297,44.4775],[5.9322,44.4783],[5.9336,44.4822],[5.9344,44.4831],[5.9343,44.4859],[5.9371,44.4853],[5.9388,44.4865],[5.9391,44.4883],[5.9371,44.4907],[5.9389,44.4929],[5.941,44.4974],[5.9462,44.4979],[5.955,44.5006],[5.9584,44.5034],[5.9613,44.5078],[5.9614,44.5122],[5.9607,44.5166],[5.966,44.5188],[5.9748,44.5194],[5.9788,44.5205],[5.9814,44.522],[5.9824,44.5234],[5.985,44.5246],[5.986,44.5263],[5.9899,44.5282],[5.9908,44.5294],[5.9929,44.53],[5.996,44.5332],[5.9962,44.5346],[5.994,44.5383],[5.9942,44.5418],[5.9914,44.5442],[5.9971,44.5443],[6.0043,44.543],[6.0035,44.5457],[6.0045,44.5484],[6.0069,44.5485],[6.0073,44.55],[6.0098,44.5507],[6.0105,44.5495],[6.0129,44.5505],[6.014,44.5542],[6.0133,44.5573],[6.0138,44.5592],[6.0122,44.5608],[6.0119,44.5642],[6.0131,44.5671],[6.0153,44.5696],[6.0147,44.5733],[6.0169,44.5742],[6.0231,44.5737],[6.0242,44.5743],[6.0261,44.5778],[6.0297,44.5814],[6.0336,44.5819],[6.0372,44.5832],[6.0401,44.5847],[6.0416,44.5866],[6.0422,44.5893],[6.0454,44.5912],[6.0489,44.5964],[6.049,44.5989],[6.0502,44.6017],[6.0504,44.6041],[6.0476,44.6151],[6.0449,44.6154],[6.0395,44.6177],[6.0354,44.6231],[6.0322,44.6232],[6.0275,44.6228],[6.0235,44.625],[6.0184,44.6266],[6.0141,44.6262],[6.0111,44.6242],[6.0086,44.6235],[6.0006,44.6238],[6.0003,44.6253],[5.9977,44.6272],[5.9935,44.6281],[5.9867,44.6321],[5.9845,44.6336],[5.9839,44.637],[5.9821,44.6409],[5.983,44.6404],[5.9868,44.6401],[5.9892,44.6408],[5.9931,44.6425],[5.9892,44.6454],[5.9879,44.6493],[5.9877,44.6521],[5.9883,44.6544],[5.9903,44.6565],[5.9888,44.663],[5.9895,44.6636],[5.9957,44.6638],[5.9978,44.6645],[6.001,44.6638],[6.0037,44.6627],[6.0064,44.6608],[6.0091,44.6604],[6.0139,44.6586],[6.0174,44.6589],[6.0206,44.6609],[6.0215,44.6622],[6.0252,44.6644],[6.0267,44.6645],[6.0289,44.6638],[6.0333,44.6629],[6.0348,44.6625],[6.0373,44.6601],[6.0378,44.657],[6.0409,44.6525],[6.0445,44.651],[6.0458,44.6498],[6.0468,44.6456],[6.0482,44.6433],[6.0485,44.64],[6.0461,44.637],[6.0459,44.636],[6.0441,44.6347],[6.0438,44.6328],[6.0454,44.6326],[6.0475,44.6298],[6.0548,44.6262],[6.0563,44.6258],[6.0602,44.627],[6.0634,44.6252],[6.0673,44.6251],[6.0704,44.6265],[6.0732,44.6294],[6.0758,44.6295],[6.0793,44.6287],[6.0825,44.6289],[6.0866,44.6301],[6.0911,44.6333],[6.0916,44.6302],[6.0908,44.6265],[6.0901,44.6255],[6.0906,44.6213],[6.0927,44.6194],[6.0942,44.6171],[6.1006,44.6163],[6.1006,44.6153],[6.1023,44.6143],[6.1136,44.6141],[6.1164,44.6148],[6.117,44.6162],[6.1232,44.6172],[6.1264,44.616],[6.1278,44.6164],[6.134,44.6141],[6.1382,44.6127],[6.1396,44.6127],[6.1418,44.6132],[6.1561,44.6145],[6.1608,44.6112],[6.1675,44.6102],[6.1691,44.6091],[6.1684,44.6075],[6.1704,44.6069],[6.1705,44.6042],[6.1729,44.6029],[6.1725,44.6004],[6.1736,44.598],[6.1695,44.5971],[6.175,44.5946],[6.1752,44.5935],[6.1831,44.5918],[6.1882,44.5905],[6.1919,44.5901],[6.1979,44.5909],[6.2146,44.5926],[6.2295,44.5959],[6.2337,44.5974],[6.2416,44.5968],[6.2452,44.5984],[6.2474,44.5977],[6.2508,44.5975],[6.2536,44.5979],[6.256,44.5992],[6.2624,44.6007],[6.2635,44.6015],[6.2672,44.6032],[6.2757,44.6026],[6.2806,44.602],[6.2818,44.6026],[6.2884,44.6019],[6.2922,44.5991],[6.2936,44.5994],[6.2954,44.5985],[6.3,44.5982],[6.3022,44.5953],[6.3063,44.5924],[6.3074,44.5895],[6.31,44.5851],[6.3137,44.5847],[6.3185,44.5824],[6.32,44.5813],[6.3233,44.5805],[6.317,44.562],[6.317,44.5573],[6.3163,44.5533],[6.315,44.5515],[6.3133,44.5508],[6.312,44.5466],[6.3145,44.5457],[6.3163,44.5442],[6.3204,44.5419],[6.3213,44.5399],[6.3233,44.5374],[6.3229,44.5346],[6.3242,44.5308],[6.3272,44.5279],[6.3277,44.526],[6.3295,44.5251],[6.3311,44.5254],[6.3342,44.5237],[6.3329,44.5219],[6.3329,44.5204],[6.3353,44.5178],[6.3356,44.5152],[6.3348,44.5114],[6.3324,44.51],[6.3299,44.5084],[6.3211,44.5044],[6.3169,44.5017],[6.311,44.4965],[6.3078,44.4926],[6.3073,44.4915],[6.3066,44.4895],[6.3044,44.4864],[6.3002,44.4831],[6.2978,44.482],[6.2935,44.4809],[6.2909,44.4794],[6.286,44.4775],[6.2688,44.4716],[6.2675,44.4668],[6.2659,44.466],[6.2628,44.4655],[6.2504,44.4662],[6.248,44.4659],[6.2433,44.4642],[6.2403,44.4641],[6.2376,44.4646],[6.2349,44.4644],[6.2335,44.4637],[6.2328,44.4629],[6.2361,44.4614],[6.237,44.4594],[6.2373,44.4567],[6.2371,44.4533],[6.2387,44.4501],[6.2399,44.4495],[6.2403,44.4477],[6.2425,44.4479],[6.2441,44.4465],[6.2443,44.4454],[6.2472,44.4429],[6.2471,44.4408],[6.248,44.4395],[6.2482,44.4374],[6.2503,44.4345],[6.253,44.4341],[6.2524,44.4314],[6.2542,44.4302],[6.254,44.4289],[6.2555,44.4268],[6.2593,44.4234],[6.2601,44.4207],[6.2597,44.4196],[6.2614,44.4175],[6.261,44.4163],[6.2614,44.4135],[6.2625,44.4123],[6.2601,44.4106],[6.2585,44.4086],[6.2577,44.4043],[6.257,44.4031],[6.2543,44.4014],[6.2514,44.3978],[6.2514,44.3954],[6.2497,44.3947],[6.2475,44.3924],[6.2482,44.3891],[6.2433,44.3877],[6.242,44.3851],[6.2383,44.3846],[6.2372,44.384],[6.2337,44.3841],[6.2333,44.3834],[6.2272,44.3817],[6.2251,44.3843],[6.2248,44.3859],[6.2215,44.3873],[6.222,44.3886],[6.2201,44.3928],[6.2186,44.3937],[6.2173,44.397],[6.2152,44.3977],[6.2139,44.4006],[6.2123,44.4009],[6.2127,44.4023],[6.2097,44.4041],[6.2085,44.4059],[6.2064,44.4071],[6.2052,44.4092],[6.2036,44.4103],[6.2034,44.4126],[6.202,44.4142],[6.2,44.4145],[6.1979,44.4165],[6.1976,44.4176],[6.1955,44.419],[6.1941,44.4188],[6.1909,44.4205],[6.1897,44.4222],[6.187,44.4223],[6.1846,44.4233],[6.1838,44.4252],[6.183,44.4294],[6.1822,44.4301],[6.1822,44.4323],[6.1806,44.4323],[6.1804,44.434],[6.1782,44.434],[6.1747,44.4372],[6.175,44.4388],[6.1739,44.4396],[6.17,44.4376],[6.1691,44.4362],[6.1667,44.4351],[6.1623,44.4344],[6.1599,44.435],[6.1598,44.4372],[6.1586,44.4393],[6.1592,44.4403],[6.1562,44.4421],[6.1503,44.4415],[6.1488,44.4423],[6.1449,44.4432],[6.1432,44.4431],[6.142,44.441],[6.135,44.4389],[6.1331,44.4378],[6.1306,44.4377],[6.127,44.436],[6.1215,44.434],[6.1195,44.4341],[6.1178,44.4326],[6.1161,44.4321],[6.1138,44.4317],[6.1077,44.4289],[6.103,44.4287],[6.0995,44.4275],[6.0934,44.4277],[6.0922,44.4268],[6.0913,44.4246],[6.0886,44.4231],[6.0872,44.4205],[6.0857,44.4167],[6.0862,44.414],[6.0836,44.4102],[6.0827,44.4076],[6.0774,44.4058],[6.0755,44.4026],[6.0658,44.4019],[6.0633,44.4002],[6.0627,44.3983],[6.0586,44.3948],[6.058,44.3924],[6.057,44.3919],[6.0532,44.393],[6.0461,44.385],[6.0443,44.3841],[6.0377,44.3834],[6.0368,44.3786],[6.0338,44.3779],[6.0297,44.3775],[6.0263,44.3768],[6.0211,44.3794],[6.0174,44.3818],[6.0142,44.3817],[6.0126,44.3824],[6.0092,44.3819],[6.0035,44.3829],[6.0,44.3799],[5.9885,44.3777],[5.9825,44.3773],[5.9823,44.373],[5.9848,44.3697],[5.9825,44.3665],[5.9799,44.3667],[5.9773,44.3644],[5.974,44.3631],[5.9723,44.3631],[5.9713,44.3619],[5.9711,44.3571],[5.9699,44.3537],[5.9702,44.3517],[5.9688,44.3498],[5.9673,44.3486],[5.962,44.346],[5.9603,44.3441],[5.9581,44.3432],[5.9572,44.3437],[5.9525,44.3419],[5.952,44.3431],[5.9526,44.345],[5.9457,44.3453],[5.9434,44.346],[5.9381,44.3453],[5.9355,44.3443],[5.933,44.3459],[5.9307,44.3462],[5.9286,44.3473],[5.926,44.3496],[5.9274,44.3501],[5.9307,44.3524],[5.9374,44.3594],[5.9383,44.3623],[5.941,44.3663]]]}},{"type":"Feature","properties":{"nom":"CPTS du Golfe","statut":"","communes":["83036","83042","83048","83063","83065","83068","83079","83094","83101","83115","83119","83152"],"president":"Dr Xavier CRIGNON","coordonnateur":"Michael JOUD","contact":"cptsdugolfe@hotmail.com","site":"cptsdugolfe.com"},"geometry":{"type":"Polygon","coordinates":[[[6.4776,43.1561],[6.4744,43.1557],[6.4722,43.1541],[6.4682,43.1545],[6.4678,43.1561],[6.4642,43.1575],[6.4614,43.1571],[6.4558,43.1545],[6.4534,43.1553],[6.4482,43.1527],[6.448,43.1552],[6.4501,43.157],[6.4526,43.1635],[6.453,43.1705],[6.4521,43.172],[6.4459,43.1788],[6.4443,43.1812],[6.4443,43.1841],[6.4488,43.1891],[6.4496,43.1926],[6.4532,43.1939],[6.4541,43.1948],[6.453,43.1991],[6.4531,43.201],[6.4509,43.2027],[6.4516,43.2039],[6.4511,43.2076],[6.4492,43.2106],[6.444,43.2209],[6.4422,43.2274],[6.4425,43.2309],[6.4433,43.2324],[6.4489,43.2369],[6.4516,43.2484],[6.4459,43.2601],[6.4459,43.2698],[6.4406,43.2718],[6.4387,43.2713],[6.4321,43.2705],[6.43,43.2716],[6.4267,43.2691],[6.4268,43.2679],[6.4232,43.2684],[6.4227,43.2712],[6.4202,43.2702],[6.4162,43.27],[6.4141,43.2704],[6.4117,43.2701],[6.41,43.2693],[6.4087,43.2665],[6.4078,43.2661],[6.4048,43.2672],[6.4036,43.2642],[6.4011,43.2661],[6.4006,43.2675],[6.3987,43.2698],[6.3917,43.2698],[6.3917,43.2722],[6.3882,43.2748],[6.3878,43.2761],[6.3883,43.2782],[6.3885,43.2822],[6.3893,43.2838],[6.3869,43.2863],[6.388,43.2903],[6.3913,43.2913],[6.3925,43.2921],[6.3987,43.2949],[6.401,43.2978],[6.403,43.2993],[6.4052,43.299],[6.4091,43.2972],[6.4099,43.2983],[6.4149,43.2997],[6.4165,43.301],[6.4178,43.3029],[6.4207,43.3024],[6.4245,43.3022],[6.4268,43.3015],[6.4294,43.3023],[6.4346,43.3006],[6.4364,43.3004],[6.4364,43.3029],[6.4355,43.3044],[6.4372,43.3078],[6.4361,43.3121],[6.4352,43.3126],[6.4349,43.315],[6.4357,43.3162],[6.4332,43.3196],[6.4308,43.3221],[6.4273,43.3237],[6.4278,43.3268],[6.4261,43.3281],[6.4249,43.3299],[6.426,43.3334],[6.4251,43.3352],[6.4251,43.3376],[6.4258,43.341],[6.4295,43.3437],[6.4286,43.3454],[6.4303,43.3494],[6.4281,43.3505],[6.4275,43.3514],[6.4276,43.3548],[6.4288,43.3538],[6.4368,43.3565],[6.4425,43.3587],[6.4504,43.3626],[6.4723,43.3758],[6.4735,43.3773],[6.4783,43.3781],[6.4887,43.3772],[6.4955,43.3783],[6.5,43.3793],[6.5026,43.3804],[6.5055,43.3794],[6.5082,43.3793],[6.51,43.3786],[6.5126,43.3768],[6.5154,43.3757],[6.5183,43.3754],[6.5211,43.3734],[6.5211,43.3727],[6.5237,43.3718],[6.5278,43.3714],[6.5297,43.3721],[6.5355,43.3733],[6.5371,43.3755],[6.542,43.3748],[6.5423,43.3762],[6.5405,43.3787],[6.5407,43.3802],[6.5419,43.3818],[6.541,43.3841],[6.5429,43.385],[6.5436,43.3887],[6.5429,43.3901],[6.541,43.3911],[6.5425,43.3946],[6.5417,43.3961],[6.543,43.3972],[6.5467,43.3964],[6.5497,43.3948],[6.5531,43.3947],[6.5558,43.3938],[6.5603,43.3946],[6.5773,43.3987],[6.5811,43.4006],[6.5808,43.4022],[6.5786,43.4025],[6.5782,43.4043],[6.577,43.4054],[6.5759,43.4079],[6.5733,43.4118],[6.5863,43.4209],[6.5923,43.4162],[6.5965,43.4143],[6.5992,43.4141],[6.6036,43.4128],[6.6138,43.4076],[6.625,43.4053],[6.6261,43.4024],[6.6279,43.4008],[6.6318,43.3996],[6.6349,43.3959],[6.635,43.3947],[6.6392,43.3925],[6.6433,43.3862],[6.646,43.3851],[6.6476,43.3856],[6.6482,43.3829],[6.6504,43.382],[6.652,43.3794],[6.6508,43.3777],[6.6516,43.3762],[6.6538,43.3748],[6.653,43.3732],[6.653,43.3708],[6.6567,43.3685],[6.6581,43.3685],[6.6621,43.3673],[6.6635,43.3635],[6.6637,43.361],[6.6619,43.3581],[6.6601,43.3566],[6.6593,43.3546],[6.6607,43.3531],[6.6605,43.3499],[6.6599,43.3483],[6.6603,43.3441],[6.6627,43.3431],[6.6667,43.3432],[6.6696,43.3424],[6.6721,43.3435],[6.6781,43.3437],[6.6807,43.3434],[6.6822,43.341],[6.68,43.3403],[6.6775,43.3383],[6.6719,43.3358],[6.6711,43.3344],[6.6686,43.3322],[6.668,43.3289],[6.6682,43.3277],[6.6667,43.3257],[6.6654,43.3252],[6.665,43.3233],[6.6659,43.3182],[6.6703,43.3141],[6.6713,43.3126],[6.6681,43.3124],[6.6627,43.3135],[6.6616,43.3141],[6.6592,43.3139],[6.6557,43.3123],[6.6547,43.3114],[6.6505,43.3093],[6.6491,43.3079],[6.6449,43.306],[6.6421,43.3057],[6.6396,43.3063],[6.6389,43.3076],[6.635,43.3075],[6.6318,43.3047],[6.6293,43.3048],[6.6269,43.3031],[6.6254,43.2997],[6.6252,43.2969],[6.6207,43.2959],[6.6181,43.2946],[6.6147,43.2937],[6.6128,43.2917],[6.61,43.2911],[6.6082,43.2894],[6.6043,43.2874],[6.6017,43.2865],[6.6011,43.285],[6.5982,43.2842],[6.5952,43.2842],[6.5939,43.2834],[6.59,43.2824],[6.5852,43.2795],[6.5839,43.2773],[6.5847,43.2732],[6.5857,43.2722],[6.5855,43.2705],[6.5867,43.2692],[6.5865,43.2678],[6.5835,43.2683],[6.582,43.2675],[6.5853,43.2656],[6.5861,43.2639],[6.5882,43.2636],[6.5891,43.2644],[6.5935,43.2623],[6.5967,43.2628],[6.5976,43.2634],[6.6006,43.2633],[6.6033,43.2627],[6.607,43.2637],[6.6098,43.2636],[6.6123,43.2643],[6.6155,43.2638],[6.6207,43.2642],[6.6236,43.2653],[6.625,43.2673],[6.6272,43.2669],[6.6323,43.269],[6.6358,43.2722],[6.6375,43.2712],[6.6387,43.2718],[6.6378,43.2737],[6.6402,43.2744],[6.6411,43.2739],[6.6441,43.2741],[6.6462,43.2737],[6.6475,43.2724],[6.6478,43.2707],[6.6513,43.2701],[6.6536,43.2702],[6.6567,43.2675],[6.6609,43.2658],[6.6621,43.2649],[6.6652,43.2649],[6.668,43.2665],[6.6695,43.2685],[6.6692,43.2715],[6.6695,43.275],[6.6692,43.2761],[6.6711,43.2769],[6.6741,43.2774],[6.6758,43.2785],[6.6786,43.2785],[6.6824,43.2745],[6.685,43.273],[6.6891,43.2724],[6.6953,43.2668],[6.6976,43.2665],[6.6968,43.2634],[6.6956,43.2615],[6.6939,43.261],[6.6925,43.2592],[6.6916,43.2569],[6.6902,43.2553],[6.6911,43.2523],[6.6898,43.2517],[6.6848,43.2512],[6.6833,43.2503],[6.6818,43.2485],[6.6806,43.2485],[6.6766,43.2448],[6.6754,43.2446],[6.6703,43.2457],[6.6686,43.2456],[6.6655,43.2431],[6.6644,43.2413],[6.6636,43.238],[6.6624,43.2259],[6.6627,43.2176],[6.6643,43.2118],[6.6653,43.2107],[6.6685,43.2101],[6.6693,43.2093],[6.6678,43.2079],[6.6698,43.2059],[6.6751,43.2044],[6.6766,43.2037],[6.6784,43.2014],[6.6811,43.1998],[6.6769,43.1977],[6.677,43.1962],[6.6753,43.1953],[6.6742,43.1965],[6.6703,43.1966],[6.6698,43.1954],[6.6642,43.1946],[6.66,43.1962],[6.6588,43.1954],[6.6566,43.1951],[6.6549,43.1931],[6.6527,43.192],[6.6515,43.1903],[6.6499,43.1899],[6.6467,43.1876],[6.643,43.1871],[6.642,43.186],[6.6433,43.183],[6.6408,43.1819],[6.6403,43.1799],[6.6409,43.1752],[6.6397,43.1737],[6.64,43.1726],[6.644,43.1716],[6.6468,43.1692],[6.6466,43.1678],[6.6448,43.1676],[6.6434,43.1684],[6.6411,43.1712],[6.6389,43.1722],[6.6341,43.1723],[6.6308,43.1709],[6.6299,43.1695],[6.6275,43.1685],[6.6267,43.1666],[6.6222,43.1645],[6.6214,43.1624],[6.6225,43.161],[6.6209,43.1593],[6.6183,43.1594],[6.618,43.1618],[6.6142,43.1655],[6.6098,43.1664],[6.6103,43.1678],[6.6081,43.1704],[6.6086,43.1718],[6.607,43.1731],[6.6035,43.1734],[6.6027,43.1742],[6.6045,43.1755],[6.6029,43.1783],[6.6028,43.1803],[6.6017,43.1821],[6.5972,43.1843],[6.5907,43.1858],[6.5848,43.1859],[6.581,43.1866],[6.5778,43.1857],[6.575,43.1876],[6.5696,43.1868],[6.5673,43.1877],[6.5656,43.1873],[6.562,43.1891],[6.5523,43.1874],[6.5484,43.186],[6.5414,43.1823],[6.5369,43.1788],[6.5347,43.1759],[6.5341,43.1728],[6.535,43.1715],[6.54,43.1701],[6.5398,43.1687],[6.5351,43.166],[6.5366,43.1647],[6.5346,43.1633],[6.5298,43.1654],[6.5279,43.1644],[6.5246,43.166],[6.5207,43.1649],[6.5191,43.1638],[6.5186,43.162],[6.5152,43.1612],[6.5122,43.1588],[6.5096,43.1586],[6.5084,43.1551],[6.503,43.1559],[6.5012,43.1556],[6.5009,43.1541],[6.4984,43.1539],[6.4967,43.1531],[6.4966,43.1512],[6.4917,43.1511],[6.4906,43.153],[6.4868,43.152],[6.4793,43.1548],[6.4776,43.1561]]]}},{"type":"Feature","properties":{"nom":"CPTS du Grand Avignon","statut":"","communes":["84001","84007","84016","84034","84036","84043","84055","84081","84092","84119","84129","84141"],"president":"Sylvie MARçAL","coordonnateur":"Elodie LE COZANNET","contact":"mission@cpts-avignon.fr","site":"www.cpts-avignon.fr/"},"geometry":{"type":"Polygon","coordinates":[[[4.9082,43.8863],[4.9023,43.8879],[4.8864,43.8994],[4.8813,43.9016],[4.8531,43.9114],[4.8217,43.9128],[4.811,43.9143],[4.7945,43.9167],[4.7736,43.9196],[4.752,43.9226],[4.7391,43.9241],[4.7425,43.9278],[4.7445,43.9293],[4.75,43.9322],[4.759,43.9346],[4.7615,43.9349],[4.7688,43.9338],[4.7731,43.9357],[4.7744,43.9359],[4.779,43.9379],[4.7825,43.9414],[4.7862,43.9441],[4.789,43.9473],[4.792,43.9523],[4.7928,43.9538],[4.7972,43.9567],[4.808,43.96],[4.8116,43.9618],[4.814,43.964],[4.8151,43.9676],[4.8138,43.9707],[4.8112,43.9746],[4.8102,43.977],[4.8101,43.9796],[4.8113,43.9856],[4.8125,43.9877],[4.816,43.9888],[4.8196,43.9884],[4.83,43.9856],[4.832,43.9853],[4.8377,43.9852],[4.8421,43.9865],[4.8444,43.9894],[4.8449,43.9916],[4.8447,43.9938],[4.8456,43.9967],[4.8446,43.9988],[4.8444,44.0028],[4.8442,44.0054],[4.8433,44.0099],[4.8409,44.0129],[4.8377,44.0149],[4.8312,44.016],[4.8232,44.016],[4.8212,44.0165],[4.8184,44.0191],[4.8172,44.0259],[4.8174,44.0283],[4.8162,44.0321],[4.8134,44.0352],[4.8078,44.0398],[4.7989,44.0461],[4.7959,44.0479],[4.7988,44.049],[4.804,44.0504],[4.808,44.0504],[4.8105,44.0496],[4.8133,44.0478],[4.8163,44.0434],[4.818,44.0417],[4.8208,44.0404],[4.828,44.0387],[4.83,44.0378],[4.8327,44.0352],[4.8359,44.0341],[4.8375,44.0327],[4.8472,44.0356],[4.8544,44.0369],[4.8601,44.0366],[4.8624,44.036],[4.8654,44.0427],[4.8641,44.0461],[4.8647,44.052],[4.864,44.0546],[4.8654,44.057],[4.8734,44.0585],[4.888,44.0595],[4.8938,44.0607],[4.8979,44.0622],[4.9002,44.0665],[4.9004,44.0697],[4.9059,44.073],[4.9086,44.073],[4.9157,44.0715],[4.9206,44.0718],[4.9248,44.0725],[4.9287,44.072],[4.9335,44.0719],[4.9344,44.0737],[4.9331,44.0759],[4.9353,44.0765],[4.9363,44.0746],[4.9376,44.0736],[4.9389,44.0707],[4.9387,44.0692],[4.9401,44.0677],[4.94,44.0642],[4.9413,44.0592],[4.9424,44.054],[4.9437,44.0474],[4.9422,44.0458],[4.938,44.0448],[4.9368,44.0305],[4.9365,44.0245],[4.9397,44.0254],[4.9432,44.0235],[4.9467,44.0227],[4.9473,44.0218],[4.9538,44.0189],[4.9588,44.015],[4.9613,44.0135],[4.9626,44.0117],[4.9649,44.0102],[4.9669,44.0097],[4.9697,44.0077],[4.9732,44.0058],[4.9734,44.0048],[4.9787,43.9997],[4.9803,43.9986],[4.981,43.9963],[4.9749,43.9911],[4.9637,43.9859],[4.9626,43.9856],[4.9612,43.985],[4.9538,43.9777],[4.9509,43.9746],[4.9589,43.9722],[4.9605,43.9722],[4.9674,43.9702],[4.9702,43.9701],[4.9704,43.9693],[4.9762,43.9679],[4.9665,43.9659],[4.96,43.9643],[4.9531,43.9628],[4.9511,43.9626],[4.9515,43.9614],[4.9532,43.9608],[4.9554,43.9587],[4.956,43.9567],[4.9589,43.9544],[4.9604,43.951],[4.9596,43.9505],[4.9596,43.9484],[4.9599,43.9462],[4.9579,43.9389],[4.9585,43.9373],[4.9602,43.9364],[4.9625,43.9362],[4.9627,43.934],[4.9635,43.9318],[4.9657,43.9306],[4.9668,43.9254],[4.9667,43.9212],[4.966,43.918],[4.9664,43.9129],[4.9677,43.9115],[4.9686,43.9114],[4.9715,43.909],[4.9728,43.907],[4.9737,43.907],[4.9774,43.9043],[4.98,43.9009],[4.9838,43.8968],[4.9853,43.8968],[4.9916,43.895],[4.9919,43.8938],[4.9951,43.8907],[4.9844,43.8891],[4.9842,43.8872],[4.9829,43.8844],[4.9741,43.8839],[4.9738,43.8826],[4.9813,43.8691],[4.9863,43.8602],[4.9915,43.8507],[4.9872,43.8548],[4.979,43.8632],[4.9755,43.8664],[4.9663,43.8717],[4.9458,43.8781],[4.9381,43.8813],[4.9359,43.882],[4.9305,43.8844],[4.9259,43.8865],[4.922,43.8868],[4.9082,43.8863]]]}},{"type":"Feature","properties":{"nom":"CPTS du Littoral 06","statut":"","communes":["06027","06044","06123","06128","06161"],"president":"Myrtil BORDELET","coordonnateur":"Antonin TAFANI","contact":"cptslittoral06@gmail.com","site":""},"geometry":{"type":"Polygon","coordinates":[[[7.0525,43.6463],[7.0545,43.6473],[7.0586,43.6479],[7.0621,43.6471],[7.0639,43.6462],[7.0663,43.6482],[7.0682,43.6478],[7.0715,43.6482],[7.0747,43.6513],[7.076,43.654],[7.0763,43.6561],[7.076,43.6585],[7.0765,43.6614],[7.0804,43.6668],[7.0827,43.6679],[7.0866,43.6687],[7.0868,43.6707],[7.0857,43.6725],[7.0862,43.6749],[7.0887,43.6752],[7.0911,43.6763],[7.0934,43.6754],[7.0951,43.6754],[7.0922,43.677],[7.0901,43.6789],[7.0888,43.6808],[7.0872,43.6815],[7.0848,43.6817],[7.084,43.6801],[7.0823,43.6793],[7.0811,43.6803],[7.0791,43.6805],[7.0772,43.6821],[7.0752,43.683],[7.0744,43.6848],[7.0716,43.6865],[7.0727,43.6889],[7.0755,43.6911],[7.0768,43.6926],[7.0759,43.6947],[7.0763,43.696],[7.0753,43.6987],[7.0755,43.7],[7.0784,43.7027],[7.0796,43.7053],[7.0812,43.7039],[7.0855,43.7033],[7.0885,43.7019],[7.0938,43.7033],[7.0957,43.7047],[7.0969,43.7059],[7.1003,43.706],[7.1042,43.7081],[7.105,43.7082],[7.1097,43.7108],[7.1106,43.7119],[7.1156,43.7122],[7.1175,43.7114],[7.12,43.7122],[7.1214,43.711],[7.1227,43.7086],[7.1278,43.7064],[7.1302,43.7041],[7.1313,43.701],[7.1326,43.6995],[7.1326,43.6975],[7.1342,43.6948],[7.1376,43.6938],[7.1396,43.6926],[7.1432,43.6916],[7.143,43.6928],[7.1416,43.6937],[7.1407,43.6958],[7.1409,43.6974],[7.1397,43.6984],[7.1419,43.7001],[7.1441,43.6998],[7.1505,43.6996],[7.1519,43.6976],[7.1551,43.6944],[7.1583,43.6932],[7.164,43.693],[7.1639,43.6948],[7.1665,43.6952],[7.1655,43.6977],[7.1682,43.6977],[7.1682,43.7012],[7.1669,43.7049],[7.1668,43.7079],[7.1697,43.7108],[7.1702,43.7133],[7.1689,43.7152],[7.1703,43.7167],[7.1731,43.7178],[7.1762,43.7177],[7.1844,43.7187],[7.1853,43.7123],[7.1871,43.6947],[7.1884,43.6889],[7.1897,43.685],[7.1921,43.679],[7.1967,43.6689],[7.1999,43.661],[7.2004,43.6587],[7.2,43.6557],[7.1993,43.6548],[7.1987,43.656],[7.1945,43.6579],[7.1866,43.6574],[7.1796,43.6558],[7.1782,43.6561],[7.1757,43.6556],[7.1716,43.656],[7.171,43.6571],[7.1677,43.6574],[7.161,43.6552],[7.157,43.6535],[7.1511,43.6493],[7.1468,43.6452],[7.1457,43.6433],[7.1455,43.6418],[7.1442,43.6416],[7.1427,43.6399],[7.1403,43.6362],[7.1402,43.635],[7.1373,43.6363],[7.137,43.6346],[7.1394,43.6334],[7.137,43.6321],[7.1351,43.6287],[7.1301,43.6178],[7.1258,43.6194],[7.1213,43.6202],[7.118,43.6225],[7.1118,43.6281],[7.1123,43.6326],[7.112,43.6339],[7.1065,43.6386],[7.105,43.642],[7.1018,43.6439],[7.101,43.6449],[7.0979,43.6469],[7.0947,43.6461],[7.0911,43.6457],[7.0897,43.6461],[7.084,43.6426],[7.0827,43.6432],[7.0799,43.6422],[7.0765,43.6415],[7.0675,43.641],[7.0615,43.6417],[7.0523,43.6412],[7.0516,43.6444],[7.0525,43.6463]]]}},{"type":"Feature","properties":{"nom":"CPTS du Pays Salonnais","statut":"","communes":["13008","13009","13029","13044","13050","13051","13069","13091","13103"],"president":"Dr Simon CHABAS","coordonnateur":"Coralie SCHILLINGER /\nMathilde VIGNAL","contact":"cpts.asso.pays.salonais@gmail.com","site":"cpts-pays-salonais.fr"},"geometry":{"type":"Polygon","coordinates":[[[5.1129,43.5435],[5.1119,43.5443],[5.1104,43.5473],[5.1099,43.5496],[5.1076,43.5551],[5.1035,43.5543],[5.1026,43.557],[5.0993,43.5591],[5.0948,43.5653],[5.09,43.5698],[5.0846,43.5651],[5.0857,43.5686],[5.0839,43.5685],[5.0828,43.5694],[5.0813,43.5689],[5.0815,43.5675],[5.0797,43.5672],[5.0797,43.5638],[5.0774,43.5593],[5.0748,43.5588],[5.0716,43.5576],[5.0678,43.557],[5.0655,43.5574],[5.0649,43.5558],[5.0626,43.5585],[5.0626,43.5599],[5.0606,43.5632],[5.0597,43.564],[5.0584,43.5698],[5.0567,43.5732],[5.053,43.5752],[5.0502,43.5754],[5.0501,43.5768],[5.0467,43.5792],[5.048,43.5819],[5.0474,43.5836],[5.0473,43.5878],[5.0453,43.5891],[5.0449,43.5906],[5.0437,43.5923],[5.0389,43.5919],[5.0347,43.5951],[5.0301,43.5981],[5.026,43.5997],[5.0253,43.6011],[5.0178,43.605],[5.0113,43.6065],[5.0081,43.605],[4.9998,43.6107],[4.9886,43.618],[4.9815,43.6224],[4.9684,43.6297],[4.9541,43.639],[4.9552,43.6408],[4.9617,43.6494],[4.9688,43.6583],[4.9703,43.6577],[4.9981,43.648],[4.9993,43.648],[5.016,43.6544],[5.0266,43.6587],[5.0355,43.6634],[5.0379,43.6649],[5.0447,43.6683],[5.0579,43.6739],[5.069,43.6806],[5.0728,43.6838],[5.0741,43.6844],[5.0809,43.6853],[5.091,43.6851],[5.1003,43.6843],[5.1068,43.6836],[5.1094,43.684],[5.1126,43.6877],[5.1134,43.6878],[5.1158,43.6851],[5.1182,43.6878],[5.126,43.6906],[5.1325,43.6918],[5.1375,43.6938],[5.1425,43.6924],[5.1479,43.6902],[5.1501,43.6902],[5.1497,43.6889],[5.1515,43.6862],[5.1503,43.684],[5.1509,43.6806],[5.1544,43.6772],[5.1644,43.6744],[5.1665,43.6731],[5.172,43.6722],[5.1758,43.6713],[5.1778,43.6694],[5.1813,43.6645],[5.1813,43.6617],[5.1824,43.6613],[5.1857,43.6621],[5.1881,43.6616],[5.1923,43.6619],[5.1948,43.667],[5.1981,43.6673],[5.1964,43.6701],[5.1993,43.6705],[5.2009,43.672],[5.2051,43.6731],[5.206,43.6752],[5.2075,43.6757],[5.2108,43.6755],[5.2148,43.677],[5.2195,43.677],[5.2228,43.679],[5.2244,43.6822],[5.2238,43.6838],[5.2211,43.6844],[5.2129,43.6897],[5.2119,43.691],[5.2145,43.6931],[5.2225,43.699],[5.2256,43.7016],[5.2287,43.703],[5.23,43.7035],[5.2324,43.7026],[5.2343,43.7004],[5.234,43.6986],[5.2346,43.6971],[5.2382,43.6937],[5.2419,43.6941],[5.2474,43.6957],[5.2504,43.695],[5.2515,43.697],[5.2502,43.6983],[5.2508,43.7],[5.2538,43.7006],[5.2547,43.7014],[5.2545,43.7032],[5.2562,43.703],[5.2558,43.7057],[5.2567,43.7063],[5.2592,43.7095],[5.2593,43.7108],[5.2648,43.7146],[5.2661,43.7169],[5.2689,43.7198],[5.2692,43.7187],[5.2716,43.7162],[5.2733,43.7129],[5.2735,43.7105],[5.2762,43.7055],[5.2754,43.7021],[5.2752,43.6971],[5.2765,43.6959],[5.28,43.6942],[5.2815,43.6943],[5.2844,43.6933],[5.2873,43.6909],[5.2883,43.6894],[5.2915,43.6891],[5.2954,43.6906],[5.298,43.6905],[5.3023,43.6874],[5.3028,43.6859],[5.3015,43.6855],[5.3028,43.6833],[5.3025,43.681],[5.3043,43.6785],[5.3033,43.6755],[5.3034,43.6722],[5.3076,43.6574],[5.3076,43.6549],[5.3089,43.6524],[5.3111,43.652],[5.3105,43.6508],[5.3109,43.6491],[5.3133,43.6462],[5.3161,43.6464],[5.3166,43.6412],[5.3175,43.6381],[5.3197,43.6378],[5.3239,43.6349],[5.3267,43.6338],[5.3319,43.6334],[5.3343,43.6314],[5.3376,43.6309],[5.3407,43.6296],[5.3463,43.6278],[5.3494,43.6266],[5.3607,43.6243],[5.3653,43.6249],[5.3675,43.6201],[5.3657,43.6174],[5.3586,43.6054],[5.3563,43.6026],[5.3515,43.6001],[5.3477,43.6009],[5.3412,43.5983],[5.3345,43.5928],[5.3315,43.5932],[5.3287,43.5946],[5.3268,43.5961],[5.323,43.5971],[5.3214,43.5954],[5.3218,43.5943],[5.319,43.5943],[5.3154,43.5925],[5.3129,43.5908],[5.3006,43.5915],[5.2869,43.5896],[5.2833,43.589],[5.2658,43.5906],[5.2542,43.5921],[5.2535,43.5904],[5.2512,43.5874],[5.2515,43.5865],[5.2538,43.5851],[5.2557,43.5828],[5.2558,43.5814],[5.2514,43.58],[5.2505,43.5787],[5.2512,43.5751],[5.2439,43.5742],[5.2316,43.5699],[5.2262,43.5665],[5.223,43.5672],[5.2209,43.5686],[5.2187,43.569],[5.2142,43.5718],[5.2134,43.5727],[5.2063,43.5744],[5.2038,43.5722],[5.2032,43.5701],[5.1938,43.571],[5.1893,43.5697],[5.1854,43.5693],[5.181,43.5664],[5.1769,43.5622],[5.1771,43.5478],[5.1768,43.5398],[5.1655,43.5403],[5.1572,43.5374],[5.1552,43.5343],[5.1457,43.5307],[5.1424,43.5281],[5.1383,43.5256],[5.1341,43.5243],[5.132,43.5275],[5.13,43.5274],[5.125,43.5245],[5.1217,43.5229],[5.1175,43.5338],[5.115,43.5378],[5.1129,43.5435]]]}},{"type":"Feature","properties":{"nom":"CPTS du Pays d'Apt","statut":"","communes":["84003","84006","84020","84023","84032","84033","84047","84048","84057","84058","84060","84066","84085","84102","84103","84105","84107","84112","84118","84128","84144","84145"],"president":"Dr Pierre-Philippe DELOY","coordonnateur":"Mireille Daydé-Koullen","contact":"cptspaysapt@protonmail.com","site":""},"geometry":{"type":"Polygon","coordinates":[[[5.4413,43.8153],[5.4405,43.8133],[5.4386,43.8113],[5.4364,43.8115],[5.4333,43.8096],[5.4312,43.8104],[5.4284,43.8104],[5.4272,43.8119],[5.4248,43.8123],[5.4218,43.8136],[5.4189,43.8135],[5.4141,43.8121],[5.4129,43.8121],[5.4108,43.8103],[5.4079,43.8107],[5.406,43.8104],[5.4056,43.8086],[5.4021,43.8074],[5.3995,43.8075],[5.3944,43.8062],[5.3901,43.8023],[5.3871,43.8025],[5.3857,43.8035],[5.3814,43.805],[5.3787,43.8051],[5.3767,43.8059],[5.3746,43.8059],[5.3735,43.8029],[5.3711,43.8022],[5.3706,43.8004],[5.3642,43.7989],[5.3629,43.7975],[5.3605,43.7961],[5.3586,43.7957],[5.3557,43.794],[5.3549,43.7927],[5.3534,43.7923],[5.3506,43.7936],[5.3477,43.7936],[5.345,43.7945],[5.3439,43.7941],[5.3412,43.7921],[5.3377,43.7912],[5.3328,43.7874],[5.3316,43.7851],[5.3279,43.784],[5.3251,43.7839],[5.322,43.783],[5.3217,43.7838],[5.3185,43.7864],[5.3157,43.7858],[5.3106,43.7873],[5.31,43.7871],[5.3034,43.7882],[5.3005,43.7891],[5.2979,43.7888],[5.2965,43.7899],[5.2922,43.7906],[5.2836,43.7913],[5.2704,43.7931],[5.2693,43.7933],[5.2614,43.7968],[5.2569,43.7991],[5.2565,43.8005],[5.2555,43.81],[5.2559,43.8173],[5.2571,43.8209],[5.2544,43.8245],[5.2515,43.8263],[5.2495,43.8285],[5.2468,43.8349],[5.2453,43.8379],[5.2449,43.8396],[5.2475,43.8387],[5.2513,43.8389],[5.2547,43.8402],[5.2558,43.8401],[5.2576,43.8423],[5.2606,43.8426],[5.2652,43.8449],[5.2664,43.8469],[5.2666,43.8485],[5.2663,43.8534],[5.2676,43.8539],[5.2806,43.8566],[5.2806,43.8599],[5.287,43.8595],[5.2893,43.8608],[5.2908,43.8609],[5.2906,43.8636],[5.2889,43.865],[5.2881,43.8693],[5.2866,43.8698],[5.2863,43.8716],[5.2844,43.8727],[5.28,43.8731],[5.2784,43.8747],[5.2771,43.8746],[5.2749,43.8759],[5.2743,43.877],[5.2742,43.8805],[5.2732,43.881],[5.2693,43.8844],[5.2665,43.8854],[5.2632,43.8895],[5.2598,43.8917],[5.2558,43.8923],[5.252,43.896],[5.2503,43.8963],[5.2457,43.8961],[5.2459,43.8979],[5.2471,43.9001],[5.2481,43.9008],[5.2489,43.9028],[5.2491,43.9045],[5.2476,43.9086],[5.2423,43.9162],[5.2405,43.9191],[5.2395,43.9238],[5.232,43.9317],[5.23,43.9331],[5.2251,43.9331],[5.2241,43.9343],[5.2203,43.9361],[5.2177,43.9376],[5.2158,43.9382],[5.214,43.9406],[5.2099,43.9438],[5.2092,43.9452],[5.207,43.9471],[5.2033,43.9488],[5.2021,43.9508],[5.1994,43.9512],[5.1959,43.9503],[5.1951,43.9531],[5.1968,43.9575],[5.2002,43.9624],[5.2034,43.9642],[5.2047,43.9659],[5.2071,43.9677],[5.2076,43.9689],[5.2074,43.9722],[5.2089,43.9745],[5.2102,43.9751],[5.2117,43.9795],[5.2149,43.9794],[5.216,43.9804],[5.2194,43.9806],[5.2203,43.9815],[5.2235,43.9829],[5.2262,43.9847],[5.2281,43.9845],[5.2368,43.9851],[5.2392,43.9848],[5.241,43.9861],[5.2432,43.9892],[5.2474,43.9904],[5.2489,43.9915],[5.2529,43.9928],[5.2595,43.9967],[5.2631,43.9967],[5.2677,43.996],[5.274,43.9949],[5.2784,43.9961],[5.2843,43.9963],[5.2863,43.9974],[5.2871,43.9982],[5.2918,44.0065],[5.3002,44.014],[5.3015,44.0144],[5.3056,44.018],[5.3082,44.0196],[5.3138,44.0223],[5.3147,44.0203],[5.323,44.0149],[5.3256,44.0146],[5.3311,44.0132],[5.3361,44.0129],[5.3428,44.0098],[5.3498,44.006],[5.3586,43.9998],[5.3593,43.9956],[5.3682,43.9958],[5.3719,43.9977],[5.3745,43.9996],[5.3801,44.0009],[5.385,44.0017],[5.3902,44.0047],[5.4031,44.0075],[5.4051,44.0076],[5.408,44.0084],[5.4183,44.013],[5.4244,44.0137],[5.4264,44.0136],[5.4316,44.0141],[5.4382,44.0156],[5.4394,44.0141],[5.4431,44.0169],[5.4475,44.022],[5.4484,44.0245],[5.4498,44.0258],[5.4534,44.0256],[5.4599,44.0276],[5.4665,44.0284],[5.4634,44.0315],[5.4622,44.0348],[5.4583,44.0365],[5.4585,44.0376],[5.4606,44.0397],[5.4626,44.0402],[5.4638,44.0412],[5.4646,44.0439],[5.4673,44.0488],[5.47,44.0508],[5.4707,44.0541],[5.4718,44.0566],[5.4722,44.0601],[5.472,44.0617],[5.4739,44.0638],[5.474,44.066],[5.4753,44.0699],[5.4777,44.0695],[5.4836,44.0676],[5.4927,44.0669],[5.5,44.0642],[5.5026,44.0634],[5.5092,44.0639],[5.5164,44.0632],[5.5219,44.0646],[5.5234,44.0646],[5.5319,44.0674],[5.5364,44.0685],[5.539,44.0682],[5.5446,44.0699],[5.545,44.0684],[5.5441,44.0658],[5.5423,44.0631],[5.5424,44.0609],[5.5436,44.0572],[5.5436,44.0556],[5.5445,44.0534],[5.5452,44.0499],[5.5441,44.0465],[5.5443,44.0453],[5.5441,44.0384],[5.5437,44.0366],[5.5445,44.0335],[5.5436,44.0316],[5.5436,44.026],[5.5416,44.0222],[5.5404,44.0212],[5.536,44.0136],[5.5359,44.013],[5.5317,44.0102],[5.5313,44.009],[5.5268,44.0063],[5.5264,44.0049],[5.5246,44.0021],[5.5244,43.9981],[5.5236,43.9961],[5.5194,43.9945],[5.5176,43.9917],[5.5181,43.9901],[5.5178,43.9877],[5.5153,43.9797],[5.5132,43.9734],[5.5122,43.9671],[5.5101,43.9634],[5.5077,43.9577],[5.5091,43.9551],[5.5092,43.9517],[5.5117,43.9485],[5.5127,43.9454],[5.5156,43.9447],[5.5209,43.9446],[5.5269,43.9475],[5.53,43.9457],[5.5335,43.9445],[5.545,43.9391],[5.5455,43.9395],[5.5532,43.9416],[5.5563,43.942],[5.5597,43.9429],[5.5646,43.9424],[5.5661,43.9417],[5.5676,43.9426],[5.5689,43.9423],[5.57,43.9404],[5.5681,43.9382],[5.5679,43.937],[5.573,43.932],[5.5765,43.9296],[5.5806,43.9255],[5.5815,43.923],[5.5809,43.9199],[5.5816,43.9151],[5.5904,43.9165],[5.5943,43.9168],[5.6005,43.9163],[5.6049,43.9155],[5.6066,43.9161],[5.6082,43.9148],[5.6071,43.9138],[5.6055,43.9107],[5.604,43.9089],[5.5999,43.9055],[5.5977,43.9029],[5.5976,43.8985],[5.5951,43.8943],[5.5931,43.8923],[5.5908,43.8909],[5.5912,43.8901],[5.59,43.888],[5.5903,43.8872],[5.5872,43.8856],[5.5868,43.8842],[5.5872,43.8817],[5.5857,43.8802],[5.5841,43.8803],[5.5834,43.8788],[5.5838,43.8768],[5.5816,43.8754],[5.578,43.8725],[5.5743,43.8676],[5.5732,43.8654],[5.5735,43.8634],[5.5712,43.8618],[5.5683,43.8623],[5.5669,43.8619],[5.5635,43.858],[5.5613,43.8575],[5.5566,43.855],[5.5551,43.8534],[5.5517,43.8514],[5.5486,43.8515],[5.5488,43.8439],[5.5485,43.8386],[5.5487,43.8326],[5.5468,43.8293],[5.5443,43.8184],[5.5448,43.8176],[5.5421,43.8176],[5.5372,43.8182],[5.533,43.8184],[5.5312,43.8188],[5.5281,43.8197],[5.5221,43.8199],[5.518,43.8205],[5.5174,43.8192],[5.5152,43.8195],[5.5119,43.8189],[5.5095,43.8195],[5.5038,43.8188],[5.5028,43.8184],[5.4965,43.818],[5.4937,43.8185],[5.4891,43.8182],[5.4847,43.8182],[5.4802,43.817],[5.4773,43.8155],[5.4672,43.8153],[5.4649,43.8146],[5.4622,43.8132],[5.4548,43.8117],[5.4525,43.8136],[5.4489,43.816],[5.4453,43.8176],[5.4413,43.8153]]]}},{"type":"Feature","properties":{"nom":"CPTS du Pays d'Arles","statut":"","communes":["13004","13006","13010","13011","13017","13018","13027","13034","13036","13038","13045","13052","13057","13058","13061","13064","13065","13066","13068","13076","13083","13089","13094","13096","13097","13100","13108","13116"],"president":"Dr Bernard GIRAL","coordonnateur":"Marie Lefranc","contact":"cptspaysdarles@gmail.com","site":""},"geometry":{"type":"Polygon","coordinates":[[[4.5906,43.4177],[4.5881,43.4227],[4.585,43.4271],[4.582,43.4306],[4.5772,43.4347],[4.5732,43.4374],[4.5621,43.4432],[4.5549,43.4462],[4.5473,43.4486],[4.5307,43.4526],[4.5275,43.4529],[4.5191,43.4544],[4.5136,43.4551],[4.5024,43.4559],[4.4905,43.4567],[4.4716,43.4569],[4.4653,43.4572],[4.4579,43.4569],[4.4504,43.4564],[4.4467,43.4558],[4.4452,43.4546],[4.4403,43.4548],[4.4356,43.4525],[4.4373,43.4511],[4.4339,43.4508],[4.4318,43.4499],[4.4281,43.4492],[4.4237,43.4489],[4.4226,43.4497],[4.421,43.448],[4.4174,43.4486],[4.4106,43.4486],[4.4046,43.4481],[4.4013,43.4468],[4.399,43.4473],[4.3939,43.4496],[4.3876,43.4514],[4.382,43.4523],[4.3747,43.4528],[4.3597,43.4533],[4.3537,43.4536],[4.3497,43.4541],[4.3408,43.4545],[4.3394,43.4548],[4.327,43.4555],[4.3167,43.4559],[4.3097,43.4567],[4.2995,43.4568],[4.297,43.4571],[4.2888,43.4572],[4.2862,43.4568],[4.2831,43.4573],[4.2781,43.4574],[4.2746,43.4579],[4.2613,43.4584],[4.2513,43.4589],[4.2356,43.46],[4.2303,43.4602],[4.2316,43.472],[4.2323,43.4744],[4.2306,43.4787],[4.2321,43.4818],[4.2359,43.4877],[4.2394,43.4938],[4.2379,43.4971],[4.2397,43.4992],[4.2442,43.5015],[4.2462,43.5019],[4.2541,43.505],[4.2586,43.5075],[4.2633,43.5082],[4.2714,43.5081],[4.2777,43.5096],[4.288,43.5134],[4.2958,43.5145],[4.2977,43.5153],[4.3023,43.5185],[4.3067,43.522],[4.3088,43.5245],[4.3109,43.5252],[4.3143,43.5246],[4.3166,43.5246],[4.3205,43.5255],[4.3247,43.5282],[4.3227,43.5304],[4.3183,43.5326],[4.3167,43.5341],[4.3137,43.5383],[4.3079,43.5452],[4.3081,43.548],[4.3114,43.5513],[4.3154,43.5511],[4.3171,43.5521],[4.3172,43.5535],[4.314,43.5556],[4.3185,43.5573],[4.3207,43.5563],[4.3229,43.5543],[4.3224,43.5519],[4.317,43.5486],[4.3157,43.5467],[4.3161,43.5449],[4.3179,43.5431],[4.3216,43.541],[4.3251,43.5394],[4.3306,43.5362],[4.3341,43.5354],[4.3383,43.537],[4.3443,43.5401],[4.3474,43.5422],[4.3492,43.5425],[4.3495,43.545],[4.3504,43.5468],[4.3537,43.5474],[4.3594,43.547],[4.3651,43.5472],[4.3687,43.548],[4.3729,43.5498],[4.3817,43.553],[4.3841,43.5548],[4.3859,43.557],[4.3869,43.5594],[4.3874,43.5622],[4.3899,43.5624],[4.3938,43.5613],[4.3976,43.5606],[4.4006,43.5596],[4.4038,43.5592],[4.4056,43.5595],[4.4093,43.5611],[4.4139,43.5646],[4.4158,43.5667],[4.4168,43.5692],[4.4166,43.5713],[4.4153,43.5725],[4.412,43.573],[4.4089,43.5727],[4.4063,43.572],[4.4042,43.572],[4.4029,43.573],[4.4044,43.5744],[4.4086,43.5767],[4.4144,43.5794],[4.42,43.5826],[4.4255,43.5852],[4.4285,43.5857],[4.4338,43.5853],[4.4433,43.5831],[4.447,43.583],[4.4489,43.5834],[4.4523,43.5842],[4.4555,43.5859],[4.4607,43.5893],[4.4629,43.5921],[4.4668,43.5991],[4.4693,43.6009],[4.4724,43.6025],[4.4741,43.6039],[4.4753,43.6065],[4.4752,43.6083],[4.4725,43.612],[4.4696,43.6141],[4.4668,43.6152],[4.4622,43.6149],[4.4545,43.6114],[4.4484,43.6103],[4.4439,43.61],[4.4398,43.6107],[4.4368,43.6123],[4.4317,43.6162],[4.427,43.6207],[4.4261,43.6223],[4.4262,43.6245],[4.4284,43.6277],[4.4318,43.6301],[4.4343,43.6335],[4.4382,43.6444],[4.4408,43.6491],[4.4447,43.6547],[4.447,43.6587],[4.4513,43.6641],[4.4542,43.6666],[4.458,43.668],[4.4646,43.6691],[4.4705,43.6697],[4.4755,43.6711],[4.4775,43.6725],[4.4784,43.6742],[4.4784,43.6769],[4.4764,43.6815],[4.4757,43.6845],[4.4777,43.6896],[4.4787,43.6913],[4.4813,43.6944],[4.4864,43.6989],[4.4912,43.7006],[4.4963,43.7017],[4.5037,43.7023],[4.516,43.7023],[4.5244,43.7021],[4.527,43.7026],[4.5317,43.706],[4.533,43.7067],[4.5369,43.7075],[4.5399,43.7073],[4.5453,43.7055],[4.5477,43.7039],[4.5528,43.7013],[4.5581,43.6995],[4.5634,43.6986],[4.5763,43.698],[4.5789,43.6975],[4.5819,43.6964],[4.5846,43.6941],[4.5868,43.6915],[4.5892,43.6897],[4.593,43.6875],[4.5973,43.6865],[4.6019,43.6859],[4.6058,43.6861],[4.6131,43.6882],[4.6169,43.6889],[4.6186,43.6886],[4.6224,43.6873],[4.6251,43.6854],[4.6274,43.6854],[4.628,43.6885],[4.6277,43.6905],[4.6254,43.6957],[4.6232,43.6992],[4.616,43.7069],[4.6147,43.7094],[4.613,43.7143],[4.6123,43.7187],[4.6123,43.7248],[4.6136,43.7298],[4.6165,43.7343],[4.6227,43.7432],[4.6257,43.7491],[4.6281,43.7577],[4.6295,43.7619],[4.6324,43.7644],[4.6328,43.7654],[4.6393,43.7714],[4.6398,43.7724],[4.6428,43.7739],[4.6434,43.7749],[4.6485,43.7792],[4.6512,43.7823],[4.6519,43.7841],[4.6523,43.788],[4.6529,43.7892],[4.6534,43.7962],[4.6545,43.7984],[4.6548,43.8032],[4.6545,43.805],[4.6551,43.8076],[4.6536,43.8115],[4.6523,43.8168],[4.6516,43.8181],[4.6478,43.8223],[4.6466,43.8255],[4.6447,43.8255],[4.6428,43.8287],[4.6423,43.8305],[4.643,43.8321],[4.6436,43.8332],[4.646,43.8353],[4.651,43.8381],[4.6502,43.8391],[4.6532,43.8404],[4.6575,43.8411],[4.6631,43.8428],[4.6663,43.8448],[4.6667,43.8472],[4.6653,43.8509],[4.6625,43.8526],[4.6602,43.8532],[4.6566,43.8529],[4.6544,43.8522],[4.6518,43.8524],[4.648,43.8512],[4.6452,43.8499],[4.6415,43.8511],[4.643,43.8544],[4.6441,43.8547],[4.6475,43.8568],[4.6483,43.8588],[4.6472,43.8608],[4.6444,43.8619],[4.6429,43.8633],[4.6419,43.8675],[4.6436,43.8682],[4.6486,43.8692],[4.6505,43.8699],[4.6566,43.8748],[4.6592,43.8758],[4.6609,43.8758],[4.6624,43.8708],[4.6655,43.872],[4.6654,43.8751],[4.6702,43.8775],[4.6766,43.8795],[4.6829,43.8817],[4.6884,43.883],[4.6922,43.8842],[4.6956,43.8862],[4.6984,43.8887],[4.6993,43.8887],[4.7011,43.8916],[4.7045,43.8947],[4.7075,43.8956],[4.7093,43.898],[4.7065,43.8974],[4.6992,43.8966],[4.7007,43.8984],[4.7056,43.8998],[4.7135,43.9018],[4.7204,43.9043],[4.7234,43.9059],[4.728,43.9106],[4.7307,43.9131],[4.7355,43.9165],[4.7401,43.9197],[4.7402,43.9217],[4.7391,43.9241],[4.752,43.9226],[4.7736,43.9196],[4.7945,43.9167],[4.811,43.9143],[4.8217,43.9128],[4.8531,43.9114],[4.8813,43.9016],[4.8864,43.8994],[4.9023,43.8879],[4.9082,43.8863],[4.922,43.8868],[4.9259,43.8865],[4.9305,43.8844],[4.9359,43.882],[4.9381,43.8813],[4.9458,43.8781],[4.9663,43.8717],[4.9755,43.8664],[4.979,43.8632],[4.9872,43.8548],[4.9915,43.8507],[4.9961,43.8461],[4.9977,43.8449],[5.004,43.8407],[5.024,43.8302],[5.0295,43.8278],[5.0327,43.824],[5.0354,43.8201],[5.0291,43.8156],[5.0258,43.8105],[5.0237,43.8106],[5.0221,43.8083],[5.0186,43.8068],[5.0162,43.8045],[5.0144,43.8039],[5.0132,43.8024],[5.0115,43.8034],[5.0085,43.8043],[5.0056,43.8018],[5.0054,43.8005],[5.0036,43.8006],[4.9888,43.7959],[4.9682,43.791],[4.9816,43.78],[4.9873,43.7698],[4.9884,43.7666],[4.9903,43.7636],[4.9942,43.7569],[4.9962,43.7551],[4.9978,43.752],[4.9977,43.749],[4.9969,43.7483],[4.991,43.7464],[4.9773,43.7402],[4.9759,43.7382],[4.9755,43.7366],[4.9723,43.737],[4.9699,43.7377],[4.9668,43.7376],[4.9665,43.7352],[4.9637,43.7323],[4.9623,43.7316],[4.9601,43.7323],[4.9572,43.7325],[4.9571,43.7315],[4.9535,43.7283],[4.9535,43.7261],[4.9587,43.7213],[4.9647,43.7204],[4.9677,43.72],[4.9701,43.7192],[4.9778,43.7175],[4.9818,43.7173],[4.9792,43.7071],[4.9796,43.7006],[4.9817,43.6874],[4.9828,43.6839],[4.9827,43.681],[4.9812,43.6773],[4.9775,43.67],[4.9752,43.6668],[4.9688,43.6583],[4.9617,43.6494],[4.9552,43.6408],[4.9541,43.639],[4.9684,43.6297],[4.9815,43.6224],[4.9886,43.618],[4.9784,43.6163],[4.9768,43.6158],[4.9521,43.6124],[4.9517,43.6124],[4.9482,43.6187],[4.9448,43.6228],[4.9401,43.6203],[4.9208,43.6163],[4.9184,43.6151],[4.9106,43.6092],[4.9013,43.6033],[4.9006,43.6023],[4.8976,43.6003],[4.8922,43.596],[4.8903,43.5937],[4.8875,43.5919],[4.8849,43.588],[4.8827,43.5784],[4.8837,43.5744],[4.8875,43.5646],[4.8901,43.5594],[4.8897,43.5527],[4.8862,43.5472],[4.8802,43.5416],[4.8932,43.5337],[4.9168,43.5185],[4.9287,43.5107],[4.9156,43.5088],[4.8815,43.498],[4.8764,43.4945],[4.8739,43.4926],[4.8686,43.4824],[4.8621,43.4744],[4.8556,43.4674],[4.8537,43.4659],[4.8381,43.4626],[4.8247,43.473],[4.8228,43.4742],[4.8149,43.4683],[4.8118,43.4698],[4.808,43.4731],[4.8064,43.4759],[4.8061,43.4773],[4.8047,43.4784],[4.8027,43.4787],[4.7989,43.4775],[4.7968,43.4781],[4.7951,43.4771],[4.792,43.4744],[4.7852,43.4787],[4.7837,43.4793],[4.7797,43.4795],[4.7737,43.4776],[4.7696,43.4771],[4.764,43.4742],[4.7624,43.4722],[4.7569,43.4671],[4.7546,43.4637],[4.7523,43.4616],[4.7499,43.4617],[4.7495,43.4602],[4.7469,43.4545],[4.7431,43.4481],[4.7404,43.4445],[4.7379,43.4405],[4.7344,43.4342],[4.7337,43.431],[4.7344,43.4278],[4.7367,43.4261],[4.7402,43.4241],[4.7482,43.4166],[4.754,43.4087],[4.7634,43.4051],[4.7683,43.4025],[4.7773,43.3972],[4.7833,43.3929],[4.7902,43.3901],[4.798,43.3866],[4.8138,43.3769],[4.822,43.3721],[4.8266,43.3702],[4.8312,43.3687],[4.8333,43.3656],[4.8343,43.3609],[4.8349,43.3543],[4.8348,43.3505],[4.8341,43.347],[4.835,43.343],[4.8378,43.3376],[4.8416,43.3335],[4.8445,43.3323],[4.8412,43.3309],[4.8387,43.3291],[4.8355,43.3287],[4.8339,43.3291],[4.8326,43.3306],[4.8296,43.3321],[4.8232,43.336],[4.8137,43.3396],[4.802,43.3432],[4.795,43.345],[4.7834,43.3472],[4.7738,43.3485],[4.7653,43.3493],[4.7588,43.35],[4.7537,43.3503],[4.7379,43.3507],[4.7309,43.3507],[4.7177,43.3503],[4.7138,43.349],[4.7126,43.349],[4.7057,43.3478],[4.7022,43.3488],[4.6922,43.3482],[4.6869,43.3475],[4.6807,43.3458],[4.6767,43.346],[4.6711,43.3468],[4.6643,43.3468],[4.6591,43.3462],[4.653,43.3481],[4.6488,43.3488],[4.6449,43.3499],[4.6434,43.3494],[4.6424,43.3504],[4.6379,43.3502],[4.6381,43.351],[4.6272,43.3519],[4.6243,43.3525],[4.6131,43.3538],[4.596,43.357],[4.5858,43.3601],[4.5779,43.3634],[4.5726,43.366],[4.5675,43.369],[4.5628,43.3721],[4.5582,43.3769],[4.5562,43.38],[4.5556,43.3828],[4.5562,43.3854],[4.5574,43.3883],[4.5591,43.3893],[4.5627,43.3922],[4.5657,43.3934],[4.5674,43.3909],[4.5744,43.3939],[4.5803,43.3973],[4.5821,43.3975],[4.5877,43.4007],[4.591,43.4037],[4.5927,43.4062],[4.595,43.4064],[4.5926,43.4068],[4.593,43.4099],[4.5921,43.4132],[4.5906,43.4177]]]}},{"type":"Feature","properties":{"nom":"CPTS du Pays d'Azur","statut":"","communes":["06084","06085","06108"],"president":"Dr Laurent SACCOMANO","coordonnateur":"Aurélie MONTANELLA","contact":"cptsdazur@gmail.com","site":""},"geometry":{"type":"Polygon","coordinates":[[[6.9388,43.5724],[6.94,43.5743],[6.9382,43.576],[6.9362,43.5758],[6.9358,43.5779],[6.9333,43.5784],[6.9337,43.58],[6.9322,43.5806],[6.9297,43.583],[6.9342,43.5863],[6.9366,43.5886],[6.9379,43.591],[6.94,43.5933],[6.9442,43.5943],[6.9438,43.5966],[6.9432,43.5994],[6.9416,43.6003],[6.9345,43.6058],[6.9362,43.6128],[6.9355,43.6146],[6.9342,43.6155],[6.9333,43.616],[6.9327,43.6185],[6.935,43.6211],[6.9362,43.623],[6.9382,43.6247],[6.9419,43.6265],[6.945,43.6267],[6.9498,43.6263],[6.9565,43.6269],[6.9611,43.6255],[6.9637,43.6244],[6.966,43.6241],[6.9669,43.6257],[6.9659,43.6285],[6.9659,43.6312],[6.9669,43.6321],[6.9718,43.6323],[6.9738,43.6337],[6.9769,43.6348],[6.9768,43.6355],[6.9795,43.6385],[6.9801,43.64],[6.9831,43.6402],[6.9845,43.641],[6.9886,43.6411],[6.9898,43.6395],[6.9882,43.6355],[6.9924,43.6273],[6.9992,43.6245],[6.9977,43.6208],[6.9982,43.6194],[7.0026,43.618],[7.0029,43.6175],[7.0064,43.6168],[7.0192,43.6123],[7.0222,43.6132],[7.0366,43.6112],[7.0375,43.6117],[7.042,43.6094],[7.0501,43.6023],[7.0544,43.6011],[7.0545,43.6003],[7.0519,43.5982],[7.0505,43.5952],[7.0447,43.5945],[7.0441,43.5924],[7.044,43.59],[7.0426,43.5868],[7.0395,43.5847],[7.0392,43.5829],[7.0376,43.5812],[7.0317,43.5805],[7.0279,43.5814],[7.0266,43.5837],[7.0243,43.5847],[7.0232,43.5863],[7.0189,43.5883],[7.0154,43.5843],[7.0157,43.5794],[7.013,43.581],[7.01,43.5817],[7.009,43.5807],[7.0068,43.5804],[7.0027,43.5792],[6.9986,43.5799],[6.9935,43.579],[6.9921,43.5771],[6.9901,43.5755],[6.984,43.5742],[6.9831,43.5734],[6.9801,43.573],[6.9782,43.5734],[6.9764,43.5719],[6.9733,43.5701],[6.972,43.5681],[6.97,43.5679],[6.9681,43.5704],[6.9642,43.5737],[6.9632,43.5737],[6.9562,43.5746],[6.9446,43.5711],[6.9417,43.5708],[6.9388,43.5724]]]}},{"type":"Feature","properties":{"nom":"CPTS du Pays de Lérins","statut":"","communes":["06029","06030"],"president":"Dr Renaud FERRIER","coordonnateur":"Cyril EININGER","contact":"cptspaysdelerins@gmail.com","site":""},"geometry":{"type":"MultiPolygon","coordinates":[[[[7.0612,43.5159],[7.0602,43.5152],[7.0568,43.5156],[7.0493,43.5158],[7.0481,43.5153],[7.0434,43.5157],[7.0358,43.5175],[7.0316,43.521],[7.0322,43.5234],[7.0348,43.5221],[7.0372,43.5215],[7.0399,43.522],[7.0423,43.5236],[7.044,43.5241],[7.0483,43.5238],[7.0533,43.521],[7.0558,43.5204],[7.0575,43.5207],[7.061,43.5199],[7.0636,43.5201],[7.0658,43.5186],[7.0709,43.5174],[7.0698,43.5159],[7.068,43.5159],[7.0671,43.5136],[7.0667,43.5148],[7.0612,43.5159]]],[[[6.9681,43.5704],[6.97,43.5679],[6.972,43.5681],[6.9733,43.5701],[6.9764,43.5719],[6.9782,43.5734],[6.9801,43.573],[6.9831,43.5734],[6.984,43.5742],[6.9901,43.5755],[6.9921,43.5771],[6.9935,43.579],[6.9986,43.5799],[7.0027,43.5792],[7.0068,43.5804],[7.009,43.5807],[7.01,43.5817],[7.013,43.581],[7.0157,43.5794],[7.0154,43.5843],[7.0189,43.5883],[7.0232,43.5863],[7.0243,43.5847],[7.0266,43.5837],[7.0279,43.5814],[7.0317,43.5805],[7.0376,43.5812],[7.0376,43.5798],[7.0335,43.5771],[7.0328,43.5759],[7.0338,43.575],[7.0338,43.5725],[7.0352,43.5689],[7.037,43.5673],[7.0393,43.5669],[7.0447,43.5649],[7.0477,43.5635],[7.0477,43.5597],[7.047,43.5582],[7.0484,43.5561],[7.0498,43.5524],[7.0533,43.5508],[7.0578,43.5503],[7.0559,43.548],[7.0546,43.5471],[7.0512,43.5465],[7.0484,43.5466],[7.0435,43.5429],[7.0409,43.5421],[7.0401,43.5412],[7.0387,43.5372],[7.0391,43.536],[7.0377,43.5347],[7.036,43.5358],[7.0366,43.5371],[7.0354,43.5384],[7.033,43.5393],[7.0343,43.5423],[7.0322,43.5442],[7.0325,43.5458],[7.0266,43.5486],[7.0236,43.5495],[7.0187,43.5499],[7.0169,43.5484],[7.0166,43.5508],[7.0128,43.5505],[7.013,43.5483],[7.0121,43.5473],[7.0087,43.5482],[7.004,43.5486],[6.9937,43.5489],[6.9873,43.5484],[6.9847,43.5477],[6.9821,43.5476],[6.9718,43.5455],[6.9633,43.5422],[6.959,43.5398],[6.9551,43.5372],[6.9516,43.5341],[6.9514,43.5363],[6.953,43.5389],[6.9558,43.5405],[6.9558,43.5418],[6.9573,43.5432],[6.9573,43.5446],[6.9556,43.5447],[6.9529,43.5438],[6.9496,43.5444],[6.9501,43.5481],[6.9512,43.5487],[6.9516,43.5506],[6.9546,43.5497],[6.9555,43.5504],[6.9553,43.5525],[6.9566,43.5538],[6.9573,43.5558],[6.9542,43.5564],[6.9542,43.5584],[6.953,43.5613],[6.9548,43.5618],[6.9557,43.5638],[6.9524,43.566],[6.9519,43.5672],[6.9484,43.5674],[6.9448,43.5701],[6.9446,43.5711],[6.9562,43.5746],[6.9632,43.5737],[6.9642,43.5737],[6.9681,43.5704]]],[[[7.0438,43.5059],[7.0403,43.5059],[7.0371,43.5068],[7.0371,43.5085],[7.0394,43.509],[7.0473,43.5094],[7.0517,43.509],[7.0554,43.5078],[7.0545,43.5067],[7.0506,43.5063],[7.0478,43.5045],[7.0472,43.5053],[7.0438,43.5059]]]]}},{"type":"Feature","properties":{"nom":"CPTS du Plateau","statut":"","communes":["13055"],"arrondissements":["13206"],"president":"Dr Didier THERY","coordonnateur":"Jacques DEVEZE","contact":"cptsduplateau@gmail.com","site":""},"geometry":{"type":"Polygon","coordinates":[[[5.3856,43.2943],[5.3891,43.2932],[5.3892,43.2881],[5.3919,43.2848],[5.3887,43.2831],[5.3738,43.2792],[5.3701,43.2864],[5.3721,43.291],[5.3856,43.2943]]]}},{"type":"Feature","properties":{"nom":"Drôme Provençale Enclave des Papes","statut":"","communes":["84053","84097","84138","84150"],"president":"Jean-Philippe BOUSSIRON","coordonnateur":"David AMSELEM","contact":"cpts2684@gmail.com","site":""},"geometry":{"type":"Polygon","coordinates":[[[5.01,44.332],[5.0103,44.3279],[5.0138,44.3258],[5.0084,44.324],[5.0007,44.3198],[4.9966,44.3197],[4.9983,44.3175],[4.9957,44.3166],[4.9931,44.3143],[4.9909,44.3118],[4.9897,44.3088],[4.9897,44.3067],[4.9877,44.3011],[4.9887,44.2971],[4.9879,44.2938],[4.987,44.2927],[4.9797,44.2975],[4.9762,44.2975],[4.9719,44.2988],[4.9686,44.2991],[4.9621,44.2992],[4.9595,44.2987],[4.9592,44.3004],[4.957,44.3024],[4.955,44.3015],[4.9509,44.3009],[4.949,44.3031],[4.947,44.3032],[4.944,44.3059],[4.9421,44.3062],[4.9372,44.3061],[4.933,44.307],[4.9218,44.3088],[4.9173,44.3085],[4.9124,44.3077],[4.9081,44.3062],[4.9013,44.3054],[4.8976,44.3056],[4.8917,44.3043],[4.8895,44.304],[4.8909,44.3056],[4.8916,44.3104],[4.8914,44.3134],[4.8877,44.3163],[4.8841,44.3202],[4.8816,44.3249],[4.8823,44.3264],[4.8847,44.329],[4.8864,44.3297],[4.8876,44.3315],[4.8895,44.3331],[4.8942,44.3329],[4.8953,44.3381],[4.8857,44.3429],[4.8796,44.3453],[4.8695,44.3451],[4.8701,44.3481],[4.8726,44.3501],[4.8778,44.3527],[4.8809,44.3536],[4.8806,44.3553],[4.8835,44.3557],[4.8849,44.3575],[4.8879,44.3584],[4.8907,44.3598],[4.8923,44.3616],[4.8929,44.3648],[4.8932,44.3679],[4.8945,44.3691],[4.8999,44.3695],[4.9025,44.3713],[4.9024,44.3724],[4.9049,44.3731],[4.9071,44.3746],[4.909,44.3773],[4.9109,44.3838],[4.9119,44.3879],[4.9097,44.3967],[4.9144,44.4019],[4.9185,44.4078],[4.9219,44.4095],[4.9234,44.4081],[4.9254,44.4088],[4.9261,44.4099],[4.9284,44.4117],[4.9305,44.4122],[4.935,44.4121],[4.9392,44.4146],[4.9433,44.4143],[4.9462,44.4149],[4.9478,44.4166],[4.9519,44.4187],[4.952,44.4201],[4.9556,44.4205],[4.9593,44.4198],[4.9605,44.4201],[4.9633,44.4219],[4.9644,44.4235],[4.9644,44.425],[4.9684,44.427],[4.97,44.4297],[4.9704,44.4314],[4.9731,44.4315],[4.9767,44.4288],[4.9774,44.4275],[4.9776,44.4248],[4.9787,44.4235],[4.9846,44.4231],[4.9886,44.4232],[4.9908,44.4205],[4.9959,44.4168],[5.0011,44.4126],[5.0064,44.4117],[5.01,44.4108],[5.0107,44.4112],[5.0122,44.4158],[5.0171,44.4162],[5.0188,44.416],[5.0202,44.4103],[5.0173,44.4084],[5.0177,44.4071],[5.0133,44.4053],[5.0145,44.4001],[5.0156,44.393],[5.0181,44.3933],[5.0208,44.3912],[5.0227,44.3913],[5.0263,44.3924],[5.0289,44.3919],[5.031,44.3908],[5.0345,44.3908],[5.0369,44.3894],[5.0382,44.3876],[5.0429,44.3873],[5.044,44.385],[5.0441,44.3834],[5.0451,44.3822],[5.0476,44.3813],[5.052,44.3813],[5.0541,44.3818],[5.0554,44.3828],[5.0598,44.3841],[5.0625,44.3841],[5.0647,44.3836],[5.0659,44.3817],[5.0679,44.3821],[5.0687,44.3833],[5.0709,44.3832],[5.0721,44.3804],[5.0721,44.3787],[5.0703,44.3764],[5.0676,44.3744],[5.0636,44.373],[5.0625,44.3722],[5.059,44.3713],[5.0576,44.3702],[5.057,44.3673],[5.055,44.365],[5.0478,44.3638],[5.0427,44.3622],[5.0408,44.3641],[5.0367,44.3642],[5.0348,44.3638],[5.0325,44.3612],[5.0277,44.3628],[5.026,44.3623],[5.0239,44.3606],[5.0222,44.3584],[5.0218,44.3531],[5.022,44.3496],[5.0231,44.3477],[5.0233,44.346],[5.0202,44.3426],[5.02,44.3416],[5.0179,44.3411],[5.0145,44.3384],[5.0141,44.3371],[5.0117,44.3365],[5.009,44.3338],[5.01,44.332]]]}}]}