{"type":"FeatureCollection","millesime":"2025","features":[{"type":"Feature","geometry":{"type":"MultiPolygon","coordinates":[[[[6.23489,44.09296],[6.23526,44.09257],[6.23631,44.09298],[6.23638,44.09298],[6.23642,44.09294],[6.2366,44.09271],[6.23733,44.09302],[6.23746,44.0931],[6.23747,44.09321],[6.23723,44.09349],[6.23719,44.09359],[6.23722,44.09362],[6.23703,44.09388],[6.23704,44.09397],[6.23686,44.09403],[6.2361,44.09486],[6.2372,44.09541],[6.23724,44.09541],[6.23739,44.09533],[6.23806,44.09561],[6.23816,44.09547],[6.23838,44.09556],[6.23874,44.09507],[6.23918,44.09524],[6.23945,44.09492],[6.2402,44.09546],[6.24051,44.09552],[6.24119,44.09554],[6.2413,44.09543],[6.24127,44.09524],[6.24082,44.09502],[6.24079,44.09496],[6.24085,44.09493],[6.24084,44.0949],[6.24001,44.09436],[6.24,44.09427],[6.23994,44.09415],[6.23943,44.09391],[6.23912,44.09347],[6.23895,44.09319],[6.23872,44.09301],[6.23879,44.09296],[6.23876,44.09293],[6.23905,44.09269],[6.23907,44.0926],[6.23926,44.09257],[6.23936,44.09248],[6.23936,44.09245],[6.23979,44.0922],[6.23991,44.09216],[6.24025,44.09213],[6.24025,44.09215],[6.24062,44.09205],[6.24054,44.09187],[6.2409,44.09172],[6.24093,44.09179],[6.24225,44.09151],[6.24322,44.09125],[6.24321,44.09121],[6.24356,44.0912],[6.24408,44.09113],[6.24421,44.09108],[6.24449,44.09089],[6.24467,44.09097],[6.24481,44.09074],[6.245,44.0907],[6.24555,44.09071],[6.24567,44.09069],[6.24579,44.09066],[6.24725,44.08998],[6.24719,44.08979],[6.24683,44.0894],[6.24646,44.08911],[6.24613,44.08932],[6.24594,44.08949],[6.24571,44.08962],[6.24476,44.08986],[6.24441,44.09],[6.24432,44.09008],[6.24394,44.09017],[6.24384,44.09008],[6.24369,44.09052],[6.24416,44.09058],[6.24411,44.09067],[6.24399,44.09108],[6.24396,44.09108],[6.24379,44.09092],[6.24355,44.0908],[6.24313,44.09063],[6.24289,44.09057],[6.2426,44.09087],[6.24155,44.09034],[6.24143,44.09076],[6.24108,44.09075],[6.24113,44.09125],[6.24074,44.09133],[6.24074,44.09146],[6.24011,44.09157],[6.24013,44.09172],[6.24017,44.09183],[6.23854,44.09214],[6.23794,44.09214],[6.23754,44.09207],[6.23736,44.09199],[6.2372,44.09188],[6.23688,44.09156],[6.23685,44.09148],[6.23689,44.09116],[6.23693,44.09024],[6.23678,44.09016],[6.23535,44.09044],[6.23473,44.0905],[6.23418,44.0905],[6.23319,44.09063],[6.23152,44.09101],[6.23139,44.09121],[6.23207,44.09235],[6.23278,44.09245],[6.23366,44.09253],[6.23489,44.09296]]]]},"properties":{"q":"QN00401M","n":"Centre Ville - Pigeonnier","z":"ZIP","d":"04","com":["04070"]}},{"type":"Feature","geometry":{"type":"MultiPolygon","coordinates":[[[[5.78637,43.8332],[5.78693,43.8332],[5.78699,43.83329],[5.78743,43.83353],[5.78785,43.83336],[5.78795,43.83334],[5.78773,43.83319],[5.78758,43.83315],[5.78738,43.83305],[5.78816,43.8328],[5.78861,43.83269],[5.78987,43.83249],[5.78985,43.83214],[5.78981,43.83193],[5.7897,43.83189],[5.78961,43.83168],[5.79045,43.8312],[5.79024,43.83108],[5.79014,43.83101],[5.79014,43.83098],[5.79003,43.83093],[5.78974,43.83072],[5.78966,43.83078],[5.78936,43.83061],[5.78918,43.83054],[5.78924,43.8305],[5.78925,43.83044],[5.78934,43.83029],[5.7895,43.83031],[5.78974,43.82998],[5.78981,43.82997],[5.79018,43.8301],[5.79029,43.82998],[5.79059,43.82954],[5.79057,43.82951],[5.78996,43.8293],[5.79022,43.82893],[5.79009,43.82888],[5.79024,43.82869],[5.78955,43.82845],[5.79039,43.82799],[5.79192,43.82745],[5.79265,43.82721],[5.79298,43.82689],[5.79413,43.82588],[5.79454,43.82559],[5.79529,43.82517],[5.79512,43.82501],[5.79505,43.82504],[5.79474,43.82495],[5.79441,43.82506],[5.7939,43.82541],[5.79349,43.82551],[5.79331,43.82568],[5.79324,43.8259],[5.7931,43.82602],[5.79303,43.826],[5.79274,43.82584],[5.79271,43.82568],[5.79122,43.82489],[5.79138,43.82475],[5.79088,43.82437],[5.79119,43.82415],[5.79056,43.82369],[5.78948,43.82446],[5.78851,43.82521],[5.78876,43.82539],[5.78862,43.82552],[5.78903,43.82579],[5.78929,43.82561],[5.78938,43.82561],[5.78977,43.82585],[5.78985,43.82633],[5.78964,43.82624],[5.78945,43.82631],[5.78897,43.8266],[5.78787,43.82717],[5.78806,43.82733],[5.78649,43.82791],[5.78617,43.82833],[5.78709,43.82861],[5.7866,43.82938],[5.78696,43.82951],[5.7867,43.82997],[5.78754,43.83025],[5.78738,43.83037],[5.78725,43.83055],[5.78709,43.83063],[5.78703,43.83084],[5.78697,43.83093],[5.7868,43.83097],[5.78689,43.83141],[5.787,43.8315],[5.78704,43.83161],[5.78688,43.83167],[5.78636,43.83156],[5.78614,43.83148],[5.78575,43.83205],[5.78681,43.83241],[5.78669,43.83266],[5.78605,43.83308],[5.78637,43.8332]]]]},"properties":{"q":"QN00402M","n":"Quartier Est","z":"ZIP","d":"04","com":["04112"]}},{"type":"Feature","geometry":{"type":"MultiPolygon","coordinates":[[[[5.78536,43.82519],[5.78584,43.82519],[5.78625,43.82508],[5.78641,43.82506],[5.78676,43.82495],[5.78708,43.82477],[5.78729,43.8247],[5.78755,43.82464],[5.78769,43.82463],[5.78763,43.82283],[5.7877,43.82283],[5.7879,43.82291],[5.78859,43.8233],[5.78891,43.82311],[5.7892,43.82253],[5.78926,43.82228],[5.7894,43.82195],[5.78984,43.82207],[5.78991,43.82178],[5.79006,43.82141],[5.78991,43.8212],[5.78959,43.82104],[5.78947,43.82095],[5.7899,43.8204],[5.79003,43.82019],[5.79003,43.82005],[5.78998,43.81994],[5.78983,43.81978],[5.78973,43.81972],[5.78955,43.81969],[5.78943,43.8197],[5.78926,43.81979],[5.78911,43.82001],[5.78856,43.82007],[5.78846,43.82005],[5.78852,43.81997],[5.78859,43.81999],[5.78901,43.81958],[5.78884,43.81947],[5.78897,43.81931],[5.78905,43.81928],[5.78915,43.81933],[5.78968,43.81873],[5.78981,43.81876],[5.78983,43.8187],[5.78982,43.81858],[5.78974,43.81807],[5.7897,43.81801],[5.78963,43.81799],[5.78893,43.8174],[5.78923,43.81717],[5.78848,43.81658],[5.78801,43.81704],[5.78821,43.8172],[5.78784,43.81747],[5.78833,43.81785],[5.78827,43.8179],[5.78926,43.81865],[5.78897,43.81898],[5.78843,43.81943],[5.78829,43.81958],[5.78734,43.82093],[5.78744,43.8211],[5.78754,43.82139],[5.7876,43.82191],[5.78763,43.82273],[5.78721,43.82281],[5.78676,43.82238],[5.7863,43.8228],[5.78534,43.82228],[5.78445,43.8217],[5.78429,43.82183],[5.78408,43.82169],[5.78383,43.8217],[5.7836,43.8215],[5.78353,43.82155],[5.78351,43.82154],[5.78292,43.8219],[5.78293,43.82197],[5.7831,43.82207],[5.78439,43.82304],[5.78529,43.82378],[5.78482,43.82418],[5.78379,43.82491],[5.78324,43.82534],[5.78317,43.82524],[5.78292,43.82506],[5.7824,43.82477],[5.78179,43.82515],[5.78088,43.82454],[5.78083,43.82454],[5.7808,43.82486],[5.7807,43.82539],[5.78068,43.82566],[5.78071,43.82586],[5.78086,43.82643],[5.7808,43.8265],[5.78049,43.82655],[5.78014,43.8265],[5.77972,43.82626],[5.77858,43.82733],[5.77861,43.82735],[5.77832,43.82772],[5.77814,43.8279],[5.77819,43.82793],[5.77803,43.82808],[5.77867,43.82842],[5.77829,43.82868],[5.77852,43.82882],[5.77816,43.82915],[5.77824,43.82919],[5.77812,43.82933],[5.77829,43.82943],[5.77799,43.82973],[5.77786,43.82972],[5.77764,43.82961],[5.77784,43.8294],[5.77766,43.82932],[5.77716,43.82981],[5.77756,43.83054],[5.77743,43.83076],[5.77739,43.8308],[5.77694,43.83084],[5.77667,43.83081],[5.77641,43.83087],[5.77574,43.83093],[5.77559,43.83092],[5.77519,43.8308],[5.77501,43.83078],[5.77491,43.83082],[5.77472,43.83094],[5.77445,43.83125],[5.77434,43.83133],[5.77423,43.83135],[5.77406,43.83133],[5.77355,43.83105],[5.7734,43.83103],[5.77334,43.83104],[5.77311,43.83119],[5.77298,43.8312],[5.77233,43.83099],[5.77224,43.83098],[5.77214,43.83098],[5.77138,43.83117],[5.77121,43.8313],[5.77101,43.83152],[5.77077,43.83163],[5.77059,43.83168],[5.77047,43.83177],[5.77042,43.83185],[5.77019,43.83211],[5.77008,43.83237],[5.77001,43.83249],[5.76982,43.83269],[5.76966,43.83278],[5.76925,43.83294],[5.76905,43.83303],[5.76878,43.83321],[5.76854,43.83329],[5.76718,43.83321],[5.76734,43.83333],[5.76722,43.83346],[5.76685,43.83365],[5.76643,43.83392],[5.76642,43.83402],[5.76637,43.83407],[5.76604,43.83413],[5.76484,43.83452],[5.76498,43.83468],[5.76483,43.83471],[5.7643,43.83499],[5.76427,43.83506],[5.76448,43.83532],[5.76436,43.83544],[5.76434,43.83551],[5.76467,43.83584],[5.76461,43.83589],[5.76489,43.83604],[5.76514,43.83574],[5.76535,43.83555],[5.76593,43.83518],[5.76647,43.83466],[5.76759,43.83411],[5.76767,43.83404],[5.76772,43.83391],[5.76769,43.83355],[5.76788,43.83359],[5.76802,43.8336],[5.76871,43.83342],[5.76905,43.83388],[5.7697,43.8337],[5.76971,43.83372],[5.77136,43.83308],[5.77103,43.83268],[5.77162,43.83251],[5.77356,43.83186],[5.77432,43.83174],[5.77446,43.83255],[5.77487,43.83317],[5.77527,43.83301],[5.77545,43.83298],[5.77559,43.8329],[5.77582,43.83288],[5.77576,43.83229],[5.77575,43.83148],[5.77753,43.83104],[5.77812,43.8311],[5.77793,43.83083],[5.77781,43.83054],[5.77826,43.82994],[5.77842,43.82976],[5.77906,43.82917],[5.77929,43.82928],[5.77941,43.82929],[5.77956,43.82925],[5.78179,43.82826],[5.78119,43.82744],[5.78143,43.82723],[5.78158,43.82717],[5.78169,43.82721],[5.78233,43.82682],[5.78269,43.82664],[5.78285,43.82652],[5.78295,43.82639],[5.78298,43.8263],[5.78328,43.82611],[5.78381,43.82606],[5.78411,43.82597],[5.78435,43.82577],[5.78458,43.82564],[5.78493,43.82535],[5.78515,43.82524],[5.78536,43.82519]]]]},"properties":{"q":"QN00403M","n":"Quartier Ouest","z":"ZIP","d":"04","com":["04112"]}},{"type":"Feature","geometry":{"type":"MultiPolygon","coordinates":[[[[6.08763,44.56738],[6.08788,44.56775],[6.0881,44.56752],[6.08824,44.5677],[6.0881,44.56821],[6.08802,44.56839],[6.0877,44.56872],[6.0869,44.56942],[6.08587,44.56882],[6.08574,44.56891],[6.08565,44.56912],[6.0855,44.56931],[6.0855,44.5694],[6.08547,44.56942],[6.08415,44.56861],[6.08385,44.56851],[6.08379,44.56852],[6.08379,44.5685],[6.08333,44.56835],[6.08321,44.5694],[6.08407,44.56984],[6.08431,44.56959],[6.08483,44.56987],[6.08495,44.56975],[6.08505,44.56973],[6.08507,44.56991],[6.08518,44.56999],[6.08515,44.57014],[6.08517,44.5702],[6.08509,44.57042],[6.0851,44.57049],[6.08503,44.57073],[6.08504,44.57082],[6.085,44.5709],[6.08479,44.57108],[6.08478,44.57114],[6.08484,44.57129],[6.08505,44.57142],[6.08526,44.57122],[6.08709,44.57193],[6.0873,44.57204],[6.08709,44.5722],[6.08752,44.57239],[6.08759,44.57233],[6.08877,44.57206],[6.08941,44.57186],[6.08958,44.57174],[6.08961,44.57154],[6.08953,44.57145],[6.0883,44.57169],[6.08826,44.57179],[6.08806,44.57175],[6.08795,44.57194],[6.08744,44.57184],[6.08747,44.57178],[6.08753,44.57153],[6.08765,44.57132],[6.08792,44.57139],[6.0882,44.57107],[6.0882,44.57096],[6.08839,44.57046],[6.08819,44.57037],[6.08843,44.57026],[6.08883,44.57023],[6.08886,44.57025],[6.08901,44.57025],[6.08942,44.57039],[6.08968,44.57041],[6.08983,44.57045],[6.08998,44.57055],[6.09018,44.57024],[6.09072,44.57043],[6.09074,44.57046],[6.09073,44.5705],[6.09156,44.57076],[6.09168,44.57071],[6.09171,44.57059],[6.09154,44.57037],[6.09087,44.56974],[6.09063,44.56953],[6.09046,44.56943],[6.09015,44.56932],[6.08915,44.56866],[6.08872,44.56829],[6.08843,44.5679],[6.08901,44.56682],[6.08895,44.5668],[6.08911,44.56652],[6.08893,44.56642],[6.08845,44.56624],[6.08831,44.56685],[6.08813,44.56685],[6.08822,44.56713],[6.08825,44.56713],[6.08821,44.56757],[6.08818,44.56756],[6.0881,44.56747],[6.08745,44.56653],[6.08679,44.56721],[6.08741,44.56731],[6.08753,44.56743],[6.08763,44.56738]]]]},"properties":{"q":"QN00501M","n":"Quartier du Haut-Gap","z":"ZAC","d":"05","com":["05061"]}},{"type":"Feature","geometry":{"type":"MultiPolygon","coordinates":[[[[7.2476,43.73027],[7.24744,43.73046],[7.24741,43.73082],[7.24736,43.73081],[7.24734,43.73088],[7.24737,43.73088],[7.24761,43.73113],[7.24742,43.7315],[7.24789,43.7319],[7.24826,43.73168],[7.24843,43.73183],[7.24846,43.73181],[7.24899,43.73227],[7.24879,43.7324],[7.24882,43.73244],[7.24882,43.73248],[7.249,43.73264],[7.24898,43.73266],[7.24907,43.73273],[7.249,43.73283],[7.24902,43.73285],[7.24938,43.73262],[7.25013,43.73258],[7.2502,43.73253],[7.25092,43.73239],[7.25139,43.73218],[7.25198,43.73181],[7.2522,43.73152],[7.25246,43.73159],[7.25269,43.73188],[7.25323,43.73181],[7.25346,43.73298],[7.25358,43.73336],[7.2537,43.73344],[7.25388,43.73348],[7.25403,43.73345],[7.25413,43.73337],[7.2542,43.73322],[7.25421,43.73285],[7.25425,43.73268],[7.25438,43.73249],[7.25439,43.73226],[7.25412,43.73097],[7.25419,43.73095],[7.25423,43.73091],[7.25418,43.73061],[7.25405,43.7306],[7.25391,43.73064],[7.25366,43.73075],[7.25362,43.73057],[7.25335,43.7303],[7.25308,43.72992],[7.25139,43.72884],[7.25113,43.72926],[7.25095,43.72944],[7.2506,43.72963],[7.25022,43.73013],[7.25035,43.73018],[7.24997,43.73064],[7.24912,43.73032],[7.24903,43.73036],[7.24896,43.73061],[7.24804,43.72985],[7.24782,43.72999],[7.2478,43.7301],[7.24788,43.7302],[7.24774,43.73031],[7.2476,43.73027]]]]},"properties":{"q":"QN00601M","n":"Las Planas - Le Rouret","z":"ZAC","d":"06","com":["06088"]}},{"type":"Feature","geometry":{"type":"MultiPolygon","coordinates":[[[[7.05273,43.57906],[7.05146,43.57848],[7.05215,43.5781],[7.05225,43.57793],[7.05173,43.5775],[7.05186,43.57738],[7.05181,43.57736],[7.05175,43.57729],[7.05186,43.57722],[7.05176,43.57713],[7.05167,43.57717],[7.05163,43.57713],[7.05143,43.57723],[7.05139,43.57718],[7.05098,43.57734],[7.05096,43.57731],[7.05079,43.57737],[7.051,43.57801],[7.04998,43.5784],[7.0502,43.57879],[7.0505,43.57894],[7.04957,43.57923],[7.04964,43.57935],[7.05006,43.57962],[7.05036,43.57975],[7.0504,43.57982],[7.05089,43.5801],[7.05083,43.58014],[7.05091,43.58019],[7.05097,43.58015],[7.05151,43.58049],[7.05152,43.58048],[7.0516,43.58061],[7.05132,43.58103],[7.05142,43.58106],[7.05127,43.58132],[7.05165,43.58142],[7.05188,43.5811],[7.05235,43.58063],[7.05253,43.58031],[7.05266,43.5802],[7.05265,43.58001],[7.05269,43.58],[7.05291,43.58012],[7.05325,43.5798],[7.05334,43.57975],[7.05345,43.57975],[7.05374,43.57984],[7.05376,43.5798],[7.05521,43.58037],[7.0552,43.58058],[7.05507,43.58084],[7.055,43.58109],[7.05526,43.58128],[7.05534,43.58138],[7.0557,43.58168],[7.05565,43.58171],[7.05573,43.58179],[7.0557,43.58181],[7.0559,43.58207],[7.05587,43.58208],[7.05595,43.5822],[7.05605,43.5828],[7.05628,43.58286],[7.05651,43.58288],[7.05743,43.5826],[7.05739,43.58209],[7.05718,43.58104],[7.05759,43.57992],[7.05647,43.57955],[7.05601,43.57946],[7.05561,43.58011],[7.05487,43.57981],[7.05482,43.57988],[7.05401,43.57955],[7.05508,43.57817],[7.05539,43.5783],[7.05606,43.57751],[7.05679,43.57783],[7.05722,43.57743],[7.05672,43.57707],[7.05686,43.57695],[7.05663,43.57679],[7.05667,43.57675],[7.05638,43.57652],[7.05505,43.57815],[7.05394,43.57772],[7.05335,43.57856],[7.053,43.57845],[7.05295,43.57854],[7.05297,43.57855],[7.05289,43.57868],[7.05293,43.57869],[7.05289,43.57875],[7.05296,43.57877],[7.05287,43.5789],[7.05273,43.57906]]]]},"properties":{"q":"QN00602M","n":"Cœur De Ville - Hauts De Vallauris","z":"ZIP","d":"06","com":["06155"]}},{"type":"Feature","geometry":{"type":"MultiPolygon","coordinates":[[[[6.96839,43.55728],[6.96786,43.55738],[6.9676,43.5574],[6.96676,43.5574],[6.96629,43.55733],[6.96576,43.55744],[6.96552,43.55688],[6.96524,43.55694],[6.96499,43.55639],[6.96432,43.55633],[6.96408,43.55635],[6.96391,43.55597],[6.96389,43.55563],[6.96307,43.55565],[6.96241,43.55571],[6.9624,43.55595],[6.96223,43.55601],[6.96145,43.5562],[6.96125,43.55628],[6.96082,43.55638],[6.96089,43.55642],[6.96114,43.55648],[6.96129,43.55657],[6.96193,43.55747],[6.96215,43.55768],[6.96237,43.55782],[6.96294,43.55802],[6.96333,43.55809],[6.96451,43.55821],[6.96448,43.55836],[6.96421,43.55865],[6.9642,43.55879],[6.96405,43.55883],[6.96393,43.55917],[6.96377,43.5592],[6.96331,43.55938],[6.96308,43.55957],[6.96317,43.55962],[6.96323,43.55969],[6.96352,43.56017],[6.96361,43.56053],[6.96285,43.56066],[6.96273,43.56109],[6.96267,43.56121],[6.96254,43.56137],[6.96237,43.56146],[6.96264,43.56198],[6.9637,43.56196],[6.96357,43.56233],[6.96355,43.56232],[6.96359,43.5627],[6.96364,43.56282],[6.96346,43.56285],[6.9635,43.56343],[6.96362,43.56392],[6.96308,43.56398],[6.96312,43.56437],[6.96307,43.56445],[6.96301,43.56474],[6.96263,43.56504],[6.96262,43.56507],[6.96234,43.56511],[6.96191,43.56501],[6.96164,43.56539],[6.96132,43.56563],[6.96096,43.56548],[6.96089,43.5658],[6.96101,43.56592],[6.96119,43.56621],[6.96146,43.56686],[6.96025,43.56692],[6.95994,43.5669],[6.95979,43.56777],[6.95981,43.56783],[6.96219,43.56788],[6.96221,43.56796],[6.9623,43.56807],[6.96216,43.56814],[6.96211,43.5682],[6.96191,43.56829],[6.96178,43.56842],[6.96183,43.56843],[6.96192,43.56858],[6.96198,43.56855],[6.96204,43.56857],[6.96211,43.56866],[6.96204,43.56889],[6.96287,43.56898],[6.96287,43.56904],[6.9625,43.57013],[6.96239,43.57025],[6.96201,43.57103],[6.96193,43.57105],[6.96158,43.57105],[6.96129,43.57094],[6.96124,43.57089],[6.96107,43.57084],[6.96078,43.57146],[6.96069,43.57144],[6.96045,43.57181],[6.96082,43.5719],[6.96096,43.5719],[6.9615,43.57203],[6.96156,43.57188],[6.9617,43.57192],[6.96185,43.5716],[6.96191,43.5713],[6.96197,43.5713],[6.9621,43.57091],[6.96222,43.57068],[6.9624,43.57048],[6.96248,43.57048],[6.96252,43.57045],[6.96367,43.57064],[6.9639,43.57027],[6.96528,43.5701],[6.96528,43.57021],[6.96526,43.57024],[6.96528,43.57043],[6.96532,43.57043],[6.96534,43.57082],[6.96561,43.57081],[6.96614,43.57046],[6.96615,43.57086],[6.96592,43.57096],[6.96588,43.57105],[6.96589,43.5711],[6.96593,43.57114],[6.96607,43.57118],[6.96608,43.57128],[6.9665,43.57127],[6.96647,43.57085],[6.96709,43.57117],[6.96763,43.57084],[6.96852,43.56996],[6.96897,43.56948],[6.96919,43.56917],[6.96964,43.56844],[6.9697,43.56844],[6.96988,43.56807],[6.96986,43.56805],[6.96909,43.56786],[6.9687,43.56773],[6.96806,43.56744],[6.96809,43.56734],[6.96811,43.56729],[6.96875,43.56721],[6.96942,43.56715],[6.97016,43.56716],[6.97031,43.56653],[6.97034,43.56589],[6.97041,43.56585],[6.97047,43.56584],[6.97018,43.56579],[6.96933,43.56551],[6.96827,43.56502],[6.96829,43.56575],[6.96822,43.56574],[6.96821,43.56611],[6.96758,43.56736],[6.96601,43.56952],[6.96537,43.56997],[6.9649,43.57012],[6.96424,43.57017],[6.96466,43.56956],[6.96516,43.5687],[6.96423,43.56834],[6.96411,43.56856],[6.96402,43.56891],[6.96399,43.56913],[6.9639,43.56911],[6.96386,43.56914],[6.96335,43.56906],[6.9629,43.56906],[6.96298,43.56877],[6.96301,43.56846],[6.96307,43.56833],[6.963,43.56833],[6.96289,43.56828],[6.96251,43.56776],[6.96322,43.56744],[6.96418,43.5667],[6.96439,43.56649],[6.96457,43.56617],[6.96466,43.56594],[6.96472,43.56566],[6.96333,43.56544],[6.96345,43.56526],[6.96378,43.56505],[6.96337,43.56486],[6.96359,43.56481],[6.96361,43.56476],[6.96394,43.5646],[6.96423,43.56461],[6.96447,43.56464],[6.96456,43.56463],[6.96468,43.56455],[6.96481,43.56441],[6.96508,43.56386],[6.96507,43.5637],[6.96502,43.56357],[6.96505,43.56347],[6.96513,43.56337],[6.96532,43.56333],[6.96521,43.56298],[6.96517,43.56279],[6.96516,43.56254],[6.96521,43.56236],[6.96519,43.56207],[6.96542,43.56207],[6.96572,43.56197],[6.96567,43.56183],[6.96567,43.56168],[6.9656,43.56135],[6.96555,43.56128],[6.96539,43.56117],[6.96525,43.56116],[6.9652,43.56111],[6.96526,43.56102],[6.96542,43.56091],[6.96532,43.56081],[6.96506,43.56001],[6.9648,43.56002],[6.9647,43.55956],[6.96492,43.55911],[6.96493,43.55893],[6.96505,43.55891],[6.96534,43.55903],[6.96632,43.55931],[6.96642,43.55939],[6.96658,43.55945],[6.96708,43.55953],[6.96714,43.5591],[6.9673,43.55904],[6.96761,43.55911],[6.96766,43.55918],[6.96826,43.55922],[6.96857,43.55752],[6.96856,43.55729],[6.96839,43.55728]]]]},"properties":{"q":"QN00603M","n":"Ranguin - Saint Pierre - Colline - Frayère","z":"ZIP","d":"06","com":["06029","06030"]}},{"type":"Feature","geometry":{"type":"MultiPolygon","coordinates":[[[[6.93104,43.65349],[6.9309,43.65339],[6.93088,43.65332],[6.93082,43.65328],[6.93065,43.65325],[6.93019,43.65328],[6.93,43.65322],[6.92991,43.65322],[6.92954,43.65296],[6.92977,43.65284],[6.92987,43.65275],[6.92993,43.65264],[6.92993,43.65249],[6.92985,43.65221],[6.93006,43.65178],[6.9307,43.65205],[6.93128,43.65222],[6.93164,43.6522],[6.93177,43.65188],[6.93135,43.65174],[6.9314,43.65159],[6.93029,43.65118],[6.93043,43.65093],[6.93072,43.65071],[6.93053,43.65037],[6.9305,43.65037],[6.93037,43.64988],[6.92963,43.65015],[6.92916,43.65024],[6.92881,43.65036],[6.92864,43.65045],[6.92814,43.65081],[6.92791,43.65095],[6.9275,43.65109],[6.92794,43.65154],[6.92811,43.65162],[6.92809,43.65164],[6.92869,43.65198],[6.92923,43.65201],[6.92986,43.65211],[6.92983,43.65226],[6.92977,43.65226],[6.92964,43.65249],[6.92955,43.65284],[6.92947,43.65289],[6.92946,43.65286],[6.92913,43.6529],[6.92912,43.65285],[6.92799,43.65285],[6.92801,43.65281],[6.92781,43.65278],[6.92758,43.65278],[6.92745,43.65273],[6.92735,43.65303],[6.927,43.65284],[6.92645,43.65244],[6.92648,43.65239],[6.92592,43.65195],[6.92582,43.65189],[6.92556,43.65183],[6.9255,43.65191],[6.92529,43.65194],[6.92509,43.65217],[6.92499,43.65223],[6.92495,43.65219],[6.92483,43.65221],[6.92427,43.65242],[6.92412,43.65265],[6.924,43.65304],[6.92394,43.65303],[6.92385,43.65296],[6.92355,43.65315],[6.92357,43.6532],[6.92327,43.65344],[6.92284,43.65338],[6.9227,43.65334],[6.9227,43.65329],[6.92244,43.65324],[6.92226,43.65324],[6.92226,43.65321],[6.92192,43.65319],[6.92193,43.6533],[6.92185,43.6533],[6.92182,43.65339],[6.92166,43.65332],[6.92159,43.65323],[6.92149,43.65316],[6.92143,43.65323],[6.92076,43.65374],[6.92068,43.65394],[6.92073,43.65411],[6.92216,43.6558],[6.92215,43.65588],[6.92157,43.65647],[6.92144,43.65657],[6.92238,43.65696],[6.92185,43.65736],[6.922,43.65744],[6.92204,43.65749],[6.92208,43.6576],[6.92205,43.65765],[6.92194,43.65773],[6.92186,43.65774],[6.92149,43.65792],[6.92203,43.6585],[6.92213,43.65864],[6.92227,43.65906],[6.92235,43.6596],[6.92245,43.65962],[6.92252,43.65992],[6.9225,43.6602],[6.92243,43.66026],[6.9225,43.66081],[6.92246,43.66092],[6.92235,43.66094],[6.9223,43.6609],[6.92216,43.66098],[6.92221,43.6612],[6.92227,43.66128],[6.92236,43.6618],[6.92291,43.66187],[6.9232,43.66195],[6.92331,43.66191],[6.92293,43.66152],[6.92308,43.66143],[6.92329,43.66136],[6.92331,43.6614],[6.92403,43.66123],[6.92405,43.66117],[6.92414,43.66114],[6.92435,43.66114],[6.92446,43.66111],[6.92457,43.66118],[6.92458,43.66122],[6.92453,43.66141],[6.92455,43.66152],[6.92461,43.66158],[6.92498,43.66172],[6.92522,43.66186],[6.92608,43.66147],[6.9261,43.66151],[6.92628,43.66158],[6.92637,43.66159],[6.92653,43.66154],[6.92664,43.66144],[6.92666,43.66137],[6.92639,43.66129],[6.92647,43.66115],[6.92656,43.66078],[6.92626,43.66068],[6.92627,43.66064],[6.92634,43.66064],[6.92637,43.66033],[6.92622,43.66031],[6.92617,43.66012],[6.92604,43.66013],[6.92615,43.65994],[6.92648,43.65982],[6.92642,43.65965],[6.92644,43.65962],[6.92651,43.65962],[6.92646,43.65952],[6.92649,43.65945],[6.92679,43.65939],[6.92702,43.6592],[6.92713,43.65922],[6.92735,43.65922],[6.92757,43.65927],[6.92787,43.65944],[6.92821,43.65958],[6.92821,43.65948],[6.92825,43.65944],[6.92869,43.65931],[6.92883,43.6592],[6.92884,43.65907],[6.92866,43.65864],[6.92851,43.65865],[6.92818,43.65873],[6.92805,43.65871],[6.92805,43.65868],[6.92807,43.65866],[6.92826,43.65866],[6.92831,43.6586],[6.92836,43.65849],[6.92831,43.65838],[6.92826,43.65839],[6.9282,43.65826],[6.92818,43.65827],[6.92812,43.65816],[6.92817,43.65811],[6.92786,43.65775],[6.92747,43.65782],[6.92681,43.65805],[6.92673,43.65814],[6.92674,43.65837],[6.92655,43.65839],[6.92637,43.65845],[6.92619,43.65859],[6.92581,43.65846],[6.92556,43.6577],[6.92545,43.65755],[6.92516,43.65732],[6.925,43.65727],[6.92476,43.65726],[6.9245,43.65731],[6.92425,43.65738],[6.92428,43.65746],[6.92395,43.65758],[6.92388,43.65748],[6.92394,43.65743],[6.92396,43.65734],[6.92391,43.65729],[6.92302,43.65676],[6.92219,43.65584],[6.9224,43.65561],[6.92243,43.65562],[6.92277,43.65534],[6.92264,43.65528],[6.92279,43.65515],[6.92274,43.65502],[6.92304,43.65478],[6.9231,43.65468],[6.92341,43.6549],[6.92377,43.65469],[6.92454,43.65501],[6.92471,43.65481],[6.92505,43.65452],[6.92543,43.65474],[6.92612,43.65447],[6.92671,43.65464],[6.92674,43.65462],[6.92687,43.65473],[6.92696,43.65467],[6.92655,43.65437],[6.92531,43.65364],[6.92468,43.6533],[6.92454,43.65315],[6.9245,43.65304],[6.92453,43.65295],[6.9246,43.65285],[6.92472,43.65278],[6.92487,43.65274],[6.92508,43.65275],[6.9254,43.65282],[6.92586,43.65298],[6.92644,43.65333],[6.92679,43.65343],[6.92693,43.65344],[6.92735,43.65336],[6.92731,43.65344],[6.92735,43.65353],[6.92741,43.65358],[6.92778,43.6536],[6.92798,43.65374],[6.92801,43.65382],[6.92873,43.65391],[6.92867,43.65394],[6.9307,43.65415],[6.9309,43.65372],[6.93104,43.65349]]]]},"properties":{"q":"QN00604M","n":"Grand Centre","z":"ZIP","d":"06","com":["06069"]}},{"type":"Feature","geometry":{"type":"MultiPolygon","coordinates":[[[[6.94461,43.642],[6.94467,43.64193],[6.94472,43.64197],[6.94526,43.64144],[6.94522,43.64142],[6.94523,43.64138],[6.94459,43.64105],[6.94446,43.64095],[6.94408,43.64109],[6.94372,43.64133],[6.94349,43.64147],[6.94294,43.64171],[6.94231,43.64194],[6.94231,43.6423],[6.94222,43.64263],[6.94208,43.64293],[6.94202,43.6432],[6.94213,43.64321],[6.94329,43.64315],[6.94348,43.64318],[6.94374,43.64327],[6.94447,43.64357],[6.94476,43.64366],[6.94558,43.64375],[6.94579,43.64343],[6.94584,43.6433],[6.94583,43.64322],[6.94602,43.64285],[6.94605,43.64274],[6.94603,43.6427],[6.94593,43.64265],[6.94539,43.64264],[6.94461,43.642]]]]},"properties":{"q":"QN00605I","n":"Les Fleurs de Grasse","z":"ZIP","d":"06","com":["06069"]}},{"type":"Feature","geometry":{"type":"MultiPolygon","coordinates":[[[[7.32827,43.7692],[7.32801,43.76926],[7.32814,43.76946],[7.32847,43.76971],[7.32893,43.77],[7.32938,43.77025],[7.32936,43.77026],[7.32956,43.77035],[7.32948,43.77057],[7.3301,43.77069],[7.33074,43.77106],[7.33085,43.77096],[7.33097,43.77093],[7.33102,43.77116],[7.33158,43.77161],[7.33168,43.77164],[7.33199,43.77163],[7.33196,43.77155],[7.33201,43.77152],[7.33216,43.77152],[7.3323,43.77099],[7.33235,43.77041],[7.33234,43.7702],[7.33228,43.77],[7.33192,43.76935],[7.33169,43.76914],[7.33129,43.76889],[7.33093,43.76874],[7.3303,43.76852],[7.32995,43.76842],[7.32964,43.76827],[7.32942,43.76821],[7.32928,43.76823],[7.32876,43.76882],[7.32848,43.76909],[7.3284,43.76915],[7.32827,43.7692]]]]},"properties":{"q":"QN00606I","n":"La Condamine","z":"ZIP","d":"06","com":["06054"]}},{"type":"Feature","geometry":{"type":"MultiPolygon","coordinates":[[[[7.19068,43.77621],[7.19071,43.77621],[7.19067,43.77641],[7.19082,43.77662],[7.19114,43.77646],[7.19125,43.77657],[7.19243,43.77594],[7.19294,43.77578],[7.19333,43.77555],[7.19365,43.77553],[7.19387,43.77537],[7.19405,43.77514],[7.19388,43.77477],[7.19403,43.77391],[7.19402,43.77387],[7.19378,43.77391],[7.19355,43.77391],[7.19268,43.77383],[7.19257,43.77367],[7.19276,43.77355],[7.19363,43.77362],[7.1938,43.77356],[7.19387,43.77315],[7.19294,43.77306],[7.19267,43.7732],[7.19259,43.77361],[7.19214,43.77388],[7.19172,43.77344],[7.19229,43.77314],[7.19202,43.77287],[7.19267,43.77252],[7.19251,43.77238],[7.193,43.77211],[7.19319,43.7723],[7.1934,43.77221],[7.19357,43.77202],[7.19368,43.77196],[7.19369,43.7719],[7.19366,43.7718],[7.19359,43.77173],[7.19336,43.7716],[7.19316,43.77156],[7.193,43.77148],[7.19256,43.77112],[7.19244,43.77093],[7.19159,43.77139],[7.19164,43.77153],[7.19172,43.77165],[7.19242,43.77232],[7.19145,43.77282],[7.19138,43.77276],[7.19133,43.77278],[7.19128,43.77273],[7.19109,43.77287],[7.19085,43.77263],[7.19069,43.77258],[7.19023,43.77255],[7.19013,43.77256],[7.1901,43.77259],[7.18988,43.77359],[7.18957,43.77356],[7.18945,43.77415],[7.18951,43.77416],[7.18941,43.77463],[7.18957,43.77476],[7.18956,43.77481],[7.18928,43.77479],[7.18925,43.77495],[7.18957,43.77525],[7.18972,43.77527],[7.18971,43.7753],[7.18932,43.77559],[7.18922,43.77583],[7.18931,43.77595],[7.18921,43.77607],[7.18925,43.77624],[7.18885,43.77684],[7.18895,43.7769],[7.18898,43.77688],[7.18923,43.777],[7.18877,43.77746],[7.1872,43.77831],[7.18714,43.77836],[7.18711,43.77845],[7.18713,43.77851],[7.18724,43.77862],[7.18743,43.77865],[7.18799,43.77836],[7.18808,43.77816],[7.18808,43.77787],[7.18879,43.77748],[7.1893,43.777],[7.19054,43.77628],[7.19061,43.77621],[7.19068,43.77621]]]]},"properties":{"q":"QN00607M","n":"Centre","z":"ZIP","d":"06","com":["06033"]}},{"type":"Feature","geometry":{"type":"MultiPolygon","coordinates":[[[[7.20258,43.67709],[7.2046,43.67768],[7.20496,43.6778],[7.20562,43.67695],[7.20654,43.67586],[7.20823,43.67373],[7.20692,43.67322],[7.20677,43.67318],[7.20655,43.67325],[7.20643,43.67325],[7.20552,43.67288],[7.20546,43.67288],[7.20536,43.67294],[7.20495,43.67346],[7.20446,43.67326],[7.20199,43.67349],[7.2022,43.67232],[7.20259,43.67184],[7.20259,43.67152],[7.20234,43.67153],[7.20263,43.67089],[7.20308,43.67013],[7.20061,43.66917],[7.19964,43.66885],[7.19601,43.66775],[7.19578,43.66823],[7.19558,43.66847],[7.1955,43.66873],[7.1955,43.66885],[7.19506,43.66963],[7.19473,43.66953],[7.19466,43.66947],[7.19415,43.66937],[7.19396,43.66973],[7.19383,43.6697],[7.19376,43.66986],[7.19353,43.66981],[7.19328,43.67013],[7.19245,43.67174],[7.19259,43.67188],[7.19333,43.67205],[7.19653,43.67297],[7.1968,43.67393],[7.19687,43.67428],[7.19711,43.67497],[7.19749,43.67537],[7.19801,43.67568],[7.19857,43.67592],[7.20258,43.67709]]]]},"properties":{"q":"QN00608I","n":"Les Moulins - Le Point Du Jour","z":"ZAC","d":"06","com":["06088","06123"]}},{"type":"Feature","geometry":{"type":"MultiPolygon","coordinates":[[[[7.20735,43.67009],[7.2078,43.67023],[7.20789,43.67066],[7.20786,43.67086],[7.20789,43.67097],[7.2082,43.67092],[7.20822,43.67105],[7.20954,43.67175],[7.20977,43.67182],[7.20985,43.67166],[7.20986,43.67157],[7.21003,43.67159],[7.21014,43.67163],[7.21049,43.67129],[7.21072,43.67113],[7.21099,43.67101],[7.21149,43.67154],[7.21173,43.67147],[7.21172,43.67144],[7.21194,43.67137],[7.21157,43.67079],[7.21149,43.67072],[7.21152,43.67059],[7.21149,43.67046],[7.21121,43.67021],[7.21123,43.67018],[7.21101,43.67009],[7.21104,43.67005],[7.20987,43.66961],[7.20983,43.66967],[7.20989,43.6697],[7.20982,43.66979],[7.20884,43.66942],[7.20779,43.66918],[7.20735,43.66996],[7.20735,43.67009]]]]},"properties":{"q":"QN00609I","n":"Les Sagnes","z":"ZAC","d":"06","com":["06088"]}},{"type":"Feature","geometry":{"type":"MultiPolygon","coordinates":[[[[7.26542,43.70286],[7.26472,43.70262],[7.26252,43.70261],[7.26242,43.7043],[7.2647,43.70531],[7.26477,43.70548],[7.2644,43.70608],[7.2637,43.70595],[7.26267,43.70581],[7.25984,43.70575],[7.25986,43.70553],[7.25975,43.70551],[7.25863,43.70548],[7.25862,43.70572],[7.25778,43.7057],[7.25757,43.70443],[7.25614,43.7027],[7.25615,43.70285],[7.25605,43.70683],[7.26127,43.70721],[7.26247,43.70734],[7.26263,43.70719],[7.26334,43.7064],[7.26419,43.70647],[7.26453,43.70596],[7.26482,43.70546],[7.26476,43.70533],[7.26458,43.70408],[7.2645,43.70386],[7.26462,43.70311],[7.26515,43.70329],[7.26542,43.70286]]]]},"properties":{"q":"QN00610M","n":"Centre","z":"ZAC","d":"06","com":["06088"]}},{"type":"Feature","geometry":{"type":"MultiPolygon","coordinates":[[[[7.29574,43.71798],[7.29577,43.71785],[7.29574,43.7178],[7.29561,43.71767],[7.29543,43.71758],[7.29537,43.71747],[7.29581,43.71748],[7.29588,43.71741],[7.29534,43.71633],[7.29531,43.7162],[7.29559,43.71606],[7.29547,43.71602],[7.29546,43.71597],[7.29548,43.71584],[7.29545,43.71572],[7.29546,43.71566],[7.29567,43.71563],[7.29566,43.71548],[7.29555,43.71486],[7.29547,43.71457],[7.29569,43.71451],[7.29562,43.7144],[7.29582,43.71434],[7.29547,43.71376],[7.29537,43.71368],[7.2953,43.71367],[7.29521,43.71372],[7.2947,43.71387],[7.29355,43.7141],[7.29292,43.7142],[7.29289,43.71558],[7.29285,43.71584],[7.29193,43.71814],[7.29192,43.71825],[7.29175,43.71864],[7.29331,43.71858],[7.2934,43.71965],[7.29249,43.7196],[7.29244,43.72021],[7.29169,43.72024],[7.29184,43.72158],[7.29188,43.72275],[7.29176,43.72296],[7.29179,43.72312],[7.29168,43.72352],[7.29149,43.72395],[7.2915,43.72414],[7.29147,43.72416],[7.29144,43.72414],[7.29126,43.72426],[7.29106,43.72415],[7.29088,43.72412],[7.29074,43.72413],[7.29013,43.72398],[7.28996,43.72396],[7.29003,43.72377],[7.29006,43.72349],[7.28999,43.72293],[7.28986,43.72243],[7.28964,43.72211],[7.28906,43.72151],[7.28757,43.72051],[7.28736,43.72065],[7.28768,43.72093],[7.2876,43.721],[7.28785,43.72124],[7.28808,43.72151],[7.28829,43.72186],[7.28847,43.72229],[7.28865,43.723],[7.28836,43.72306],[7.28674,43.72324],[7.28676,43.7231],[7.2867,43.723],[7.28653,43.72253],[7.28704,43.72234],[7.28672,43.72175],[7.2866,43.72163],[7.28545,43.72185],[7.28527,43.72191],[7.28525,43.72199],[7.28544,43.72234],[7.28457,43.72256],[7.28404,43.72263],[7.28416,43.72301],[7.28437,43.72343],[7.28396,43.72348],[7.28434,43.72424],[7.284,43.72432],[7.28402,43.72442],[7.28505,43.72545],[7.28563,43.7252],[7.28614,43.72489],[7.28625,43.72485],[7.28636,43.72474],[7.28663,43.72447],[7.28692,43.72413],[7.28712,43.72371],[7.28723,43.72335],[7.2873,43.72321],[7.2883,43.72311],[7.28867,43.72313],[7.28841,43.72418],[7.28827,43.72455],[7.28808,43.72483],[7.28783,43.72512],[7.28756,43.72538],[7.28732,43.72557],[7.28755,43.72576],[7.28453,43.72744],[7.28429,43.72762],[7.28413,43.72788],[7.28408,43.72801],[7.284,43.7286],[7.28399,43.72952],[7.28404,43.72984],[7.28411,43.73],[7.28428,43.7302],[7.28444,43.73032],[7.28486,43.73044],[7.28614,43.73056],[7.28669,43.7307],[7.28736,43.73071],[7.28722,43.73044],[7.28759,43.73038],[7.28761,43.73041],[7.28756,43.73043],[7.28766,43.73059],[7.28836,43.73062],[7.2886,43.73069],[7.28876,43.73108],[7.28903,43.73134],[7.29151,43.73268],[7.29203,43.7326],[7.29208,43.73254],[7.29173,43.73208],[7.29175,43.73207],[7.29171,43.73204],[7.29174,43.73202],[7.29167,43.73195],[7.29164,43.73184],[7.29157,43.73174],[7.29149,43.73176],[7.29145,43.73166],[7.29122,43.73133],[7.29071,43.73106],[7.29067,43.73109],[7.2899,43.73098],[7.28998,43.73065],[7.29022,43.73072],[7.29112,43.7297],[7.29106,43.72938],[7.2906,43.7294],[7.28911,43.72956],[7.28926,43.72916],[7.28914,43.72913],[7.28905,43.72917],[7.289,43.7291],[7.28893,43.72907],[7.28886,43.72906],[7.28853,43.72915],[7.28848,43.72919],[7.28838,43.72935],[7.28777,43.72924],[7.28785,43.72916],[7.28793,43.72916],[7.28814,43.72902],[7.28832,43.72894],[7.28828,43.72886],[7.28835,43.72878],[7.28855,43.72868],[7.28806,43.72827],[7.28726,43.72888],[7.28727,43.72889],[7.28717,43.72902],[7.28719,43.72904],[7.28702,43.72916],[7.28721,43.72932],[7.28699,43.72951],[7.28669,43.72947],[7.28638,43.72989],[7.28601,43.73032],[7.28598,43.7304],[7.28591,43.73039],[7.28588,43.73035],[7.2857,43.73029],[7.2851,43.73017],[7.28507,43.73014],[7.28509,43.72998],[7.28526,43.72962],[7.28536,43.72929],[7.28547,43.72909],[7.28591,43.72863],[7.28605,43.72852],[7.28568,43.72824],[7.28588,43.72811],[7.28636,43.7279],[7.28705,43.7275],[7.28742,43.72718],[7.28744,43.72712],[7.28759,43.72695],[7.28769,43.72677],[7.28874,43.72605],[7.28876,43.72576],[7.28935,43.72549],[7.28949,43.72533],[7.28939,43.72524],[7.28949,43.72524],[7.28975,43.72516],[7.28984,43.72518],[7.28991,43.72525],[7.29021,43.7251],[7.29015,43.72504],[7.2902,43.72493],[7.29064,43.72472],[7.29067,43.72467],[7.29096,43.72468],[7.29107,43.72463],[7.29162,43.7248],[7.29338,43.7236],[7.29415,43.72252],[7.29484,43.72139],[7.29452,43.72066],[7.29457,43.72062],[7.2945,43.72055],[7.29442,43.72036],[7.29443,43.72022],[7.29446,43.72023],[7.29486,43.71984],[7.29522,43.71927],[7.29519,43.71924],[7.29527,43.71908],[7.29527,43.71903],[7.29536,43.71893],[7.29556,43.71898],[7.29569,43.71865],[7.2956,43.71861],[7.2956,43.71858],[7.29573,43.71841],[7.29577,43.71832],[7.29535,43.71834],[7.2956,43.71817],[7.29574,43.71798]]]]},"properties":{"q":"QN00611M","n":"Paillon","z":"ZAC","d":"06","com":["06088"]}},{"type":"Feature","geometry":{"type":"MultiPolygon","coordinates":[[[[7.29698,43.73725],[7.29698,43.73749],[7.297,43.73754],[7.29687,43.73755],[7.29688,43.73761],[7.29696,43.73763],[7.29676,43.73767],[7.29661,43.73778],[7.29653,43.73785],[7.29655,43.73788],[7.2965,43.73792],[7.29646,43.73789],[7.29635,43.73796],[7.29637,43.73799],[7.29626,43.73805],[7.29618,43.73807],[7.29608,43.73805],[7.29606,43.7381],[7.29597,43.73818],[7.29531,43.73865],[7.29506,43.7388],[7.29472,43.73893],[7.2941,43.7393],[7.29376,43.73957],[7.29393,43.73989],[7.29416,43.74015],[7.29444,43.74031],[7.29536,43.73983],[7.29534,43.73975],[7.29555,43.73962],[7.29535,43.73941],[7.29541,43.73939],[7.2955,43.73931],[7.2956,43.73908],[7.2961,43.73918],[7.29614,43.73914],[7.29659,43.73918],[7.29675,43.73923],[7.29689,43.7393],[7.29749,43.73889],[7.29753,43.73881],[7.29891,43.73969],[7.29887,43.73971],[7.29895,43.73974],[7.29892,43.73979],[7.299,43.73982],[7.29899,43.73988],[7.29936,43.73996],[7.29941,43.73993],[7.29976,43.73948],[7.29991,43.73955],[7.30019,43.73936],[7.3004,43.73927],[7.30068,43.7392],[7.30066,43.73915],[7.30063,43.73914],[7.30053,43.73885],[7.30075,43.73879],[7.30075,43.73874],[7.3013,43.73867],[7.30134,43.73882],[7.30195,43.73876],[7.30228,43.73881],[7.30232,43.73882],[7.30208,43.739],[7.30239,43.73905],[7.3024,43.73925],[7.30264,43.73915],[7.30282,43.73911],[7.30304,43.73909],[7.30331,43.7391],[7.3035,43.73846],[7.30401,43.73842],[7.30418,43.73836],[7.30429,43.73828],[7.30499,43.73855],[7.30479,43.7388],[7.30456,43.73902],[7.30447,43.73917],[7.30446,43.73943],[7.30504,43.73972],[7.30514,43.73979],[7.30527,43.73995],[7.30525,43.74079],[7.30514,43.74108],[7.30519,43.7412],[7.30526,43.74125],[7.30583,43.74129],[7.30581,43.74117],[7.30606,43.74117],[7.30642,43.74086],[7.30671,43.74094],[7.30765,43.74092],[7.30764,43.74083],[7.30769,43.74074],[7.30783,43.74063],[7.30832,43.741],[7.30847,43.74106],[7.30866,43.74109],[7.30901,43.7411],[7.31,43.74108],[7.31005,43.74111],[7.31011,43.7412],[7.31009,43.74142],[7.31013,43.7415],[7.31028,43.74154],[7.31041,43.74154],[7.31056,43.74147],[7.31061,43.74152],[7.31101,43.74245],[7.31138,43.74293],[7.31176,43.74328],[7.31282,43.74398],[7.31343,43.74432],[7.31375,43.74402],[7.31384,43.744],[7.31392,43.74395],[7.31389,43.74382],[7.31391,43.7437],[7.31389,43.74309],[7.31523,43.74291],[7.31547,43.74281],[7.31645,43.74318],[7.31668,43.74303],[7.31673,43.74305],[7.31694,43.74278],[7.3167,43.74269],[7.3167,43.74266],[7.31501,43.74201],[7.31441,43.74183],[7.31422,43.7418],[7.31419,43.74187],[7.31423,43.74187],[7.3141,43.74208],[7.31383,43.74239],[7.31376,43.74254],[7.3126,43.74264],[7.31119,43.74145],[7.31101,43.74121],[7.31062,43.74107],[7.31035,43.74103],[7.30896,43.74103],[7.30883,43.74084],[7.30849,43.74015],[7.30856,43.74011],[7.30858,43.74007],[7.30911,43.73993],[7.30873,43.73914],[7.30847,43.73871],[7.30805,43.73812],[7.30779,43.73779],[7.30735,43.73732],[7.30616,43.73638],[7.30525,43.73589],[7.30472,43.73567],[7.30408,43.73546],[7.30343,43.73529],[7.30246,43.73512],[7.3023,43.73518],[7.30216,43.73529],[7.30214,43.73536],[7.3001,43.73509],[7.29734,43.73476],[7.29727,43.73505],[7.29725,43.73505],[7.29714,43.73528],[7.29709,43.73527],[7.29703,43.73547],[7.29704,43.73554],[7.29701,43.73553],[7.29635,43.73542],[7.29668,43.73468],[7.29592,43.73458],[7.29585,43.73488],[7.29537,43.73483],[7.29506,43.73616],[7.29595,43.73631],[7.29633,43.73548],[7.29699,43.73559],[7.29682,43.73595],[7.29706,43.73601],[7.29679,43.73658],[7.29748,43.73669],[7.2974,43.73691],[7.29739,43.73705],[7.29742,43.73718],[7.29698,43.73725]]]]},"properties":{"q":"QN00612M","n":"Ariane - Le Manoir - Gares","z":"ZAC","d":"06","com":["06088","06114","06149"]}},{"type":"Feature","geometry":{"type":"MultiPolygon","coordinates":[[[[7.11237,43.72256],[7.10978,43.72289],[7.10973,43.72302],[7.10979,43.72309],[7.10983,43.72327],[7.11006,43.72326],[7.11021,43.72357],[7.11113,43.72346],[7.11116,43.72359],[7.11122,43.72364],[7.11127,43.72364],[7.11153,43.72361],[7.1123,43.72342],[7.11246,43.72341],[7.11274,43.72341],[7.11279,43.72347],[7.11306,43.72355],[7.11316,43.72356],[7.1134,43.72354],[7.1139,43.72345],[7.11402,43.72356],[7.1154,43.72312],[7.11597,43.72299],[7.11597,43.72269],[7.11582,43.72268],[7.11582,43.72263],[7.11573,43.72264],[7.11572,43.72256],[7.11566,43.72248],[7.11613,43.72252],[7.11676,43.72242],[7.11696,43.72242],[7.11724,43.72247],[7.11758,43.72257],[7.1176,43.72198],[7.11874,43.7219],[7.11864,43.72176],[7.1188,43.72168],[7.11877,43.72164],[7.11903,43.72122],[7.11912,43.72095],[7.11717,43.72134],[7.11632,43.72145],[7.11596,43.72158],[7.11536,43.72171],[7.11508,43.72175],[7.11496,43.72174],[7.11489,43.72163],[7.11508,43.72128],[7.11524,43.72105],[7.11658,43.71994],[7.11638,43.71982],[7.11546,43.71934],[7.11543,43.71936],[7.11517,43.71916],[7.11496,43.71904],[7.11483,43.71916],[7.11467,43.71937],[7.11403,43.71898],[7.11382,43.71898],[7.11376,43.71911],[7.11381,43.71913],[7.11364,43.71933],[7.11411,43.71965],[7.11427,43.71948],[7.11435,43.71944],[7.11446,43.71949],[7.11448,43.71953],[7.11479,43.71978],[7.11444,43.72005],[7.1145,43.72011],[7.11461,43.72013],[7.11491,43.72045],[7.11493,43.72066],[7.11496,43.72065],[7.11496,43.72077],[7.11508,43.72088],[7.11525,43.72099],[7.11492,43.72152],[7.11456,43.7214],[7.11426,43.72117],[7.11378,43.72142],[7.11316,43.72166],[7.11318,43.72169],[7.11293,43.72181],[7.11292,43.7218],[7.11273,43.72187],[7.11275,43.72192],[7.11262,43.72196],[7.11239,43.72163],[7.11231,43.72156],[7.11163,43.72162],[7.11182,43.72196],[7.11237,43.72256]]]]},"properties":{"q":"QN00613M","n":"Centre","z":"ZIP","d":"06","com":["06157"]}},{"type":"Feature","geometry":{"type":"MultiPolygon","coordinates":[[[[7.28853,43.74354],[7.28933,43.74389],[7.2894,43.74395],[7.28959,43.74397],[7.2898,43.7439],[7.28997,43.74369],[7.29005,43.74372],[7.29001,43.74376],[7.29004,43.74399],[7.29005,43.74458],[7.29015,43.74475],[7.28993,43.74486],[7.28909,43.74517],[7.28877,43.74533],[7.289,43.74538],[7.28939,43.74536],[7.28941,43.7454],[7.28941,43.74567],[7.28945,43.74572],[7.28962,43.74578],[7.28966,43.74586],[7.28964,43.7459],[7.28954,43.74585],[7.28949,43.74588],[7.28953,43.746],[7.28948,43.74606],[7.28938,43.74613],[7.28905,43.7462],[7.28897,43.74625],[7.28866,43.74659],[7.28827,43.74693],[7.28816,43.74686],[7.28774,43.74719],[7.28795,43.74724],[7.28776,43.74742],[7.28753,43.74756],[7.28745,43.74764],[7.28706,43.74751],[7.28713,43.74716],[7.28743,43.74687],[7.28764,43.74645],[7.28799,43.74614],[7.28801,43.74606],[7.2881,43.74607],[7.28822,43.74614],[7.28826,43.74602],[7.28824,43.74592],[7.28812,43.74589],[7.28765,43.74567],[7.28739,43.74576],[7.28733,43.74559],[7.28753,43.7452],[7.28782,43.74481],[7.28804,43.74442],[7.28809,43.74424],[7.28813,43.74398],[7.28811,43.74353],[7.28853,43.74354]]]]},"properties":{"q":"QN00614N","n":"Le Château","z":"ZAC","d":"06","com":["06114"]}},{"type":"Feature","geometry":{"type":"MultiPolygon","coordinates":[[[[5.22491,43.40745],[5.22475,43.4077],[5.22453,43.40794],[5.22399,43.40771],[5.2233,43.40736],[5.22274,43.40784],[5.22221,43.40763],[5.22159,43.4084],[5.22109,43.4082],[5.22137,43.40772],[5.22066,43.40752],[5.22032,43.40801],[5.22104,43.40828],[5.22096,43.4084],[5.22195,43.40882],[5.22185,43.40902],[5.22212,43.40896],[5.22215,43.40892],[5.22219,43.40893],[5.22235,43.40889],[5.22236,43.40893],[5.22279,43.40882],[5.22264,43.40964],[5.22298,43.40962],[5.22333,43.40968],[5.22363,43.40966],[5.22411,43.40951],[5.22448,43.4093],[5.22474,43.40948],[5.22569,43.40874],[5.22547,43.40863],[5.22582,43.40839],[5.22525,43.40798],[5.22548,43.40775],[5.22491,43.40745]]]]},"properties":{"q":"QN01301M","n":"Florida Parc","z":"ZAC","d":"13","com":["13054"]}},{"type":"Feature","geometry":{"type":"MultiPolygon","coordinates":[[[[5.1673,43.47302],[5.16658,43.47261],[5.16643,43.47273],[5.16641,43.47271],[5.16626,43.4728],[5.16617,43.47271],[5.16604,43.47264],[5.16588,43.47285],[5.16569,43.47303],[5.1661,43.47334],[5.16645,43.47368],[5.16628,43.47381],[5.16611,43.4737],[5.16586,43.47349],[5.16569,43.4736],[5.16632,43.47457],[5.16613,43.47463],[5.16611,43.4746],[5.16606,43.47462],[5.16618,43.47481],[5.16644,43.47472],[5.16659,43.47498],[5.16717,43.47482],[5.16747,43.4748],[5.16759,43.47517],[5.16766,43.47554],[5.16786,43.47571],[5.16808,43.47584],[5.16861,43.4754],[5.16851,43.47535],[5.16842,43.47532],[5.1684,43.47534],[5.16826,43.47523],[5.16847,43.47493],[5.16901,43.4744],[5.16949,43.47474],[5.17033,43.47409],[5.16975,43.47364],[5.16918,43.4741],[5.16856,43.47369],[5.1673,43.47302]]]]},"properties":{"q":"QN01302M","n":"Quartier Centre Ville","z":"ZIP","d":"13","com":["13014"]}},{"type":"Feature","geometry":{"type":"MultiPolygon","coordinates":[[[[5.33669,43.35978],[5.33669,43.35975],[5.33649,43.35974],[5.33551,43.35981],[5.33546,43.35962],[5.33541,43.35953],[5.33522,43.35933],[5.33522,43.35928],[5.33551,43.35856],[5.33556,43.35835],[5.33401,43.35893],[5.33284,43.35926],[5.33282,43.35923],[5.33284,43.35906],[5.33307,43.3588],[5.33226,43.35798],[5.332,43.35813],[5.33114,43.3584],[5.32984,43.35903],[5.33032,43.35945],[5.33044,43.35938],[5.3308,43.35974],[5.33059,43.35985],[5.33078,43.36007],[5.33011,43.3603],[5.32896,43.36074],[5.32854,43.36076],[5.32853,43.3609],[5.32846,43.3609],[5.32848,43.36134],[5.32819,43.36136],[5.32819,43.36141],[5.32795,43.36142],[5.32789,43.36147],[5.3279,43.36152],[5.32785,43.36154],[5.32788,43.36208],[5.32829,43.36206],[5.32833,43.36196],[5.32852,43.3619],[5.32866,43.36195],[5.32873,43.36205],[5.32965,43.36202],[5.32916,43.3612],[5.33117,43.36056],[5.33164,43.36134],[5.33191,43.36126],[5.33188,43.36121],[5.33199,43.36119],[5.33199,43.36117],[5.33275,43.36118],[5.33272,43.3611],[5.33273,43.3606],[5.33259,43.36035],[5.33288,43.36026],[5.33316,43.36025],[5.33475,43.36061],[5.33493,43.36058],[5.33535,43.36072],[5.33588,43.36079],[5.33648,43.361],[5.33686,43.36053],[5.33693,43.36038],[5.33688,43.35984],[5.33677,43.35982],[5.33669,43.35978]]]]},"properties":{"q":"QN01303I","n":"Saint Henri","z":"ZIP","d":"13","com":["13055"]}},{"type":"Feature","geometry":{"type":"MultiPolygon","coordinates":[[[[5.36153,43.3584],[5.36186,43.35838],[5.36208,43.358],[5.3621,43.35799],[5.36212,43.35793],[5.36202,43.35784],[5.36205,43.35777],[5.36203,43.35763],[5.36194,43.35756],[5.36193,43.35751],[5.36184,43.35744],[5.36181,43.35745],[5.36174,43.35734],[5.36164,43.35726],[5.36163,43.35717],[5.36156,43.35702],[5.36138,43.35668],[5.36129,43.35625],[5.36147,43.35598],[5.36148,43.35587],[5.36145,43.35577],[5.36148,43.35576],[5.36149,43.35573],[5.36146,43.35566],[5.36152,43.35564],[5.36155,43.35558],[5.36154,43.35552],[5.36144,43.35549],[5.36148,43.35508],[5.36154,43.35502],[5.36157,43.35492],[5.36155,43.35479],[5.36159,43.35471],[5.36156,43.35461],[5.36138,43.35435],[5.3614,43.35434],[5.36139,43.35426],[5.36119,43.35412],[5.36114,43.35402],[5.36102,43.35395],[5.3603,43.35407],[5.36029,43.35421],[5.36019,43.35427],[5.36021,43.35441],[5.36013,43.35443],[5.35965,43.35379],[5.35954,43.35377],[5.35923,43.35387],[5.35913,43.35376],[5.35884,43.35364],[5.35873,43.3535],[5.35876,43.35349],[5.35865,43.35335],[5.35836,43.35341],[5.35812,43.35334],[5.35818,43.35377],[5.35821,43.35377],[5.35822,43.35379],[5.35841,43.35377],[5.35875,43.3547],[5.3586,43.35473],[5.35896,43.3552],[5.35822,43.35543],[5.35732,43.35542],[5.35741,43.35636],[5.35827,43.35631],[5.35826,43.35626],[5.35838,43.35624],[5.35945,43.35616],[5.35954,43.35686],[5.36069,43.3567],[5.36072,43.35722],[5.35752,43.35741],[5.35761,43.35831],[5.35608,43.35792],[5.35624,43.35748],[5.35525,43.35704],[5.35514,43.35765],[5.35507,43.35781],[5.35512,43.35782],[5.35496,43.35859],[5.35482,43.35863],[5.3543,43.35867],[5.35427,43.35879],[5.35429,43.359],[5.35447,43.35915],[5.35474,43.35928],[5.35498,43.3595],[5.35524,43.35983],[5.35527,43.36],[5.35547,43.36],[5.35562,43.36002],[5.35578,43.35999],[5.35578,43.3599],[5.35592,43.35991],[5.35582,43.36051],[5.35591,43.36061],[5.35596,43.36063],[5.35755,43.36032],[5.35751,43.36055],[5.35776,43.36061],[5.35788,43.36034],[5.35795,43.36036],[5.35807,43.3601],[5.35804,43.36014],[5.358,43.36013],[5.35823,43.35991],[5.35845,43.35952],[5.3583,43.35947],[5.35831,43.35941],[5.35812,43.35939],[5.35815,43.35885],[5.35765,43.35865],[5.35763,43.35846],[5.35776,43.35846],[5.35796,43.35852],[5.3582,43.35864],[5.3585,43.35872],[5.35894,43.35875],[5.35908,43.35874],[5.35943,43.35858],[5.35953,43.35835],[5.35987,43.35806],[5.35996,43.35772],[5.36009,43.35756],[5.36025,43.35749],[5.36061,43.3575],[5.36056,43.35775],[5.36048,43.35852],[5.36153,43.3584]]]]},"properties":{"q":"QN01304I","n":"La Viste","z":"ZIP","d":"13","com":["13055"]}},{"type":"Feature","geometry":{"type":"MultiPolygon","coordinates":[[[[4.86896,43.87899],[4.8681,43.87871],[4.86804,43.8788],[4.86763,43.87867],[4.86745,43.87896],[4.86709,43.87885],[4.86704,43.87892],[4.86678,43.87883],[4.86682,43.87879],[4.86709,43.87878],[4.86711,43.87844],[4.86763,43.87836],[4.86744,43.87813],[4.86665,43.87823],[4.86623,43.87867],[4.86558,43.87821],[4.86521,43.87834],[4.86521,43.87852],[4.86412,43.87866],[4.86408,43.87882],[4.86412,43.87938],[4.86401,43.87942],[4.8635,43.8795],[4.86343,43.87949],[4.86343,43.87954],[4.86323,43.87955],[4.86325,43.87962],[4.86321,43.87971],[4.86321,43.8798],[4.86334,43.87992],[4.86395,43.87981],[4.86423,43.88031],[4.86416,43.8803],[4.86401,43.88047],[4.86376,43.8809],[4.86498,43.88118],[4.86543,43.87993],[4.86636,43.8804],[4.86699,43.88057],[4.86835,43.88059],[4.86863,43.88052],[4.86864,43.8803],[4.86857,43.8803],[4.86859,43.8798],[4.86869,43.8798],[4.86879,43.87929],[4.86887,43.87917],[4.86892,43.87918],[4.86896,43.87899]]]]},"properties":{"q":"QN01305M","n":"Roquecoquille","z":"ZAC","d":"13","com":["13027"]}},{"type":"Feature","geometry":{"type":"MultiPolygon","coordinates":[[[[5.35216,43.39003],[5.35347,43.38994],[5.35452,43.3899],[5.35504,43.38984],[5.35476,43.38945],[5.35473,43.38871],[5.35474,43.38829],[5.35468,43.38777],[5.35479,43.38728],[5.35486,43.38715],[5.35394,43.38651],[5.35372,43.38642],[5.3536,43.38648],[5.35275,43.38566],[5.35225,43.38579],[5.35208,43.38718],[5.35179,43.3875],[5.35166,43.38758],[5.35148,43.38757],[5.35135,43.3878],[5.35126,43.38801],[5.35118,43.38841],[5.35123,43.38846],[5.35125,43.38875],[5.3516,43.38899],[5.35187,43.38885],[5.35202,43.38882],[5.35218,43.38865],[5.35242,43.38866],[5.35247,43.38869],[5.35251,43.38876],[5.35251,43.38885],[5.35242,43.38892],[5.35236,43.38901],[5.3523,43.38912],[5.35221,43.38941],[5.35216,43.39003]]]]},"properties":{"q":"QN01306M","n":"La Gavotte - Peyret","z":"ZAC","d":"13","com":["13106"]}},{"type":"Feature","geometry":{"type":"MultiPolygon","coordinates":[[[[5.43531,43.2739],[5.434,43.27504],[5.43403,43.27509],[5.43398,43.27518],[5.43405,43.27523],[5.43398,43.2753],[5.4337,43.27553],[5.43344,43.27565],[5.43358,43.27582],[5.43378,43.27592],[5.4337,43.27599],[5.43356,43.2759],[5.43297,43.27622],[5.43312,43.27641],[5.43246,43.27667],[5.43185,43.27625],[5.43124,43.27659],[5.43203,43.27786],[5.43221,43.2781],[5.43233,43.27816],[5.43302,43.27766],[5.43354,43.27733],[5.43367,43.27719],[5.43343,43.27695],[5.4344,43.27633],[5.43541,43.27595],[5.43539,43.27587],[5.43457,43.27618],[5.4344,43.27593],[5.43481,43.27557],[5.43529,43.27546],[5.43528,43.27536],[5.4353,43.27535],[5.43563,43.27533],[5.43583,43.27537],[5.43592,43.27523],[5.436,43.27519],[5.43602,43.27513],[5.43606,43.27511],[5.43622,43.27493],[5.43667,43.27431],[5.43597,43.27394],[5.43554,43.2738],[5.43541,43.27389],[5.43531,43.2739]]]]},"properties":{"q":"QN01307M","n":"Château Saint Loup","z":"ZAC","d":"13","com":["13055"]}},{"type":"Feature","geometry":{"type":"MultiPolygon","coordinates":[[[[5.40528,43.28041],[5.40538,43.28042],[5.40547,43.28047],[5.40547,43.28057],[5.40542,43.28062],[5.4058,43.28119],[5.40603,43.28112],[5.40626,43.28154],[5.40724,43.28145],[5.40718,43.28208],[5.40773,43.28216],[5.40772,43.28142],[5.40844,43.28137],[5.40826,43.28043],[5.40835,43.2804],[5.40793,43.2796],[5.40789,43.27961],[5.40756,43.27899],[5.40562,43.27968],[5.4055,43.27952],[5.40488,43.27974],[5.40472,43.28053],[5.40477,43.28059],[5.40528,43.28041]]]]},"properties":{"q":"QN01308I","n":"La Capelette","z":"ZAC","d":"13","com":["13055"]}},{"type":"Feature","geometry":{"type":"MultiPolygon","coordinates":[[[[4.64349,43.67876],[4.64357,43.67875],[4.64394,43.67884],[4.64513,43.67626],[4.64564,43.67564],[4.64547,43.67558],[4.6459,43.67498],[4.64567,43.67483],[4.64574,43.67485],[4.64631,43.67365],[4.64583,43.67356],[4.64577,43.67353],[4.64541,43.67344],[4.64562,43.67281],[4.64582,43.67285],[4.64602,43.6723],[4.64616,43.67225],[4.64606,43.67211],[4.64522,43.6724],[4.64512,43.67223],[4.64503,43.67223],[4.64502,43.67214],[4.64493,43.67194],[4.64473,43.67166],[4.64337,43.67234],[4.64306,43.67219],[4.64212,43.6716],[4.64233,43.67139],[4.64275,43.67115],[4.64322,43.67081],[4.64375,43.67021],[4.64551,43.66781],[4.64536,43.66762],[4.64535,43.66757],[4.64501,43.66748],[4.64354,43.66806],[4.64205,43.66861],[4.64167,43.66872],[4.64013,43.67117],[4.63996,43.67118],[4.63974,43.67112],[4.63987,43.67081],[4.64056,43.66959],[4.64022,43.66922],[4.63741,43.66901],[4.63784,43.66942],[4.63693,43.66995],[4.63728,43.6703],[4.63731,43.67039],[4.63773,43.67079],[4.63816,43.67075],[4.63832,43.6714],[4.63951,43.67096],[4.6397,43.67107],[4.63969,43.67113],[4.63998,43.6712],[4.6401,43.6712],[4.64034,43.67127],[4.64118,43.67161],[4.64136,43.67162],[4.64208,43.67147],[4.64212,43.6715],[4.64201,43.6716],[4.64337,43.67239],[4.64374,43.67271],[4.64421,43.67246],[4.64445,43.67269],[4.64436,43.67274],[4.64457,43.673],[4.64455,43.67316],[4.64452,43.67319],[4.64467,43.67323],[4.64364,43.67434],[4.64245,43.67494],[4.6424,43.67491],[4.64237,43.67495],[4.64153,43.67534],[4.6416,43.67537],[4.64127,43.67552],[4.64138,43.67566],[4.6413,43.6757],[4.64136,43.67576],[4.64147,43.67581],[4.64146,43.67592],[4.64167,43.67597],[4.64211,43.6762],[4.64182,43.67651],[4.64143,43.67627],[4.64108,43.67675],[4.64133,43.67687],[4.6409,43.6773],[4.64015,43.67779],[4.64044,43.67803],[4.6404,43.67812],[4.64095,43.67828],[4.64147,43.67764],[4.64208,43.67801],[4.64215,43.67803],[4.64345,43.67877],[4.64349,43.67876]]]]},"properties":{"q":"QN01309M","n":"Griffeuille","z":"ZIP","d":"13","com":["13004"]}},{"type":"Feature","geometry":{"type":"MultiPolygon","coordinates":[[[[4.6164,43.66804],[4.61579,43.66771],[4.61579,43.66768],[4.61593,43.66754],[4.61594,43.66749],[4.61606,43.66738],[4.61576,43.66721],[4.61565,43.66731],[4.6145,43.66667],[4.61439,43.66604],[4.6135,43.66624],[4.612,43.66669],[4.61204,43.66676],[4.61197,43.66682],[4.61192,43.66691],[4.61194,43.66699],[4.61244,43.66751],[4.61208,43.66773],[4.61257,43.66847],[4.61341,43.66942],[4.61377,43.66986],[4.61399,43.66995],[4.61561,43.67057],[4.61581,43.67046],[4.61596,43.67049],[4.616,43.67036],[4.61651,43.67012],[4.61642,43.67004],[4.61663,43.66983],[4.61716,43.66996],[4.61744,43.66999],[4.61769,43.66988],[4.61781,43.67009],[4.61796,43.67014],[4.61852,43.67068],[4.61831,43.67074],[4.61824,43.67133],[4.61797,43.67148],[4.61963,43.67212],[4.61972,43.67214],[4.61989,43.67211],[4.61994,43.67207],[4.62009,43.67202],[4.62017,43.67193],[4.62047,43.67171],[4.62047,43.67162],[4.6214,43.6708],[4.6214,43.67075],[4.62154,43.67071],[4.62105,43.67002],[4.62091,43.66988],[4.62072,43.66976],[4.62053,43.66967],[4.62028,43.66961],[4.62015,43.66964],[4.61992,43.66962],[4.61976,43.66967],[4.61974,43.6696],[4.61969,43.66958],[4.61878,43.66986],[4.61847,43.66935],[4.61844,43.66936],[4.61828,43.66912],[4.61926,43.66881],[4.6195,43.66848],[4.61913,43.66729],[4.61856,43.66501],[4.61816,43.66506],[4.61819,43.66518],[4.61808,43.66519],[4.61815,43.66548],[4.6182,43.66547],[4.61832,43.66598],[4.61787,43.66604],[4.6178,43.6661],[4.61842,43.6666],[4.6187,43.66676],[4.61872,43.66682],[4.61824,43.66728],[4.6183,43.66739],[4.61734,43.66769],[4.61724,43.66779],[4.6164,43.66804]]]]},"properties":{"q":"QN01310I","n":"Barriol","z":"ZIP","d":"13","com":["13004"]}},{"type":"Feature","geometry":{"type":"MultiPolygon","coordinates":[[[[4.63351,43.69566],[4.63524,43.6956],[4.63501,43.69461],[4.63567,43.6946],[4.63557,43.69373],[4.63787,43.69366],[4.63822,43.69366],[4.63823,43.69372],[4.63843,43.69371],[4.6384,43.69333],[4.6381,43.69287],[4.63886,43.69261],[4.63842,43.69195],[4.636,43.6922],[4.63589,43.69161],[4.63426,43.69173],[4.63465,43.69312],[4.63354,43.69329],[4.63355,43.69326],[4.63324,43.69329],[4.63318,43.69258],[4.63308,43.69203],[4.63263,43.69214],[4.63223,43.6921],[4.63175,43.69315],[4.63162,43.69351],[4.63159,43.69369],[4.63157,43.69394],[4.6316,43.69434],[4.63173,43.69481],[4.63201,43.69525],[4.63234,43.69563],[4.63272,43.69593],[4.6334,43.6964],[4.6336,43.6964],[4.63351,43.69566]]]]},"properties":{"q":"QN01311I","n":"Le Trébon","z":"ZIP","d":"13","com":["13004"]}},{"type":"Feature","geometry":{"type":"MultiPolygon","coordinates":[[[[4.65573,43.8069],[4.65596,43.80741],[4.65598,43.80756],[4.65534,43.81],[4.65508,43.81135],[4.65648,43.81152],[4.65657,43.81114],[4.6566,43.81087],[4.65659,43.81067],[4.65649,43.81031],[4.65548,43.80996],[4.65562,43.80916],[4.65602,43.8075],[4.65602,43.80731],[4.65611,43.80702],[4.65687,43.80673],[4.65743,43.80656],[4.65784,43.80646],[4.6583,43.8064],[4.65896,43.8064],[4.65922,43.80645],[4.65949,43.80654],[4.65976,43.80667],[4.66101,43.80749],[4.66153,43.80798],[4.66168,43.80808],[4.66182,43.80812],[4.66213,43.80812],[4.66252,43.80801],[4.66287,43.8078],[4.66309,43.80749],[4.66317,43.80729],[4.66318,43.80718],[4.66318,43.80706],[4.66313,43.80685],[4.6631,43.80681],[4.66218,43.8068],[4.66234,43.80595],[4.66265,43.80598],[4.66264,43.80602],[4.66334,43.80609],[4.66333,43.80613],[4.66493,43.8063],[4.66488,43.8066],[4.66448,43.80665],[4.66439,43.80691],[4.66478,43.80697],[4.66475,43.80715],[4.66523,43.80721],[4.6653,43.8069],[4.66543,43.80691],[4.6655,43.80651],[4.66492,43.80659],[4.66501,43.80603],[4.66524,43.80605],[4.66539,43.80524],[4.66553,43.80527],[4.66553,43.8053],[4.66557,43.8053],[4.66557,43.80528],[4.66572,43.80529],[4.66573,43.80522],[4.66544,43.80494],[4.66548,43.80474],[4.66529,43.80459],[4.66381,43.80445],[4.66372,43.80487],[4.6625,43.80475],[4.66255,43.80405],[4.66261,43.80375],[4.66222,43.80375],[4.66222,43.80368],[4.66219,43.80366],[4.66166,43.80368],[4.66166,43.80352],[4.66162,43.80341],[4.66136,43.80305],[4.66085,43.80321],[4.6603,43.8033],[4.6589,43.80319],[4.65864,43.80314],[4.65856,43.8031],[4.65802,43.8026],[4.65616,43.8041],[4.65514,43.80351],[4.65506,43.80352],[4.65475,43.80414],[4.65478,43.8045],[4.65505,43.80452],[4.65547,43.80461],[4.65511,43.8049],[4.65505,43.80498],[4.65508,43.80522],[4.65531,43.80552],[4.65534,43.8057],[4.65531,43.80581],[4.65536,43.80599],[4.65544,43.8061],[4.65568,43.80684],[4.65573,43.8069]]]]},"properties":{"q":"QN01312M","n":"Centre Historique - Ferrages","z":"ZIP","d":"13","com":["13108"]}},{"type":"Feature","geometry":{"type":"MultiPolygon","coordinates":[[[[5.41463,43.53312],[5.4147,43.53318],[5.41508,43.53298],[5.41535,43.53286],[5.41582,43.53238],[5.41592,43.53213],[5.41596,43.53146],[5.41504,43.53079],[5.41487,43.53008],[5.41537,43.53001],[5.41593,43.5298],[5.41632,43.52975],[5.41668,43.5298],[5.41701,43.53009],[5.41721,43.53017],[5.41734,43.53019],[5.4176,43.53017],[5.41772,43.53007],[5.41841,43.52997],[5.41848,43.52959],[5.4184,43.52949],[5.41817,43.5294],[5.41737,43.52864],[5.41758,43.52835],[5.41845,43.52755],[5.41716,43.52678],[5.41693,43.52668],[5.41712,43.52645],[5.41722,43.52628],[5.41729,43.52604],[5.4173,43.52571],[5.41719,43.52536],[5.417,43.52509],[5.41684,43.52493],[5.41657,43.52475],[5.41606,43.52454],[5.41613,43.52447],[5.41635,43.52402],[5.41645,43.52377],[5.41653,43.5234],[5.41651,43.52287],[5.41655,43.52277],[5.41522,43.52215],[5.41499,43.52208],[5.41473,43.52206],[5.41443,43.52209],[5.41382,43.52227],[5.41328,43.52248],[5.41308,43.52259],[5.41281,43.52286],[5.41265,43.52313],[5.41261,43.52327],[5.41245,43.52419],[5.41329,43.52418],[5.41318,43.52444],[5.41315,43.52465],[5.41308,43.52482],[5.41281,43.52517],[5.41276,43.52532],[5.41276,43.5254],[5.41279,43.52546],[5.41289,43.52555],[5.41307,43.52563],[5.4133,43.52565],[5.41353,43.52557],[5.41347,43.52581],[5.41349,43.52607],[5.41357,43.52608],[5.41366,43.52632],[5.41379,43.52652],[5.41311,43.52678],[5.41226,43.52726],[5.41159,43.52773],[5.41139,43.52791],[5.41136,43.52797],[5.41262,43.52895],[5.41296,43.52935],[5.41313,43.52964],[5.41329,43.53],[5.41336,43.53042],[5.41335,43.53077],[5.41144,43.5306],[5.41143,43.53052],[5.41051,43.53039],[5.41041,43.53043],[5.41011,43.53032],[5.40994,43.53012],[5.40982,43.53003],[5.40961,43.52995],[5.40943,43.52763],[5.40896,43.52749],[5.4084,43.52729],[5.40823,43.52751],[5.40803,43.5278],[5.40726,43.52905],[5.40907,43.52983],[5.40981,43.53011],[5.40991,43.53018],[5.41006,43.53034],[5.41025,43.53049],[5.41016,43.53083],[5.41014,43.53103],[5.41015,43.53116],[5.41023,43.53128],[5.41026,43.53162],[5.41126,43.53157],[5.41128,43.53147],[5.41139,43.5314],[5.41145,43.5314],[5.41188,43.53157],[5.41289,43.53154],[5.41299,43.53152],[5.41344,43.53159],[5.41442,43.5316],[5.41467,43.53164],[5.41474,43.53169],[5.41492,43.53202],[5.41493,43.53216],[5.4149,43.53225],[5.41482,43.53231],[5.41422,43.53247],[5.41442,43.53291],[5.41463,43.53312]]]]},"properties":{"q":"QN01313M","n":"Jas-De-Bouffan","z":"ZAC","d":"13","com":["13001"]}},{"type":"Feature","geometry":{"type":"MultiPolygon","coordinates":[[[[5.44636,43.53905],[5.44633,43.53931],[5.44625,43.53945],[5.44711,43.53969],[5.44736,43.54002],[5.44803,43.54012],[5.44817,43.54012],[5.44822,43.54004],[5.44827,43.54001],[5.4487,43.53968],[5.44874,43.53962],[5.44946,43.53912],[5.44989,43.53891],[5.44999,43.53882],[5.45014,43.53883],[5.45004,43.53948],[5.4506,43.5395],[5.45047,43.53979],[5.45042,43.53994],[5.45044,43.54004],[5.45166,43.5401],[5.45165,43.54014],[5.45242,43.54017],[5.45365,43.54005],[5.45375,43.54053],[5.45393,43.54095],[5.45427,43.54159],[5.4545,43.54152],[5.45464,43.54158],[5.45486,43.54158],[5.45505,43.54152],[5.45565,43.54126],[5.45587,43.54113],[5.45612,43.54104],[5.45622,43.54094],[5.45624,43.54083],[5.4562,43.54077],[5.45631,43.54057],[5.45642,43.5405],[5.45715,43.54026],[5.45701,43.53971],[5.457,43.53933],[5.45704,43.53896],[5.45456,43.53912],[5.45403,43.53901],[5.4537,43.53891],[5.45352,43.539],[5.45345,43.53917],[5.45364,43.54002],[5.45245,43.54015],[5.45231,43.54015],[5.45205,43.53875],[5.45129,43.53869],[5.45101,43.53826],[5.45062,43.53842],[5.45027,43.53863],[5.45016,43.53862],[5.45019,43.5385],[5.44991,43.53845],[5.45021,43.53752],[5.45024,43.53709],[5.45031,43.53661],[5.45038,43.53656],[5.4504,43.53639],[5.45026,43.53646],[5.45021,43.53655],[5.44977,43.5367],[5.44978,43.53673],[5.4496,43.53677],[5.44935,43.53687],[5.44872,43.53721],[5.44819,43.53746],[5.44772,43.53795],[5.44709,43.53782],[5.44703,43.53786],[5.44677,43.53826],[5.44653,43.53873],[5.44638,43.53868],[5.44636,43.53905]]]]},"properties":{"q":"QN01314M","n":"Beisson","z":"ZAC","d":"13","com":["13001"]}},{"type":"Feature","geometry":{"type":"MultiPolygon","coordinates":[[[[5.43474,43.52023],[5.43472,43.51978],[5.43476,43.51942],[5.43642,43.51949],[5.43625,43.51922],[5.43602,43.51879],[5.43488,43.51878],[5.43479,43.51915],[5.43471,43.51959],[5.4346,43.51967],[5.43198,43.5173],[5.43146,43.51775],[5.4313,43.51781],[5.43109,43.51794],[5.43067,43.51825],[5.43039,43.51839],[5.42952,43.51896],[5.42891,43.51946],[5.4287,43.51967],[5.42865,43.51981],[5.42842,43.5201],[5.42779,43.52139],[5.42784,43.5214],[5.42774,43.52172],[5.42753,43.52224],[5.42736,43.52221],[5.42718,43.52264],[5.42727,43.52271],[5.4271,43.52316],[5.42719,43.52335],[5.42734,43.52353],[5.42742,43.52356],[5.42791,43.52346],[5.42866,43.52396],[5.4279,43.52408],[5.42795,43.52416],[5.42842,43.52466],[5.42853,43.52475],[5.42865,43.5248],[5.42881,43.52482],[5.42905,43.5248],[5.43139,43.52428],[5.43184,43.5243],[5.43261,43.52417],[5.43236,43.52365],[5.43222,43.52329],[5.43087,43.52353],[5.42989,43.52252],[5.42927,43.52265],[5.42926,43.52262],[5.42907,43.52266],[5.42904,43.52258],[5.42839,43.52272],[5.42822,43.52321],[5.42877,43.5236],[5.42923,43.5235],[5.42908,43.52311],[5.42942,43.52303],[5.42929,43.52269],[5.42985,43.52258],[5.43076,43.52355],[5.42875,43.52395],[5.42799,43.52344],[5.42783,43.52338],[5.42778,43.52326],[5.42803,43.52253],[5.42809,43.52248],[5.42953,43.52216],[5.42944,43.522],[5.42978,43.52194],[5.42985,43.5221],[5.43118,43.52183],[5.43108,43.52159],[5.4315,43.5215],[5.43132,43.52096],[5.431,43.52102],[5.43093,43.52101],[5.42966,43.52049],[5.42989,43.51993],[5.42997,43.51981],[5.43011,43.51983],[5.43149,43.52037],[5.43191,43.52031],[5.432,43.52039],[5.43213,43.52078],[5.43253,43.52182],[5.43265,43.52189],[5.43303,43.52183],[5.43378,43.52215],[5.43404,43.52295],[5.434,43.52296],[5.43403,43.52305],[5.43374,43.52311],[5.43378,43.5232],[5.43373,43.5233],[5.4338,43.52348],[5.43392,43.52353],[5.43401,43.52378],[5.4348,43.52367],[5.43448,43.52286],[5.43411,43.52294],[5.43389,43.52227],[5.43438,43.52166],[5.43451,43.52156],[5.43458,43.52161],[5.4347,43.52163],[5.43511,43.52157],[5.4351,43.52128],[5.43555,43.52118],[5.43535,43.52091],[5.43474,43.52023]]]]},"properties":{"q":"QN01315M","n":"Encagnane","z":"ZAC","d":"13","com":["13001"]}},{"type":"Feature","geometry":{"type":"MultiPolygon","coordinates":[[[[5.42992,43.5317],[5.42991,43.53168],[5.43065,43.53145],[5.43114,43.53073],[5.43121,43.53058],[5.4313,43.5305],[5.43163,43.53003],[5.43208,43.52932],[5.43151,43.52934],[5.43133,43.52901],[5.43102,43.52909],[5.43084,43.52884],[5.43071,43.52873],[5.4303,43.52858],[5.42982,43.52827],[5.43167,43.52822],[5.43277,43.52828],[5.43392,43.52739],[5.4335,43.52702],[5.43349,43.52693],[5.43352,43.52693],[5.43352,43.52674],[5.43349,43.52673],[5.43348,43.5266],[5.43351,43.52657],[5.43346,43.52579],[5.43244,43.52584],[5.43277,43.52646],[5.43291,43.5266],[5.43288,43.52675],[5.4322,43.52666],[5.43228,43.52777],[5.432,43.52779],[5.43191,43.52799],[5.43192,43.52817],[5.43135,43.52816],[5.4284,43.52829],[5.42828,43.5286],[5.42831,43.52877],[5.42918,43.53059],[5.42992,43.53193],[5.43006,43.53189],[5.42992,43.5317]]]]},"properties":{"q":"QN01316M","n":"Corsy","z":"ZAC","d":"13","com":["13001"]}},{"type":"Feature","geometry":{"type":"MultiPolygon","coordinates":[[[[5.25698,43.44154],[5.25768,43.44113],[5.25782,43.44099],[5.25793,43.44085],[5.25801,43.4406],[5.25763,43.44052],[5.25727,43.4404],[5.2568,43.44015],[5.25719,43.43986],[5.25729,43.43976],[5.25736,43.43964],[5.25737,43.43952],[5.25725,43.43931],[5.25725,43.43926],[5.25751,43.43873],[5.25747,43.43858],[5.25763,43.43818],[5.25848,43.43758],[5.25864,43.4377],[5.259,43.43733],[5.25931,43.43759],[5.25957,43.43741],[5.25925,43.43716],[5.26,43.43669],[5.2599,43.43661],[5.26007,43.43646],[5.26003,43.43641],[5.25954,43.43644],[5.2593,43.4365],[5.25851,43.43584],[5.25947,43.43519],[5.25926,43.43503],[5.25894,43.43498],[5.25748,43.43596],[5.25723,43.43577],[5.25705,43.43588],[5.25695,43.43589],[5.25617,43.43569],[5.25537,43.43742],[5.25536,43.43752],[5.25514,43.43803],[5.25506,43.43812],[5.25498,43.4384],[5.25616,43.43869],[5.25589,43.43925],[5.25513,43.4399],[5.25478,43.43977],[5.25405,43.43916],[5.25425,43.43904],[5.25397,43.43887],[5.25385,43.43874],[5.2525,43.43936],[5.25284,43.43978],[5.25207,43.44005],[5.25216,43.44026],[5.2517,43.4411],[5.25196,43.44121],[5.25187,43.44139],[5.25179,43.44137],[5.25159,43.44172],[5.25119,43.4421],[5.25057,43.44192],[5.25024,43.44261],[5.25033,43.44264],[5.25078,43.44264],[5.25113,43.44273],[5.25152,43.4429],[5.25163,43.44298],[5.25174,43.44313],[5.25215,43.44325],[5.25197,43.44353],[5.25197,43.44366],[5.25171,43.44408],[5.25435,43.44484],[5.25433,43.44491],[5.25357,43.44585],[5.25303,43.44609],[5.25316,43.44614],[5.25305,43.44621],[5.25288,43.44624],[5.25287,43.44622],[5.25262,43.44622],[5.25246,43.44627],[5.25212,43.44671],[5.25295,43.44705],[5.25248,43.44764],[5.25189,43.44777],[5.25166,43.44809],[5.25233,43.44839],[5.25261,43.44814],[5.25313,43.4484],[5.25382,43.44787],[5.25407,43.44752],[5.25416,43.44733],[5.25401,43.44732],[5.25401,43.44729],[5.25385,43.44728],[5.25385,43.44724],[5.25368,43.44725],[5.25359,43.44718],[5.25394,43.44664],[5.25389,43.44661],[5.25403,43.44645],[5.25426,43.44653],[5.25453,43.44612],[5.25424,43.44602],[5.2546,43.44543],[5.25463,43.44541],[5.25482,43.44512],[5.25484,43.44513],[5.25488,43.44501],[5.25472,43.44495],[5.25574,43.44324],[5.25653,43.44358],[5.25692,43.4431],[5.25711,43.44319],[5.25716,43.44311],[5.25783,43.44342],[5.25829,43.44296],[5.25779,43.44285],[5.25708,43.44251],[5.25671,43.44176],[5.25698,43.44154]]]]},"properties":{"q":"QN01317I","n":"Secteur Centre","z":"ZAC","d":"13","com":["13117"]}},{"type":"Feature","geometry":{"type":"MultiPolygon","coordinates":[[[[5.27979,43.42572],[5.28007,43.42555],[5.28014,43.42556],[5.28078,43.42523],[5.2807,43.42519],[5.28028,43.42483],[5.28045,43.42415],[5.28033,43.424],[5.28042,43.42363],[5.28049,43.42358],[5.28053,43.42342],[5.27985,43.42334],[5.27971,43.42336],[5.27949,43.42333],[5.27947,43.42336],[5.27943,43.42336],[5.27886,43.4233],[5.27882,43.42334],[5.27872,43.42367],[5.27868,43.42372],[5.27843,43.42379],[5.27848,43.42393],[5.27802,43.42404],[5.27793,43.42383],[5.27781,43.42376],[5.27746,43.42405],[5.27761,43.42426],[5.27718,43.42436],[5.27754,43.4251],[5.27722,43.42523],[5.27759,43.42593],[5.27786,43.42626],[5.27776,43.4263],[5.27802,43.42672],[5.27819,43.42663],[5.27822,43.42649],[5.279,43.42658],[5.279,43.42661],[5.27925,43.42652],[5.27925,43.42656],[5.27956,43.42659],[5.27959,43.42656],[5.27979,43.42572]]]]},"properties":{"q":"QN01318I","n":"La Frescoule","z":"ZAC","d":"13","com":["13117"]}},{"type":"Feature","geometry":{"type":"MultiPolygon","coordinates":[[[[5.55138,43.28054],[5.55155,43.28026],[5.55157,43.28013],[5.55152,43.28],[5.55125,43.27952],[5.55123,43.27924],[5.55127,43.27907],[5.55139,43.27894],[5.55231,43.27821],[5.55242,43.27817],[5.55264,43.27817],[5.55279,43.27823],[5.55301,43.27836],[5.55317,43.27811],[5.55318,43.27803],[5.55251,43.2768],[5.54996,43.27765],[5.54968,43.2776],[5.54909,43.27728],[5.54861,43.27822],[5.54858,43.27845],[5.54849,43.27858],[5.54829,43.27877],[5.54817,43.27885],[5.54863,43.27944],[5.54874,43.27941],[5.54877,43.27957],[5.55017,43.28138],[5.55043,43.28152],[5.55138,43.28054]]]]},"properties":{"q":"QN01319I","n":"Le Charrel","z":"ZAC","d":"13","com":["13005"]}},{"type":"Feature","geometry":{"type":"MultiPolygon","coordinates":[[[[5.01567,43.41234],[5.01561,43.41252],[5.01565,43.41259],[5.01572,43.41266],[5.0166,43.41283],[5.01678,43.41283],[5.01905,43.41258],[5.02002,43.41245],[5.02015,43.4124],[5.02102,43.41181],[5.02111,43.41168],[5.02119,43.41095],[5.02059,43.41089],[5.02058,43.41092],[5.01992,43.41077],[5.01721,43.41027],[5.01625,43.41015],[5.01617,43.41017],[5.01601,43.41043],[5.01591,43.4105],[5.01534,43.41178],[5.01521,43.41215],[5.01575,43.41225],[5.01567,43.41234]]]]},"properties":{"q":"QN01320I","n":"Mas de Pouane","z":"ZAC","d":"13","com":["13056"]}},{"type":"Feature","geometry":{"type":"MultiPolygon","coordinates":[[[[5.04251,43.41343],[5.04269,43.41361],[5.0428,43.41358],[5.04317,43.41357],[5.04354,43.41369],[5.04431,43.4137],[5.04453,43.41374],[5.04488,43.41385],[5.04679,43.41386],[5.04692,43.41391],[5.04711,43.41413],[5.04703,43.41423],[5.04703,43.41437],[5.04706,43.41443],[5.04704,43.41448],[5.04733,43.41456],[5.04738,43.41446],[5.04748,43.41448],[5.04753,43.41437],[5.04762,43.41439],[5.04764,43.41431],[5.04783,43.4143],[5.04816,43.41422],[5.04823,43.41426],[5.0489,43.41446],[5.04924,43.41486],[5.04923,43.41502],[5.04911,43.41502],[5.0491,43.4151],[5.04897,43.4151],[5.04897,43.41516],[5.04884,43.41516],[5.04883,43.41521],[5.04871,43.4152],[5.0487,43.41534],[5.04968,43.41535],[5.04996,43.41531],[5.04995,43.41528],[5.05015,43.41517],[5.05026,43.41501],[5.05027,43.4149],[5.05095,43.41461],[5.05085,43.41443],[5.05016,43.41454],[5.05015,43.41461],[5.04925,43.41425],[5.04942,43.41411],[5.04892,43.41394],[5.04889,43.41401],[5.04883,43.41402],[5.04861,43.41398],[5.04843,43.41399],[5.0483,43.41403],[5.04828,43.41401],[5.04771,43.41404],[5.04742,43.41399],[5.04743,43.41395],[5.04731,43.41389],[5.0472,43.41377],[5.04714,43.41349],[5.04717,43.41342],[5.04723,43.41338],[5.04712,43.41331],[5.04715,43.41326],[5.04727,43.41321],[5.04744,43.41316],[5.04767,43.41316],[5.04785,43.41319],[5.04797,43.41325],[5.04832,43.41274],[5.04835,43.41262],[5.04831,43.41257],[5.04729,43.41243],[5.04715,43.4125],[5.04711,43.41255],[5.0468,43.41237],[5.0465,43.41229],[5.0458,43.41221],[5.04572,43.4124],[5.04565,43.41251],[5.04565,43.41255],[5.04567,43.41256],[5.04565,43.41261],[5.04567,43.41272],[5.04566,43.41294],[5.0448,43.41294],[5.04479,43.41297],[5.04362,43.41306],[5.04329,43.41304],[5.0428,43.41288],[5.04269,43.41317],[5.04228,43.4131],[5.04238,43.41344],[5.04251,43.41343]]]]},"properties":{"q":"QN01321I","n":"Notre Dame Des Marins","z":"ZAC","d":"13","com":["13056"]}},{"type":"Feature","geometry":{"type":"MultiPolygon","coordinates":[[[[5.04599,43.42082],[5.04582,43.42066],[5.04587,43.41984],[5.04565,43.41971],[5.0456,43.41965],[5.04557,43.41956],[5.04558,43.4195],[5.04566,43.41942],[5.04582,43.41936],[5.04565,43.41928],[5.04541,43.41909],[5.04469,43.41911],[5.0446,43.41926],[5.04505,43.41951],[5.04496,43.42034],[5.04506,43.42101],[5.04541,43.42126],[5.04572,43.42141],[5.04605,43.42152],[5.04673,43.42166],[5.04818,43.42167],[5.04831,43.42176],[5.04852,43.42178],[5.04885,43.42199],[5.04917,43.42207],[5.05007,43.42194],[5.05007,43.42184],[5.05028,43.42178],[5.05037,43.42172],[5.05051,43.42152],[5.05062,43.42115],[5.05067,43.42089],[5.05078,43.42069],[5.05114,43.42036],[5.0511,43.42023],[5.05144,43.42015],[5.05166,43.41999],[5.05181,43.41992],[5.05188,43.41983],[5.05189,43.4193],[5.05182,43.41918],[5.05184,43.41908],[5.0519,43.41901],[5.05174,43.41891],[5.05171,43.41874],[5.05186,43.41867],[5.05194,43.41857],[5.05198,43.41838],[5.05234,43.41834],[5.05356,43.41808],[5.05357,43.418],[5.05354,43.41793],[5.05363,43.41778],[5.05354,43.41751],[5.05362,43.4174],[5.05388,43.41734],[5.05392,43.41725],[5.05392,43.41695],[5.05382,43.41693],[5.05385,43.41678],[5.05375,43.41678],[5.05377,43.4167],[5.05339,43.41666],[5.05286,43.41665],[5.05278,43.41663],[5.05268,43.41651],[5.05268,43.41645],[5.05285,43.4163],[5.0529,43.41621],[5.05289,43.41601],[5.05208,43.416],[5.05178,43.41605],[5.05164,43.41613],[5.05134,43.41658],[5.05112,43.41719],[5.05116,43.41742],[5.05094,43.41767],[5.05091,43.41774],[5.05091,43.41781],[5.05104,43.41835],[5.05087,43.41834],[5.05093,43.41842],[5.05108,43.41846],[5.05109,43.41864],[5.051,43.41874],[5.05099,43.41878],[5.05104,43.41894],[5.05099,43.41927],[5.0509,43.41945],[5.05089,43.41952],[5.05057,43.41958],[5.05028,43.41955],[5.05025,43.41959],[5.05018,43.41958],[5.05,43.42004],[5.04989,43.42004],[5.04995,43.42013],[5.04996,43.42022],[5.04881,43.42022],[5.04864,43.42024],[5.04792,43.4204],[5.04781,43.4204],[5.04761,43.42034],[5.04683,43.42023],[5.04664,43.4204],[5.04634,43.42078],[5.04599,43.42082]]]]},"properties":{"q":"QN01322M","n":"Canto Perdrix","z":"ZAC","d":"13","com":["13056"]}},{"type":"Feature","geometry":{"type":"MultiPolygon","coordinates":[[[[4.97588,43.40372],[4.97615,43.40381],[4.97713,43.40397],[4.97728,43.40395],[4.97726,43.40383],[4.97703,43.40359],[4.97664,43.40332],[4.97675,43.40323],[4.97759,43.4031],[4.97772,43.4031],[4.97775,43.40337],[4.9789,43.40331],[4.97887,43.40316],[4.97808,43.40319],[4.97802,43.40277],[4.98045,43.40264],[4.98038,43.40198],[4.98107,43.40195],[4.98114,43.40257],[4.98159,43.40285],[4.98172,43.40291],[4.98182,43.40289],[4.98183,43.40265],[4.98167,43.40116],[4.98159,43.40117],[4.98136,43.40085],[4.98118,43.39981],[4.98143,43.39927],[4.9814,43.39899],[4.98112,43.39927],[4.98096,43.39934],[4.9801,43.39939],[4.98007,43.39906],[4.9797,43.39898],[4.97967,43.39914],[4.9797,43.39945],[4.97965,43.39957],[4.97928,43.4],[4.9791,43.40014],[4.97898,43.40018],[4.97826,43.40023],[4.97819,43.40021],[4.97801,43.40041],[4.97775,43.40063],[4.9779,43.40067],[4.97793,43.40074],[4.97796,43.40101],[4.97788,43.40101],[4.97788,43.40106],[4.97865,43.40102],[4.97872,43.40166],[4.97688,43.40177],[4.97678,43.40169],[4.97515,43.40176],[4.97472,43.4018],[4.97451,43.40185],[4.97422,43.40231],[4.97423,43.40243],[4.97429,43.40255],[4.97588,43.40372]]]]},"properties":{"q":"QN01323I","n":"Les Aigues Douces","z":"ZIP","d":"13","com":["13077"]}},{"type":"Feature","geometry":{"type":"MultiPolygon","coordinates":[[[[4.99045,43.40773],[4.99054,43.40774],[4.99056,43.40761],[4.99031,43.40759],[4.99037,43.40729],[4.98987,43.4073],[4.98928,43.40758],[4.9893,43.4076],[4.98906,43.40771],[4.98897,43.40768],[4.98883,43.40758],[4.9881,43.40762],[4.98805,43.40713],[4.98694,43.40719],[4.9866,43.40726],[4.98624,43.40726],[4.98621,43.40745],[4.98595,43.40746],[4.98325,43.40781],[4.98363,43.40926],[4.98199,43.40955],[4.98151,43.40905],[4.98133,43.40877],[4.98167,43.40871],[4.98153,43.40807],[4.98049,43.40838],[4.9801,43.40856],[4.97951,43.40888],[4.97924,43.40908],[4.97889,43.40938],[4.97836,43.40991],[4.97823,43.40999],[4.97889,43.41029],[4.97901,43.41043],[4.97877,43.41179],[4.97872,43.41187],[4.97872,43.41196],[4.97928,43.41209],[4.97948,43.4121],[4.97958,43.41268],[4.98089,43.41231],[4.98091,43.41214],[4.98087,43.41147],[4.9807,43.41032],[4.98103,43.41028],[4.98166,43.41029],[4.98215,43.41026],[4.98225,43.41027],[4.9823,43.4103],[4.98249,43.41109],[4.98259,43.41135],[4.9827,43.41146],[4.98257,43.41155],[4.98246,43.41171],[4.98234,43.41215],[4.98243,43.41216],[4.98247,43.41221],[4.98385,43.41186],[4.98384,43.41177],[4.98396,43.41181],[4.98465,43.41166],[4.98478,43.41159],[4.98474,43.41143],[4.98527,43.41126],[4.98536,43.4112],[4.98711,43.41245],[4.98618,43.41323],[4.98609,43.41328],[4.98608,43.41468],[4.98601,43.41475],[4.98522,43.41497],[4.98459,43.4152],[4.98448,43.4152],[4.98433,43.41516],[4.98416,43.41515],[4.98404,43.41518],[4.98373,43.41538],[4.98387,43.41549],[4.98392,43.41546],[4.98419,43.41583],[4.98383,43.41597],[4.98319,43.41629],[4.98225,43.41682],[4.98234,43.4169],[4.9826,43.41683],[4.98277,43.41682],[4.98294,43.41686],[4.98333,43.41709],[4.9832,43.41712],[4.98369,43.41738],[4.98393,43.41748],[4.98439,43.41759],[4.98437,43.41769],[4.98435,43.41831],[4.98688,43.41792],[4.98857,43.41726],[4.98808,43.41662],[4.98803,43.41662],[4.98798,43.41659],[4.98801,43.41652],[4.98717,43.41533],[4.98704,43.41507],[4.98695,43.415],[4.98669,43.41502],[4.9851,43.41549],[4.98422,43.41582],[4.98393,43.41543],[4.98403,43.41535],[4.98398,43.4153],[4.98414,43.41522],[4.98432,43.41523],[4.98451,43.41527],[4.98473,43.41524],[4.98508,43.41509],[4.98606,43.4148],[4.98615,43.41471],[4.98614,43.41394],[4.98618,43.41329],[4.9863,43.41322],[4.98707,43.41258],[4.98808,43.41203],[4.98826,43.41187],[4.98841,43.41168],[4.98854,43.41144],[4.98879,43.41078],[4.98942,43.41115],[4.98986,43.41146],[4.98965,43.41168],[4.9897,43.41177],[4.99011,43.41199],[4.99077,43.41194],[4.99077,43.41172],[4.99074,43.4116],[4.99033,43.41134],[4.99031,43.41128],[4.99039,43.41069],[4.99043,43.41061],[4.99049,43.41055],[4.99122,43.41004],[4.99125,43.41],[4.99136,43.40946],[4.99094,43.40948],[4.99071,43.40946],[4.99096,43.4084],[4.99061,43.40836],[4.99069,43.408],[4.99042,43.40797],[4.99045,43.40773]]]]},"properties":{"q":"QN01324M","n":"Les Comtes","z":"ZIP","d":"13","com":["13077"]}},{"type":"Feature","geometry":{"type":"MultiPolygon","coordinates":[[[[5.0425,43.79089],[5.04261,43.79083],[5.04206,43.79058],[5.04189,43.79076],[5.04179,43.79099],[5.04126,43.79097],[5.04093,43.791],[5.04079,43.79097],[5.04049,43.79084],[5.04044,43.79086],[5.04029,43.79076],[5.04038,43.79069],[5.04039,43.79066],[5.04037,43.7906],[5.04042,43.79058],[5.04036,43.79038],[5.04051,43.79036],[5.04052,43.79033],[5.04082,43.79025],[5.04091,43.79011],[5.04079,43.79003],[5.04066,43.78991],[5.04059,43.78995],[5.04008,43.79002],[5.03972,43.79002],[5.03969,43.79011],[5.03952,43.79009],[5.03924,43.79009],[5.03799,43.79056],[5.03789,43.79065],[5.03773,43.79122],[5.03667,43.7911],[5.0361,43.79097],[5.03566,43.79082],[5.03482,43.79044],[5.03488,43.79037],[5.0351,43.78982],[5.03497,43.78973],[5.0345,43.78958],[5.03361,43.78887],[5.03307,43.78942],[5.03323,43.78957],[5.03327,43.78957],[5.03352,43.78973],[5.03392,43.78992],[5.03415,43.79007],[5.03482,43.7904],[5.03479,43.79043],[5.03485,43.79048],[5.03482,43.79059],[5.0346,43.7906],[5.0348,43.79111],[5.03494,43.79128],[5.03503,43.79133],[5.03501,43.79141],[5.03468,43.79144],[5.03076,43.79213],[5.03059,43.79225],[5.03054,43.79231],[5.03053,43.79237],[5.03116,43.79234],[5.03268,43.79233],[5.03341,43.7923],[5.03391,43.79225],[5.03426,43.7922],[5.03582,43.79208],[5.03614,43.79204],[5.03625,43.79199],[5.03639,43.79217],[5.03672,43.79219],[5.03759,43.79216],[5.03758,43.79204],[5.03798,43.79206],[5.0389,43.79203],[5.04106,43.79167],[5.04179,43.79138],[5.04257,43.791],[5.04247,43.79091],[5.0425,43.79089]]]]},"properties":{"q":"QN01325M","n":"Centre Historique","z":"ZIP","d":"13","com":["13067"]}},{"type":"Feature","geometry":{"type":"MultiPolygon","coordinates":[[[[5.17395,43.48905],[5.17407,43.48895],[5.17401,43.48879],[5.17459,43.48819],[5.17466,43.48809],[5.17468,43.48795],[5.17481,43.48599],[5.17262,43.48596],[5.17279,43.48623],[5.17057,43.48611],[5.17061,43.48659],[5.17059,43.48741],[5.17062,43.48867],[5.16999,43.48861],[5.17001,43.48781],[5.16902,43.48774],[5.16904,43.48747],[5.16765,43.48734],[5.16785,43.48891],[5.16792,43.49018],[5.16796,43.49028],[5.16892,43.49054],[5.16897,43.49056],[5.16897,43.49059],[5.16972,43.49077],[5.1697,43.49036],[5.16975,43.49003],[5.16873,43.48993],[5.1689,43.48911],[5.16993,43.48921],[5.16999,43.48889],[5.17356,43.48899],[5.17395,43.48905]]]]},"properties":{"q":"QN01326I","n":"Quartier Béalet-Bessons-Mariélie","z":"ZIP","d":"13","com":["13014"]}},{"type":"Feature","geometry":{"type":"MultiPolygon","coordinates":[[[[5.10505,43.64885],[5.10513,43.64866],[5.10504,43.64848],[5.10499,43.64826],[5.10496,43.64821],[5.10462,43.64799],[5.10458,43.64793],[5.1045,43.6477],[5.10451,43.64758],[5.10441,43.64751],[5.10433,43.64749],[5.10421,43.64752],[5.10412,43.6475],[5.10398,43.64737],[5.10373,43.64727],[5.10368,43.64718],[5.10381,43.64694],[5.1038,43.64688],[5.10372,43.64679],[5.10337,43.6467],[5.10283,43.64662],[5.10268,43.64675],[5.10287,43.64725],[5.10308,43.64751],[5.10316,43.64773],[5.10326,43.64788],[5.10324,43.64797],[5.10333,43.64802],[5.10351,43.64822],[5.10329,43.64829],[5.10324,43.64824],[5.10214,43.64815],[5.10212,43.64824],[5.102,43.64825],[5.10147,43.64815],[5.10125,43.64807],[5.10131,43.64791],[5.10063,43.64777],[5.10061,43.64762],[5.10012,43.64762],[5.10012,43.6477],[5.09962,43.6478],[5.09954,43.64769],[5.09947,43.64775],[5.09954,43.64782],[5.0995,43.64826],[5.10056,43.64848],[5.10055,43.64853],[5.10191,43.64874],[5.10126,43.64993],[5.10109,43.65033],[5.1009,43.65066],[5.10031,43.65182],[5.09992,43.65251],[5.09992,43.65267],[5.09983,43.65328],[5.09979,43.65335],[5.10073,43.65342],[5.10092,43.65336],[5.10133,43.65312],[5.10197,43.65258],[5.10201,43.65252],[5.10214,43.65176],[5.10216,43.65173],[5.10354,43.65181],[5.10382,43.65176],[5.10415,43.65159],[5.1042,43.65107],[5.10464,43.65111],[5.10471,43.65093],[5.10474,43.65056],[5.10458,43.65019],[5.10431,43.64977],[5.10431,43.64951],[5.10425,43.64939],[5.1044,43.64923],[5.1051,43.64898],[5.10505,43.64885]]]]},"properties":{"q":"QN01327I","n":"Les Canourgues","z":"ZAC","d":"13","com":["13103"]}},{"type":"Feature","geometry":{"type":"MultiPolygon","coordinates":[[[[5.10013,43.63075],[5.10016,43.63085],[5.10022,43.63083],[5.10046,43.63076],[5.10055,43.63061],[5.10175,43.63094],[5.10146,43.63133],[5.10223,43.63143],[5.10239,43.63137],[5.10286,43.63098],[5.10316,43.63064],[5.10337,43.63021],[5.10319,43.62998],[5.103,43.62985],[5.10281,43.62978],[5.10231,43.6297],[5.10249,43.62937],[5.10277,43.62904],[5.10253,43.62892],[5.10241,43.6289],[5.1027,43.62806],[5.10216,43.62796],[5.10225,43.62754],[5.10168,43.62768],[5.10097,43.62802],[5.10049,43.62828],[5.10001,43.62865],[5.09988,43.62872],[5.09979,43.62863],[5.09978,43.62879],[5.09961,43.62884],[5.09958,43.62881],[5.09915,43.62904],[5.09909,43.6292],[5.09896,43.62941],[5.09886,43.62948],[5.09883,43.62954],[5.09885,43.62977],[5.09829,43.63083],[5.09845,43.63094],[5.09909,43.63107],[5.09933,43.6311],[5.09977,43.63098],[5.10013,43.63075]]]]},"properties":{"q":"QN01328I","n":"La Monaque","z":"ZAC","d":"13","com":["13103"]}},{"type":"Feature","geometry":{"type":"MultiPolygon","coordinates":[[[[5.22607,43.41649],[5.22573,43.41628],[5.22564,43.41633],[5.22487,43.41586],[5.22432,43.4157],[5.22382,43.41564],[5.22343,43.41585],[5.22308,43.41588],[5.22253,43.41579],[5.22231,43.41584],[5.22213,43.41594],[5.22189,43.41599],[5.2219,43.41665],[5.22053,43.41612],[5.22041,43.41623],[5.22032,43.41648],[5.21957,43.41624],[5.2197,43.41596],[5.21894,43.41583],[5.21817,43.41583],[5.21817,43.41611],[5.21714,43.41617],[5.21702,43.4162],[5.21699,43.41626],[5.2169,43.41659],[5.21632,43.41646],[5.21672,43.41559],[5.21658,43.4156],[5.21589,43.41554],[5.21493,43.41493],[5.21466,43.41497],[5.21459,43.41489],[5.2138,43.41444],[5.21385,43.41439],[5.21366,43.41427],[5.21352,43.41442],[5.21354,43.41444],[5.21342,43.41455],[5.21325,43.41464],[5.21358,43.41482],[5.21307,43.41534],[5.21293,43.41555],[5.21254,43.41546],[5.21188,43.41516],[5.212,43.41503],[5.21144,43.41486],[5.21135,43.41494],[5.21074,43.41471],[5.2106,43.41489],[5.21038,43.41481],[5.21043,43.41474],[5.21003,43.41458],[5.20951,43.41532],[5.20639,43.41461],[5.20585,43.41573],[5.20871,43.41632],[5.20985,43.41534],[5.21064,43.41563],[5.21252,43.41613],[5.21227,43.4169],[5.21281,43.41703],[5.21273,43.41733],[5.21314,43.41741],[5.21298,43.41792],[5.21411,43.41834],[5.21411,43.41832],[5.2149,43.41851],[5.21631,43.41892],[5.21645,43.41863],[5.21666,43.41869],[5.21687,43.41823],[5.21664,43.41817],[5.21677,43.41791],[5.21943,43.41857],[5.21949,43.41845],[5.22133,43.4188],[5.22167,43.41798],[5.22265,43.41818],[5.22249,43.41863],[5.22336,43.41884],[5.22357,43.41879],[5.22362,43.41876],[5.22383,43.41879],[5.22386,43.41883],[5.22378,43.4191],[5.22496,43.41939],[5.2256,43.41805],[5.2253,43.41793],[5.22457,43.4177],[5.22474,43.4172],[5.22479,43.41715],[5.2257,43.41727],[5.22577,43.41721],[5.22595,43.4167],[5.22607,43.41649]]]]},"properties":{"q":"QN01329I","n":"Centre ville","z":"ZAC","d":"13","com":["13054"]}},{"type":"Feature","geometry":{"type":"MultiPolygon","coordinates":[[[[5.37903,43.30327],[5.37942,43.30276],[5.37956,43.30254],[5.37982,43.30149],[5.37996,43.30139],[5.38167,43.30161],[5.38168,43.30192],[5.38196,43.30195],[5.38252,43.30207],[5.38341,43.30219],[5.38597,43.30347],[5.38789,43.30121],[5.38686,43.3007],[5.38676,43.30082],[5.38642,43.30067],[5.38646,43.30061],[5.38467,43.29977],[5.38515,43.29927],[5.38529,43.29907],[5.38536,43.29769],[5.38555,43.29577],[5.3859,43.29509],[5.38552,43.29431],[5.3852,43.29441],[5.38423,43.29487],[5.38289,43.29555],[5.38235,43.29572],[5.38155,43.29611],[5.3814,43.29624],[5.38233,43.29349],[5.382,43.29343],[5.38188,43.2933],[5.37883,43.29259],[5.37827,43.29361],[5.37627,43.29314],[5.37589,43.29394],[5.3754,43.29383],[5.37573,43.29301],[5.37481,43.29282],[5.37474,43.29289],[5.37423,43.29403],[5.37423,43.29411],[5.37437,43.29414],[5.37451,43.29423],[5.37457,43.29433],[5.37459,43.29454],[5.37442,43.29526],[5.37607,43.29581],[5.37587,43.29617],[5.37587,43.29625],[5.37563,43.29663],[5.37656,43.29691],[5.37656,43.29707],[5.37642,43.29731],[5.37642,43.29743],[5.37645,43.29744],[5.37645,43.29767],[5.37613,43.29768],[5.37612,43.29801],[5.37614,43.29802],[5.37614,43.29819],[5.37584,43.29819],[5.37584,43.29827],[5.37577,43.29842],[5.37578,43.29875],[5.37411,43.29875],[5.37416,43.29925],[5.37183,43.2994],[5.37181,43.29946],[5.3717,43.29953],[5.37156,43.29954],[5.37148,43.29951],[5.3714,43.29944],[5.37139,43.29938],[5.37144,43.2993],[5.37153,43.29925],[5.37143,43.29912],[5.37068,43.29787],[5.37051,43.29779],[5.37,43.29769],[5.36997,43.29787],[5.36991,43.29783],[5.36947,43.29777],[5.36941,43.29771],[5.36943,43.29761],[5.369,43.29745],[5.36868,43.29724],[5.3685,43.29716],[5.36785,43.29694],[5.36749,43.29687],[5.367,43.29681],[5.36682,43.29683],[5.36619,43.29703],[5.36592,43.29718],[5.36581,43.29775],[5.3661,43.29865],[5.3661,43.29877],[5.36672,43.30058],[5.36598,43.3007],[5.36604,43.30128],[5.36627,43.30207],[5.36559,43.30218],[5.36523,43.30098],[5.36513,43.30093],[5.36496,43.30095],[5.36418,43.30107],[5.36457,43.30235],[5.36554,43.30221],[5.36563,43.30235],[5.36631,43.30467],[5.36686,43.3046],[5.36704,43.30465],[5.36726,43.30462],[5.36734,43.3047],[5.36713,43.30496],[5.36754,43.3062],[5.36874,43.30653],[5.37057,43.30708],[5.36985,43.30835],[5.37082,43.30874],[5.37291,43.30512],[5.3744,43.30241],[5.37426,43.30233],[5.3742,43.30225],[5.3742,43.30215],[5.37433,43.30207],[5.37423,43.30154],[5.37491,43.30154],[5.37628,43.30167],[5.37606,43.302],[5.37778,43.30271],[5.37903,43.30327]]]]},"properties":{"q":"QN01330M","n":"Centre Ville 1er et 2e Arrondissements","z":"ZAC","d":"13","com":["13055"]}},{"type":"Feature","geometry":{"type":"MultiPolygon","coordinates":[[[[5.37477,43.32094],[5.37458,43.32264],[5.37455,43.32273],[5.37393,43.32366],[5.37389,43.32376],[5.3738,43.32488],[5.3743,43.32582],[5.37409,43.32586],[5.37412,43.32597],[5.37277,43.32598],[5.37305,43.32656],[5.3728,43.32664],[5.37282,43.3267],[5.37277,43.32672],[5.37294,43.32701],[5.37395,43.32669],[5.37401,43.32677],[5.37465,43.3266],[5.37479,43.32658],[5.3753,43.32817],[5.37511,43.32818],[5.37503,43.32821],[5.37496,43.32834],[5.37472,43.33141],[5.37638,43.33145],[5.37778,43.33138],[5.37798,43.33131],[5.37823,43.33127],[5.37849,43.3312],[5.37999,43.3306],[5.38013,43.33105],[5.38001,43.33124],[5.3798,43.33145],[5.37983,43.33149],[5.3798,43.33153],[5.3798,43.33157],[5.37967,43.33174],[5.37924,43.33205],[5.37916,43.33206],[5.37913,43.33202],[5.37908,43.33203],[5.37851,43.33223],[5.378,43.3325],[5.37795,43.33272],[5.37903,43.33282],[5.37934,43.33277],[5.37947,43.33279],[5.37967,43.33291],[5.38113,43.33232],[5.38028,43.33119],[5.38139,43.33091],[5.38148,43.33096],[5.38266,43.33027],[5.38257,43.33008],[5.3823,43.33016],[5.38227,43.32984],[5.38274,43.32979],[5.38419,43.32989],[5.38414,43.33021],[5.38417,43.33036],[5.3843,43.33051],[5.38452,43.33068],[5.38488,43.33077],[5.38497,43.33093],[5.38511,43.33104],[5.38507,43.33106],[5.386,43.33171],[5.38641,43.33134],[5.38649,43.33124],[5.38655,43.33106],[5.38647,43.33083],[5.38624,43.33041],[5.38616,43.33044],[5.3858,43.32975],[5.38586,43.32973],[5.38545,43.32901],[5.38498,43.32921],[5.38464,43.3294],[5.3845,43.32926],[5.3843,43.32921],[5.38386,43.32859],[5.38382,43.32858],[5.3837,43.32856],[5.38281,43.32884],[5.38263,43.32883],[5.38254,43.3288],[5.38251,43.32876],[5.38237,43.32819],[5.38459,43.32751],[5.38421,43.32686],[5.38183,43.32742],[5.38201,43.32778],[5.38217,43.32773],[5.38229,43.3279],[5.381,43.32827],[5.37898,43.32899],[5.37901,43.32909],[5.37838,43.32934],[5.37766,43.32932],[5.37746,43.32913],[5.37743,43.32916],[5.3772,43.32922],[5.37697,43.32932],[5.37682,43.32934],[5.37656,43.32947],[5.37643,43.3294],[5.37583,43.3293],[5.37541,43.32846],[5.37624,43.32836],[5.37741,43.32826],[5.37747,43.32815],[5.37754,43.32808],[5.37767,43.32808],[5.37783,43.328],[5.37795,43.32782],[5.37801,43.32765],[5.37788,43.3273],[5.3779,43.32727],[5.37796,43.32675],[5.37801,43.32671],[5.37803,43.32661],[5.37811,43.3266],[5.37778,43.32596],[5.37755,43.32598],[5.3775,43.32586],[5.37757,43.32585],[5.37757,43.32578],[5.37714,43.32493],[5.37708,43.32472],[5.37719,43.3247],[5.37711,43.32439],[5.37738,43.32435],[5.37765,43.3246],[5.37815,43.32439],[5.37787,43.3239],[5.37772,43.32376],[5.37784,43.32368],[5.3778,43.32361],[5.37776,43.32306],[5.3778,43.32302],[5.37778,43.32283],[5.37772,43.32261],[5.37654,43.32278],[5.37636,43.32217],[5.37501,43.32239],[5.37504,43.32169],[5.37508,43.32169],[5.37523,43.32107],[5.37477,43.32094]]]]},"properties":{"q":"QN01331M","n":"Canet Arnavaux Jean Jaurès","z":"ZAC","d":"13","com":["13055"]}},{"type":"Feature","geometry":{"type":"MultiPolygon","coordinates":[[[[5.39112,43.31517],[5.3912,43.31512],[5.39042,43.31499],[5.39022,43.31501],[5.38835,43.31546],[5.38801,43.31501],[5.38788,43.31491],[5.38838,43.3148],[5.38898,43.31478],[5.39095,43.31489],[5.39104,43.31483],[5.39136,43.31472],[5.39313,43.31428],[5.39312,43.3134],[5.39306,43.3132],[5.39291,43.31299],[5.39254,43.31307],[5.39171,43.3133],[5.39168,43.31342],[5.391,43.31373],[5.39069,43.31385],[5.39053,43.31389],[5.3901,43.31394],[5.39022,43.31329],[5.39059,43.31175],[5.39114,43.31205],[5.39269,43.31172],[5.39257,43.31145],[5.39197,43.31068],[5.39129,43.31012],[5.39069,43.30947],[5.39049,43.3094],[5.38791,43.30794],[5.38672,43.30904],[5.38629,43.3088],[5.38597,43.30904],[5.38593,43.30904],[5.38588,43.30924],[5.3848,43.30927],[5.38486,43.30897],[5.38325,43.30806],[5.38506,43.30633],[5.38601,43.30684],[5.38601,43.30667],[5.38578,43.30619],[5.38558,43.30612],[5.38518,43.30566],[5.38501,43.30556],[5.38419,43.30518],[5.38388,43.30511],[5.38292,43.30483],[5.38273,43.30498],[5.38238,43.30476],[5.38105,43.30403],[5.37901,43.30328],[5.37769,43.30269],[5.37604,43.30202],[5.37626,43.30169],[5.3749,43.30155],[5.37425,43.30155],[5.37435,43.30207],[5.37421,43.30215],[5.37421,43.30226],[5.37429,43.30236],[5.37441,43.30241],[5.37188,43.30701],[5.37083,43.30876],[5.37358,43.30986],[5.37337,43.3102],[5.37452,43.31064],[5.3745,43.31071],[5.37471,43.31083],[5.37435,43.31164],[5.37397,43.3119],[5.37267,43.31127],[5.37228,43.31188],[5.37135,43.31161],[5.3689,43.3156],[5.36838,43.31649],[5.36842,43.31651],[5.36658,43.31875],[5.36849,43.31928],[5.36881,43.31913],[5.37101,43.31969],[5.37123,43.31969],[5.37147,43.31995],[5.37279,43.32031],[5.37293,43.32002],[5.37275,43.32001],[5.37273,43.31986],[5.37281,43.31952],[5.37298,43.31945],[5.3731,43.31954],[5.37343,43.31942],[5.37363,43.31945],[5.37375,43.31952],[5.37389,43.31968],[5.37414,43.31988],[5.37438,43.32002],[5.37477,43.32084],[5.37545,43.32103],[5.37563,43.32106],[5.3758,43.32104],[5.37582,43.32091],[5.37593,43.32068],[5.37589,43.32058],[5.37603,43.32034],[5.3761,43.32011],[5.37603,43.31979],[5.37631,43.31939],[5.376,43.31929],[5.37618,43.31896],[5.37625,43.31862],[5.37695,43.31869],[5.37704,43.31865],[5.37699,43.31808],[5.37678,43.31735],[5.37693,43.31728],[5.37746,43.31708],[5.37806,43.31792],[5.37832,43.31814],[5.37889,43.31849],[5.37916,43.31874],[5.37994,43.31826],[5.37861,43.3173],[5.37865,43.31713],[5.37869,43.31707],[5.37909,43.31703],[5.37921,43.31694],[5.3796,43.31684],[5.37966,43.31688],[5.38109,43.316],[5.38092,43.31586],[5.38108,43.31582],[5.38115,43.31584],[5.3816,43.31607],[5.3814,43.31626],[5.38152,43.31635],[5.38121,43.31654],[5.38155,43.31684],[5.38178,43.317],[5.38232,43.31666],[5.38376,43.31794],[5.38437,43.31764],[5.38579,43.31687],[5.38626,43.31687],[5.38642,43.3171],[5.38645,43.3171],[5.38772,43.31664],[5.38788,43.31647],[5.38799,43.31641],[5.38812,43.31637],[5.38825,43.31652],[5.38897,43.31622],[5.38982,43.31732],[5.39009,43.31726],[5.39005,43.31714],[5.39001,43.31672],[5.38996,43.31659],[5.38982,43.31634],[5.38947,43.31593],[5.38942,43.31584],[5.38956,43.31583],[5.38961,43.31576],[5.38976,43.31567],[5.3905,43.31547],[5.39112,43.31517]]]]},"properties":{"q":"QN01332M","n":"Centre Ville 3e Arrondissement","z":"ZAC","d":"13","com":["13055"]}},{"type":"Feature","geometry":{"type":"MultiPolygon","coordinates":[[[[5.39751,43.26415],[5.39768,43.26386],[5.3981,43.26399],[5.39895,43.26417],[5.3994,43.26329],[5.39962,43.26336],[5.39989,43.26293],[5.40031,43.2628],[5.40085,43.26183],[5.40093,43.26119],[5.40096,43.26115],[5.40193,43.26135],[5.40305,43.26129],[5.40336,43.26085],[5.403,43.26013],[5.40292,43.26001],[5.40279,43.25995],[5.40193,43.25971],[5.40159,43.26022],[5.40139,43.26015],[5.40133,43.26023],[5.4014,43.26025],[5.40136,43.26048],[5.40126,43.26065],[5.40108,43.26085],[5.40095,43.2608],[5.40073,43.26112],[5.40089,43.26117],[5.40086,43.26158],[5.4008,43.26185],[5.40029,43.26277],[5.39999,43.26287],[5.39975,43.26277],[5.39976,43.26275],[5.39906,43.26245],[5.39876,43.26271],[5.39835,43.26265],[5.39826,43.26262],[5.39817,43.26256],[5.39808,43.26244],[5.39739,43.26221],[5.39642,43.26393],[5.39751,43.26415]]]]},"properties":{"q":"QN01333I","n":"La Cravache Le Trioulet","z":"ZAC","d":"13","com":["13055"]}},{"type":"Feature","geometry":{"type":"MultiPolygon","coordinates":[[[[5.40227,43.22897],[5.40225,43.22904],[5.40305,43.22982],[5.40286,43.22991],[5.40283,43.22995],[5.40269,43.23003],[5.4027,43.23006],[5.40261,43.2301],[5.40246,43.22995],[5.40208,43.23015],[5.40177,43.23095],[5.40085,43.23074],[5.40055,43.23145],[5.40125,43.23161],[5.4013,43.23187],[5.40162,43.23184],[5.4019,43.23185],[5.40327,43.23233],[5.40378,43.23248],[5.40342,43.23293],[5.40251,43.23388],[5.4033,43.23417],[5.40359,43.2338],[5.40426,43.23404],[5.40451,43.23389],[5.40471,43.23395],[5.40469,43.23399],[5.40729,43.23455],[5.40737,43.23417],[5.40714,43.23401],[5.40583,43.23348],[5.40483,43.23283],[5.40467,43.23274],[5.40444,43.23265],[5.40504,43.23142],[5.40507,43.23128],[5.40505,43.23122],[5.40484,43.231],[5.40484,43.23094],[5.40517,43.23022],[5.40517,43.23017],[5.40451,43.2295],[5.40432,43.2294],[5.40469,43.22921],[5.40472,43.22923],[5.40499,43.22914],[5.40525,43.229],[5.40513,43.22895],[5.40477,43.22868],[5.40465,43.22865],[5.40417,43.22818],[5.40387,43.22807],[5.40373,43.22788],[5.40375,43.22771],[5.40364,43.22664],[5.40351,43.22675],[5.40306,43.22745],[5.40289,43.2274],[5.40243,43.22856],[5.40203,43.22893],[5.40227,43.22897]]]]},"properties":{"q":"QN01334I","n":"La Cayolle","z":"ZAC","d":"13","com":["13055"]}},{"type":"Feature","geometry":{"type":"MultiPolygon","coordinates":[[[[5.41387,43.27376],[5.41421,43.27392],[5.41454,43.27411],[5.41505,43.27449],[5.41643,43.27532],[5.4175,43.27454],[5.41609,43.27364],[5.41635,43.27347],[5.41637,43.27348],[5.41731,43.27298],[5.41937,43.27178],[5.418,43.27044],[5.41719,43.27147],[5.41699,43.27147],[5.41702,43.2717],[5.41639,43.27206],[5.41608,43.27214],[5.41591,43.27216],[5.41554,43.27213],[5.41473,43.27187],[5.41473,43.27157],[5.4147,43.27135],[5.4146,43.27103],[5.41447,43.27082],[5.41326,43.27155],[5.41316,43.27165],[5.41343,43.27181],[5.41375,43.27193],[5.41474,43.27241],[5.4145,43.27286],[5.41387,43.27376]]]]},"properties":{"q":"QN01335M","n":"La Sauvagère","z":"ZAC","d":"13","com":["13055"]}},{"type":"Feature","geometry":{"type":"MultiPolygon","coordinates":[[[[5.4202,43.27998],[5.42002,43.28031],[5.42222,43.28098],[5.4232,43.28143],[5.42357,43.28092],[5.42262,43.28047],[5.4234,43.27946],[5.42322,43.27938],[5.42322,43.27935],[5.42434,43.27863],[5.42362,43.2779],[5.42241,43.27885],[5.42235,43.27895],[5.42178,43.27946],[5.4217,43.2796],[5.42162,43.27966],[5.42088,43.2793],[5.42121,43.27892],[5.42126,43.27895],[5.42139,43.27883],[5.42132,43.27878],[5.42173,43.27845],[5.42069,43.27775],[5.42038,43.27806],[5.4204,43.27807],[5.42021,43.27829],[5.42015,43.27832],[5.41992,43.27821],[5.41968,43.27848],[5.42082,43.27902],[5.42066,43.2792],[5.42086,43.27929],[5.42079,43.27931],[5.42009,43.27994],[5.4202,43.27998]]]]},"properties":{"q":"QN01336M","n":"Benza","z":"ZAC","d":"13","com":["13055"]}},{"type":"Feature","geometry":{"type":"MultiPolygon","coordinates":[[[[5.43866,43.28116],[5.43925,43.28114],[5.4402,43.28125],[5.4414,43.28113],[5.44169,43.28117],[5.44204,43.28129],[5.44228,43.28127],[5.44246,43.28097],[5.44245,43.28086],[5.44259,43.28077],[5.44265,43.28079],[5.44274,43.28035],[5.44285,43.28025],[5.44291,43.28013],[5.44294,43.27998],[5.44299,43.27994],[5.4431,43.27973],[5.44366,43.27928],[5.44368,43.27922],[5.44353,43.2791],[5.44354,43.27905],[5.44343,43.27899],[5.44325,43.27899],[5.44223,43.27885],[5.44179,43.27885],[5.44075,43.27851],[5.44026,43.27922],[5.4411,43.27963],[5.44123,43.27983],[5.43929,43.28052],[5.43926,43.28057],[5.43927,43.28062],[5.43944,43.28083],[5.43928,43.28083],[5.43861,43.28105],[5.4386,43.28108],[5.43866,43.28116]]]]},"properties":{"q":"QN01337I","n":"Saint Thys","z":"ZAC","d":"13","com":["13055"]}},{"type":"Feature","geometry":{"type":"MultiPolygon","coordinates":[[[[5.42419,43.29233],[5.42418,43.29277],[5.42488,43.29266],[5.42496,43.29252],[5.42527,43.29219],[5.42546,43.29231],[5.42547,43.29229],[5.42558,43.29229],[5.42586,43.29233],[5.42626,43.29247],[5.42676,43.29274],[5.4266,43.29297],[5.42688,43.29318],[5.4274,43.29347],[5.42754,43.29358],[5.42829,43.29383],[5.42834,43.29376],[5.4283,43.29374],[5.42834,43.2937],[5.42844,43.29377],[5.42853,43.29373],[5.42858,43.29377],[5.42905,43.29376],[5.42897,43.2934],[5.42903,43.29333],[5.42938,43.29314],[5.42955,43.29296],[5.42956,43.29264],[5.42954,43.29253],[5.4294,43.29237],[5.42893,43.29237],[5.42887,43.29218],[5.42891,43.29203],[5.42898,43.29189],[5.42901,43.29153],[5.42937,43.29152],[5.42939,43.29159],[5.43007,43.29145],[5.4302,43.29144],[5.43031,43.29199],[5.43176,43.29189],[5.43176,43.29221],[5.43283,43.29193],[5.43294,43.29173],[5.43294,43.29168],[5.433,43.29163],[5.43334,43.29137],[5.43349,43.29131],[5.43351,43.29126],[5.43356,43.29123],[5.43365,43.29122],[5.43382,43.29111],[5.43386,43.291],[5.43411,43.29102],[5.43415,43.291],[5.43417,43.29094],[5.43456,43.291],[5.43464,43.29105],[5.43482,43.2911],[5.43543,43.29116],[5.43594,43.29114],[5.43614,43.29082],[5.43621,43.29066],[5.43622,43.29037],[5.4363,43.29006],[5.43636,43.29],[5.43641,43.28995],[5.43655,43.28996],[5.43675,43.28991],[5.43759,43.29005],[5.43773,43.29002],[5.43782,43.28997],[5.438,43.28966],[5.43803,43.28954],[5.43804,43.28919],[5.43812,43.28914],[5.43801,43.28896],[5.43873,43.2891],[5.43878,43.2887],[5.43919,43.28807],[5.43898,43.28799],[5.43874,43.28794],[5.43852,43.28775],[5.43826,43.28757],[5.4381,43.28751],[5.43784,43.28747],[5.43776,43.2874],[5.43774,43.28734],[5.4377,43.28733],[5.43767,43.28737],[5.4376,43.28739],[5.43715,43.28734],[5.43714,43.28737],[5.43668,43.28728],[5.43657,43.28762],[5.43672,43.28762],[5.43667,43.28794],[5.43663,43.28793],[5.43658,43.2881],[5.43696,43.28814],[5.43663,43.28832],[5.43649,43.28875],[5.43783,43.28914],[5.43776,43.28932],[5.43642,43.2893],[5.43625,43.2901],[5.43601,43.29011],[5.43589,43.29015],[5.43527,43.29006],[5.43517,43.2901],[5.43392,43.29004],[5.43392,43.29001],[5.43301,43.28994],[5.43308,43.28962],[5.4331,43.28936],[5.43284,43.28935],[5.43272,43.2893],[5.43244,43.28931],[5.43229,43.28927],[5.43224,43.28934],[5.4323,43.28941],[5.4323,43.28945],[5.43225,43.28951],[5.43218,43.28954],[5.43207,43.28954],[5.43198,43.28947],[5.43199,43.2894],[5.43188,43.28938],[5.43106,43.28941],[5.43065,43.28945],[5.42951,43.28972],[5.42875,43.28976],[5.42836,43.28988],[5.42726,43.29047],[5.42677,43.29085],[5.42682,43.29094],[5.42676,43.29101],[5.42668,43.29104],[5.42659,43.29104],[5.42652,43.29101],[5.42649,43.29096],[5.4265,43.29088],[5.42637,43.29085],[5.4264,43.29075],[5.42634,43.28991],[5.42531,43.29034],[5.42486,43.29048],[5.42477,43.28971],[5.42481,43.28966],[5.42478,43.28868],[5.42547,43.28858],[5.42556,43.28865],[5.4271,43.28854],[5.42767,43.28847],[5.42767,43.28844],[5.42777,43.2884],[5.42792,43.28602],[5.42656,43.2859],[5.42607,43.28595],[5.42593,43.286],[5.42592,43.28784],[5.42573,43.28786],[5.42573,43.28789],[5.42525,43.28787],[5.42524,43.288],[5.42418,43.2879],[5.42424,43.28866],[5.42428,43.28974],[5.42428,43.29052],[5.42434,43.29063],[5.42439,43.29127],[5.4242,43.29185],[5.42419,43.29233]]]]},"properties":{"q":"QN01338I","n":"Air Bel","z":"ZAC","d":"13","com":["13055"]}},{"type":"Feature","geometry":{"type":"MultiPolygon","coordinates":[[[[5.4572,43.294],[5.45721,43.29411],[5.45713,43.29427],[5.45714,43.29441],[5.4571,43.29451],[5.45687,43.29479],[5.45638,43.2953],[5.45629,43.29552],[5.45616,43.29554],[5.4564,43.29643],[5.45603,43.29666],[5.45605,43.29674],[5.456,43.29678],[5.45543,43.29668],[5.4554,43.29674],[5.45534,43.29707],[5.45535,43.29725],[5.4554,43.29747],[5.45522,43.29749],[5.45553,43.29756],[5.45589,43.29794],[5.45593,43.29822],[5.45597,43.29831],[5.4576,43.29803],[5.4577,43.29773],[5.45775,43.29767],[5.45936,43.29788],[5.45948,43.29759],[5.45947,43.2975],[5.45931,43.29747],[5.45918,43.29733],[5.45915,43.29722],[5.45927,43.29693],[5.45921,43.29691],[5.45911,43.29682],[5.45908,43.29668],[5.45913,43.2966],[5.45928,43.29651],[5.45943,43.2965],[5.45962,43.29652],[5.45973,43.29657],[5.45998,43.29675],[5.45999,43.29682],[5.45993,43.29691],[5.46001,43.29695],[5.46008,43.29682],[5.46024,43.29664],[5.46074,43.29584],[5.46084,43.29574],[5.45975,43.29572],[5.45974,43.29587],[5.45898,43.29585],[5.459,43.29557],[5.45839,43.29567],[5.45792,43.29571],[5.45797,43.2943],[5.45784,43.29418],[5.45717,43.29396],[5.4572,43.294]]]]},"properties":{"q":"QN01339I","n":"La Rouguière","z":"ZAC","d":"13","com":["13055"]}},{"type":"Feature","geometry":{"type":"MultiPolygon","coordinates":[[[[5.45426,43.28659],[5.45488,43.28668],[5.45494,43.28675],[5.45491,43.28693],[5.45502,43.28693],[5.45506,43.28688],[5.456,43.28696],[5.45608,43.28654],[5.45651,43.28664],[5.45653,43.28645],[5.45665,43.28626],[5.4567,43.28628],[5.45672,43.28622],[5.4567,43.2862],[5.45687,43.28601],[5.45706,43.28593],[5.45738,43.2861],[5.45783,43.28614],[5.45786,43.28595],[5.45794,43.28571],[5.45796,43.2857],[5.45795,43.28564],[5.45803,43.28561],[5.45797,43.28548],[5.45891,43.2852],[5.45929,43.28531],[5.45969,43.28548],[5.45976,43.28541],[5.46045,43.28499],[5.46039,43.28446],[5.46063,43.28443],[5.4606,43.28371],[5.46072,43.2837],[5.46071,43.28342],[5.46085,43.28341],[5.46082,43.28299],[5.46138,43.28297],[5.46137,43.28288],[5.46131,43.28276],[5.4584,43.28299],[5.45846,43.28255],[5.45753,43.28222],[5.45719,43.28236],[5.45689,43.28257],[5.45681,43.28309],[5.45686,43.28374],[5.45683,43.28399],[5.45684,43.28408],[5.45678,43.28428],[5.4568,43.28458],[5.45708,43.28521],[5.45705,43.28551],[5.45685,43.28576],[5.4568,43.28575],[5.45667,43.28593],[5.45589,43.28569],[5.45502,43.28549],[5.45409,43.2851],[5.45385,43.28504],[5.45329,43.28493],[5.45327,43.28497],[5.45314,43.28534],[5.45311,43.28534],[5.45309,43.28548],[5.45341,43.28549],[5.45332,43.28586],[5.45337,43.28587],[5.45334,43.28597],[5.45378,43.28606],[5.45408,43.28609],[5.4541,43.28599],[5.45436,43.28606],[5.45433,43.28609],[5.45426,43.28659]]]]},"properties":{"q":"QN01340I","n":"Valbarelle Néréïdes Bosquet","z":"ZAC","d":"13","com":["13055"]}},{"type":"Feature","geometry":{"type":"MultiPolygon","coordinates":[[[[5.50259,43.28178],[5.50258,43.28167],[5.50267,43.28154],[5.50278,43.28147],[5.50275,43.28143],[5.50295,43.28141],[5.50319,43.28142],[5.50375,43.28152],[5.50409,43.28144],[5.50423,43.28138],[5.50485,43.28133],[5.50499,43.28157],[5.50513,43.28175],[5.50507,43.28177],[5.50541,43.28237],[5.50581,43.28224],[5.50576,43.28253],[5.50625,43.28291],[5.50674,43.28281],[5.50688,43.28275],[5.50697,43.28266],[5.507,43.28262],[5.50698,43.28262],[5.50714,43.28239],[5.50726,43.28233],[5.50735,43.28223],[5.50746,43.28196],[5.50738,43.28178],[5.50661,43.28103],[5.5059,43.28105],[5.50575,43.28074],[5.50484,43.2808],[5.50474,43.28084],[5.50468,43.28089],[5.50451,43.28092],[5.50446,43.28083],[5.50437,43.28077],[5.50299,43.27998],[5.50292,43.27995],[5.50281,43.27993],[5.50256,43.27997],[5.50204,43.28011],[5.5018,43.28022],[5.5017,43.28035],[5.50157,43.28072],[5.50157,43.28083],[5.50162,43.28094],[5.50205,43.28144],[5.50214,43.28179],[5.50259,43.28178]]]]},"properties":{"q":"QN01341I","n":"Les Escourtines","z":"ZAC","d":"13","com":["13055","13070"]}},{"type":"Feature","geometry":{"type":"MultiPolygon","coordinates":[[[[5.40944,43.32939],[5.41011,43.3293],[5.41011,43.32899],[5.4105,43.32898],[5.4108,43.32893],[5.41085,43.32959],[5.4114,43.32957],[5.41176,43.3295],[5.412,43.32781],[5.41271,43.3278],[5.41271,43.32773],[5.4128,43.32769],[5.41276,43.3276],[5.41262,43.32587],[5.41289,43.3257],[5.41304,43.32533],[5.41239,43.32516],[5.41265,43.32491],[5.41175,43.32448],[5.41141,43.32435],[5.41114,43.32471],[5.41107,43.32469],[5.4107,43.32446],[5.41095,43.32404],[5.41045,43.32374],[5.40995,43.32406],[5.40985,43.32364],[5.40938,43.32246],[5.40924,43.32203],[5.40919,43.32185],[5.40915,43.32148],[5.40873,43.32156],[5.40867,43.32159],[5.40864,43.32168],[5.40855,43.32175],[5.4084,43.32177],[5.40828,43.32194],[5.40816,43.32206],[5.40814,43.3222],[5.40781,43.32213],[5.40759,43.32201],[5.40669,43.32264],[5.40684,43.32278],[5.40671,43.32287],[5.4068,43.32293],[5.4067,43.3231],[5.40725,43.32347],[5.40794,43.32365],[5.40798,43.32369],[5.408,43.3238],[5.40793,43.32391],[5.40768,43.32412],[5.40715,43.32435],[5.40708,43.32435],[5.40689,43.32417],[5.40669,43.32405],[5.40564,43.32507],[5.40554,43.32502],[5.40513,43.32547],[5.40466,43.32517],[5.40506,43.3247],[5.40463,43.32442],[5.40458,43.32447],[5.40433,43.32421],[5.40431,43.32411],[5.40436,43.32401],[5.40403,43.32411],[5.40395,43.32426],[5.40394,43.3244],[5.40414,43.32463],[5.40415,43.32471],[5.4037,43.32516],[5.40367,43.32522],[5.40367,43.32558],[5.40362,43.32573],[5.40347,43.326],[5.40304,43.32653],[5.4024,43.32709],[5.40287,43.32763],[5.40301,43.32757],[5.40335,43.32775],[5.40355,43.32767],[5.40453,43.32705],[5.40492,43.32742],[5.40473,43.32756],[5.40428,43.32823],[5.40434,43.32849],[5.40442,43.32862],[5.40424,43.32868],[5.404,43.32888],[5.40402,43.32941],[5.40551,43.32938],[5.40552,43.32957],[5.40794,43.3295],[5.40944,43.32939]]]]},"properties":{"q":"QN01342I","n":"Malpassé Corot","z":"ZAC","d":"13","com":["13055"]}},{"type":"Feature","geometry":{"type":"MultiPolygon","coordinates":[[[[5.42075,43.33801],[5.42061,43.33854],[5.42065,43.33892],[5.42073,43.33908],[5.42082,43.33914],[5.42094,43.33918],[5.42245,43.3392],[5.4225,43.33922],[5.42248,43.33946],[5.42281,43.33923],[5.42365,43.3397],[5.42342,43.34024],[5.42362,43.34031],[5.42383,43.34035],[5.42438,43.34038],[5.42529,43.34047],[5.4257,43.3403],[5.42597,43.34001],[5.42612,43.33995],[5.42622,43.33988],[5.42666,43.33982],[5.42718,43.33951],[5.42771,43.339],[5.42786,43.33892],[5.42759,43.33882],[5.42749,43.33886],[5.427,43.33897],[5.42638,43.33904],[5.42603,43.33915],[5.42586,43.33858],[5.4259,43.33857],[5.42578,43.33816],[5.42554,43.33816],[5.42498,43.33806],[5.42397,43.33889],[5.42287,43.33776],[5.42199,43.33767],[5.42158,43.33799],[5.42132,43.33782],[5.42108,43.33779],[5.42093,43.33783],[5.42075,43.33801]]]]},"properties":{"q":"QN01343I","n":"Balustres Cerisaie","z":"ZAC","d":"13","com":["13055"]}},{"type":"Feature","geometry":{"type":"MultiPolygon","coordinates":[[[[5.42659,43.32734],[5.42686,43.32713],[5.42675,43.32704],[5.42626,43.32671],[5.42628,43.32669],[5.42577,43.32639],[5.4255,43.32631],[5.42532,43.32629],[5.42524,43.32597],[5.42582,43.32615],[5.42658,43.32626],[5.42743,43.3266],[5.42812,43.32719],[5.42847,43.32711],[5.43041,43.32713],[5.43087,43.32705],[5.43086,43.32621],[5.43088,43.32617],[5.43077,43.32583],[5.43057,43.32574],[5.43066,43.32544],[5.43053,43.32545],[5.43037,43.32542],[5.4301,43.32531],[5.42988,43.32512],[5.42989,43.32501],[5.43022,43.32458],[5.42958,43.32417],[5.42974,43.32394],[5.4293,43.32369],[5.42927,43.3237],[5.42917,43.32363],[5.42921,43.3236],[5.42923,43.32351],[5.42932,43.32347],[5.42935,43.32342],[5.42867,43.32295],[5.4277,43.32335],[5.42676,43.3236],[5.42644,43.32364],[5.42618,43.32363],[5.42587,43.32358],[5.42512,43.32365],[5.42479,43.32365],[5.42462,43.32424],[5.42339,43.32406],[5.42359,43.3242],[5.42334,43.32447],[5.42351,43.32458],[5.42367,43.32472],[5.4238,43.32478],[5.4239,43.32506],[5.42378,43.32513],[5.42371,43.32522],[5.42365,43.3254],[5.42365,43.32549],[5.42369,43.32555],[5.42409,43.32584],[5.42407,43.32589],[5.42659,43.32734]]]]},"properties":{"q":"QN01344M","n":"Frais Vallon","z":"ZAC","d":"13","com":["13055"]}},{"type":"Feature","geometry":{"type":"MultiPolygon","coordinates":[[[[5.44367,43.33254],[5.44344,43.33237],[5.44307,43.33222],[5.44294,43.3325],[5.4428,43.33247],[5.44268,43.33256],[5.44265,43.33255],[5.44243,43.33269],[5.44234,43.33263],[5.44228,43.33266],[5.44204,43.33247],[5.44192,43.33245],[5.44193,43.33241],[5.44166,43.33232],[5.4416,43.3324],[5.44125,43.33264],[5.44068,43.33241],[5.44083,43.33275],[5.44065,43.33301],[5.43999,43.33324],[5.43967,43.33291],[5.43943,43.33274],[5.43909,43.33278],[5.43887,43.33278],[5.43818,43.33266],[5.43792,43.33258],[5.43753,43.33239],[5.43718,43.33233],[5.43719,43.33227],[5.43706,43.33214],[5.43588,43.33191],[5.43558,43.33263],[5.43549,43.33264],[5.4349,43.33235],[5.43388,43.33176],[5.43361,43.33163],[5.43257,43.33128],[5.43245,43.33138],[5.43166,43.33112],[5.4313,43.33096],[5.43147,43.33088],[5.43086,43.33067],[5.43004,43.33026],[5.4293,43.32985],[5.43051,43.32933],[5.43061,43.32921],[5.43061,43.32914],[5.43003,43.32893],[5.42959,43.32888],[5.42903,43.32885],[5.42893,43.3288],[5.4289,43.32871],[5.42866,43.32861],[5.4284,43.32843],[5.428,43.32828],[5.42781,43.32826],[5.42748,43.32828],[5.42733,43.32835],[5.42728,43.32832],[5.42723,43.32811],[5.42709,43.32792],[5.42694,43.32778],[5.42643,43.32748],[5.42658,43.32735],[5.42404,43.32588],[5.42379,43.32613],[5.42447,43.32677],[5.42467,43.32704],[5.42478,43.32711],[5.42487,43.32722],[5.42538,43.32756],[5.42589,43.32803],[5.42638,43.3283],[5.42672,43.3284],[5.42743,43.32897],[5.42794,43.32927],[5.4279,43.32933],[5.42803,43.32938],[5.42794,43.32948],[5.42781,43.32948],[5.4277,43.32953],[5.42763,43.32959],[5.42756,43.3297],[5.42754,43.32982],[5.42752,43.33016],[5.42755,43.33028],[5.42767,43.33054],[5.42778,43.33069],[5.42865,43.33167],[5.4289,43.33186],[5.43064,43.33315],[5.43112,43.33348],[5.43239,43.33269],[5.43253,43.33276],[5.43267,43.33279],[5.43248,43.33322],[5.43258,43.33331],[5.43263,43.33342],[5.43253,43.3335],[5.43281,43.33373],[5.43209,43.33434],[5.43248,43.33477],[5.4326,43.33486],[5.43285,43.33504],[5.43325,43.33522],[5.43438,43.33449],[5.43476,43.33443],[5.43526,43.33444],[5.4357,43.33433],[5.436,43.33428],[5.43633,43.33432],[5.43711,43.33427],[5.43724,43.33431],[5.43759,43.33454],[5.43795,43.33467],[5.43852,43.33431],[5.43856,43.33434],[5.43865,43.33485],[5.43888,43.33518],[5.43912,43.33549],[5.43954,43.33583],[5.43969,43.33589],[5.43965,43.33579],[5.43972,43.33557],[5.44002,43.33422],[5.44015,43.33381],[5.4403,43.33382],[5.44022,43.33373],[5.44023,43.33351],[5.44052,43.33357],[5.44055,43.33353],[5.44143,43.33337],[5.4415,43.33359],[5.44172,43.33372],[5.44191,43.33378],[5.44231,43.33378],[5.44284,43.33365],[5.44311,43.33365],[5.44367,43.33254]]]]},"properties":{"q":"QN01345M","n":"Le Clos La Rose","z":"ZAC","d":"13","com":["13055"]}},{"type":"Feature","geometry":{"type":"MultiPolygon","coordinates":[[[[5.43818,43.31936],[5.4379,43.32002],[5.43788,43.32014],[5.43793,43.32029],[5.43864,43.32015],[5.43882,43.32009],[5.44066,43.32016],[5.44133,43.32008],[5.44138,43.32033],[5.44137,43.32068],[5.44133,43.32078],[5.44123,43.32092],[5.44117,43.32096],[5.44115,43.321],[5.43998,43.32077],[5.43912,43.32051],[5.4388,43.32098],[5.43953,43.32128],[5.44026,43.32149],[5.44052,43.32147],[5.44062,43.32181],[5.44085,43.32183],[5.44118,43.32192],[5.44112,43.32213],[5.44163,43.32215],[5.4422,43.32208],[5.44242,43.32142],[5.44248,43.32142],[5.44247,43.32128],[5.4425,43.32088],[5.44253,43.32086],[5.44255,43.32075],[5.44257,43.32053],[5.44256,43.32012],[5.44331,43.32004],[5.44292,43.31993],[5.44277,43.31986],[5.44258,43.31971],[5.44252,43.31947],[5.44197,43.31932],[5.44133,43.31911],[5.4412,43.31909],[5.44099,43.31902],[5.44098,43.31897],[5.44086,43.31896],[5.44061,43.31902],[5.44044,43.31842],[5.43995,43.31848],[5.43994,43.31846],[5.43985,43.31844],[5.43967,43.31847],[5.43967,43.31855],[5.43954,43.31856],[5.43948,43.31851],[5.43939,43.31851],[5.43938,43.31878],[5.43914,43.31913],[5.43906,43.31911],[5.43818,43.31936]]]]},"properties":{"q":"QN01346M","n":"Le Petit Séminaire","z":"ZAC","d":"13","com":["13055"]}},{"type":"Feature","geometry":{"type":"MultiPolygon","coordinates":[[[[5.4543,43.32853],[5.4538,43.32823],[5.45366,43.32825],[5.45361,43.3283],[5.45355,43.32855],[5.45356,43.32868],[5.45359,43.32871],[5.45358,43.32873],[5.45373,43.32907],[5.4539,43.3292],[5.45378,43.32929],[5.45375,43.32951],[5.45369,43.32961],[5.45374,43.32962],[5.45451,43.33016],[5.45449,43.33019],[5.45518,43.33066],[5.45546,43.33101],[5.45589,43.33113],[5.45588,43.33119],[5.45604,43.33122],[5.45602,43.33112],[5.45623,43.33108],[5.45636,43.331],[5.45654,43.33064],[5.45663,43.33066],[5.45677,43.33039],[5.45695,43.33024],[5.45721,43.33016],[5.45742,43.3302],[5.45745,43.33016],[5.45755,43.33023],[5.45757,43.33008],[5.45748,43.33011],[5.45748,43.33008],[5.45736,43.33002],[5.45729,43.32972],[5.45722,43.32961],[5.45708,43.32952],[5.4569,43.32946],[5.45692,43.32943],[5.45572,43.3291],[5.45502,43.32886],[5.4543,43.32853]]]]},"properties":{"q":"QN01347I","n":"La Marie","z":"ZAC","d":"13","com":["13055"]}},{"type":"Feature","geometry":{"type":"MultiPolygon","coordinates":[[[[5.45416,43.32481],[5.45408,43.32493],[5.45417,43.32523],[5.45466,43.32513],[5.4547,43.32515],[5.45501,43.32603],[5.45517,43.32618],[5.45533,43.32605],[5.45552,43.32597],[5.45619,43.3255],[5.4565,43.3251],[5.45688,43.32473],[5.45714,43.3246],[5.45805,43.32403],[5.45868,43.32357],[5.45946,43.32319],[5.46109,43.32262],[5.46096,43.32073],[5.46099,43.3203],[5.46048,43.32038],[5.45997,43.32051],[5.4596,43.32112],[5.45957,43.32171],[5.4595,43.32188],[5.4594,43.322],[5.45901,43.32229],[5.45889,43.32242],[5.45864,43.32289],[5.45811,43.32347],[5.45747,43.32297],[5.45709,43.32326],[5.45672,43.32314],[5.45642,43.32364],[5.45617,43.32391],[5.45544,43.32356],[5.45548,43.32347],[5.45513,43.32351],[5.4546,43.32363],[5.45439,43.32381],[5.45436,43.3238],[5.45417,43.32406],[5.45412,43.32404],[5.45391,43.32438],[5.45405,43.32443],[5.45411,43.32453],[5.45416,43.32468],[5.45416,43.32481]]]]},"properties":{"q":"QN01348M","n":"Les Olives","z":"ZAC","d":"13","com":["13055"]}},{"type":"Feature","geometry":{"type":"MultiPolygon","coordinates":[[[[5.38677,43.34037],[5.3868,43.34023],[5.38638,43.339],[5.3863,43.33878],[5.38586,43.33783],[5.38553,43.33794],[5.38539,43.33804],[5.38526,43.33802],[5.38523,43.33796],[5.38515,43.33798],[5.38475,43.33816],[5.38464,43.33816],[5.38433,43.33835],[5.3839,43.33746],[5.38299,43.33761],[5.38279,43.33768],[5.38298,43.33851],[5.383,43.33852],[5.38301,43.33855],[5.38168,43.33929],[5.38126,43.33938],[5.38126,43.33941],[5.38025,43.33979],[5.38047,43.34005],[5.3805,43.34027],[5.38074,43.34024],[5.38127,43.34026],[5.38131,43.34015],[5.38191,43.34031],[5.38222,43.34034],[5.38237,43.34079],[5.3827,43.34077],[5.3829,43.34079],[5.38346,43.34096],[5.3837,43.34101],[5.38392,43.34099],[5.38401,43.34115],[5.38398,43.3413],[5.38399,43.34148],[5.38405,43.34168],[5.384,43.34172],[5.38416,43.34193],[5.38428,43.34203],[5.3839,43.34224],[5.38354,43.34221],[5.38318,43.34211],[5.38287,43.34206],[5.38102,43.34256],[5.38122,43.34301],[5.38164,43.34291],[5.38162,43.34304],[5.38292,43.34288],[5.38319,43.34334],[5.38344,43.34341],[5.38368,43.34343],[5.38386,43.34342],[5.38405,43.34336],[5.38415,43.34327],[5.38476,43.34304],[5.38534,43.3435],[5.38333,43.34469],[5.38242,43.34528],[5.38259,43.34547],[5.38255,43.34551],[5.38288,43.34571],[5.38313,43.34666],[5.38367,43.34662],[5.38398,43.34656],[5.38403,43.34677],[5.38415,43.34702],[5.38426,43.3472],[5.38447,43.3474],[5.38453,43.34757],[5.3845,43.34762],[5.38434,43.34771],[5.38449,43.34804],[5.38456,43.34813],[5.38546,43.34803],[5.38558,43.34756],[5.38554,43.34741],[5.3852,43.34743],[5.38527,43.34689],[5.38533,43.34679],[5.38545,43.34669],[5.38571,43.34659],[5.38559,43.34632],[5.38514,43.34589],[5.38424,43.34476],[5.38405,43.34434],[5.38527,43.34366],[5.38599,43.3429],[5.38615,43.34269],[5.3864,43.34223],[5.3865,43.34194],[5.38656,43.34166],[5.38668,43.34081],[5.38677,43.34037]]]]},"properties":{"q":"QN01349M","n":"La Simiane La Paternelle Vieux Moulin","z":"ZAC","d":"13","com":["13055"]}},{"type":"Feature","geometry":{"type":"MultiPolygon","coordinates":[[[[5.38851,43.32436],[5.38754,43.32427],[5.38671,43.32371],[5.38664,43.32364],[5.38703,43.32312],[5.38749,43.32264],[5.38838,43.3219],[5.38853,43.32222],[5.38937,43.32202],[5.38937,43.32185],[5.3895,43.32155],[5.38999,43.32103],[5.38913,43.32083],[5.38918,43.32078],[5.38903,43.32068],[5.38908,43.32064],[5.38881,43.32044],[5.38839,43.32073],[5.38785,43.32037],[5.38912,43.31953],[5.38936,43.31939],[5.38971,43.31914],[5.38985,43.31914],[5.39019,43.31922],[5.39035,43.31822],[5.39044,43.31825],[5.39052,43.31818],[5.39084,43.31806],[5.39099,43.31812],[5.39128,43.31828],[5.39143,43.31839],[5.39167,43.31867],[5.39201,43.31945],[5.39335,43.31909],[5.39335,43.31949],[5.39349,43.3195],[5.39364,43.31958],[5.39359,43.31962],[5.39398,43.31984],[5.39387,43.3199],[5.39357,43.32012],[5.39339,43.32019],[5.39351,43.32048],[5.39319,43.32226],[5.3935,43.32214],[5.3935,43.32209],[5.3938,43.32201],[5.39375,43.32195],[5.39447,43.32167],[5.39465,43.32162],[5.39458,43.32145],[5.39462,43.32144],[5.39461,43.32138],[5.39481,43.32129],[5.39473,43.3211],[5.39441,43.32117],[5.39432,43.32019],[5.39421,43.32004],[5.39428,43.32],[5.39442,43.32015],[5.39464,43.32019],[5.39516,43.32017],[5.3954,43.32018],[5.39596,43.32036],[5.39612,43.32016],[5.39614,43.31978],[5.3958,43.31927],[5.39565,43.31896],[5.39558,43.31873],[5.39545,43.31867],[5.39526,43.31866],[5.39525,43.31857],[5.39522,43.31858],[5.39517,43.31845],[5.39486,43.3185],[5.39477,43.31835],[5.39466,43.31837],[5.39458,43.31821],[5.39454,43.31793],[5.39444,43.31786],[5.39418,43.31797],[5.39406,43.31782],[5.39398,43.31787],[5.39348,43.31794],[5.39306,43.31796],[5.39303,43.31762],[5.39269,43.31789],[5.39262,43.31803],[5.39205,43.31809],[5.39206,43.31814],[5.39213,43.31817],[5.39197,43.31828],[5.3921,43.31853],[5.39173,43.31863],[5.39143,43.31834],[5.39101,43.3181],[5.39071,43.31798],[5.39008,43.31726],[5.38982,43.31732],[5.39028,43.31819],[5.38964,43.31835],[5.38931,43.31825],[5.38622,43.31881],[5.38659,43.31921],[5.38597,43.31979],[5.38567,43.31997],[5.38559,43.32004],[5.3856,43.32012],[5.38554,43.32034],[5.38556,43.32042],[5.38549,43.32053],[5.38501,43.3209],[5.38504,43.32098],[5.38496,43.32106],[5.38499,43.32111],[5.38485,43.32114],[5.38468,43.32069],[5.38452,43.32061],[5.38439,43.32063],[5.38432,43.321],[5.38435,43.32147],[5.38432,43.32163],[5.38412,43.32208],[5.38382,43.32244],[5.38379,43.32271],[5.38422,43.32304],[5.3834,43.32347],[5.38333,43.32344],[5.38287,43.32342],[5.38303,43.32133],[5.38068,43.32175],[5.38064,43.32183],[5.37987,43.32208],[5.37949,43.32146],[5.3796,43.32142],[5.37942,43.32098],[5.37936,43.32065],[5.38051,43.32033],[5.38043,43.31996],[5.37926,43.32023],[5.37926,43.32028],[5.37905,43.3203],[5.37874,43.32006],[5.37881,43.32023],[5.37885,43.32054],[5.37878,43.32055],[5.37883,43.32075],[5.3784,43.3208],[5.37832,43.32075],[5.37831,43.32065],[5.37822,43.32129],[5.37824,43.32141],[5.37828,43.3214],[5.37835,43.32175],[5.37845,43.32194],[5.3783,43.32198],[5.37835,43.3224],[5.37865,43.32344],[5.37956,43.32321],[5.37957,43.32316],[5.3795,43.32305],[5.38064,43.32267],[5.38056,43.32254],[5.38106,43.32238],[5.38153,43.32313],[5.38117,43.32325],[5.38075,43.32352],[5.38094,43.32369],[5.38172,43.32343],[5.38202,43.32395],[5.38231,43.32437],[5.38267,43.32472],[5.38287,43.32502],[5.3838,43.32628],[5.38437,43.32612],[5.38489,43.32593],[5.3848,43.32578],[5.38525,43.32577],[5.38575,43.32559],[5.38617,43.32601],[5.38673,43.3267],[5.38729,43.32658],[5.38735,43.32661],[5.38743,43.3266],[5.38755,43.3265],[5.38778,43.32652],[5.38771,43.32674],[5.38851,43.32436]]]]},"properties":{"q":"QN01350M","n":"Saint Gabriel Bon Secours","z":"ZAC","d":"13","com":["13055"]}},{"type":"Feature","geometry":{"type":"MultiPolygon","coordinates":[[[[5.41259,43.33365],[5.41299,43.33372],[5.41329,43.33304],[5.41324,43.33243],[5.41306,43.33224],[5.41325,43.33198],[5.41332,43.33182],[5.41334,43.33168],[5.4133,43.33116],[5.41351,43.3311],[5.4136,43.33104],[5.41365,43.33093],[5.41362,43.33082],[5.41354,43.33074],[5.41338,43.33072],[5.41248,43.33076],[5.41231,43.33075],[5.4121,43.33069],[5.41565,43.32909],[5.4165,43.32896],[5.4168,43.32888],[5.41753,43.32844],[5.41842,43.32774],[5.41839,43.32769],[5.41841,43.32752],[5.41832,43.32737],[5.41698,43.32638],[5.41664,43.32603],[5.41642,43.32627],[5.41607,43.3275],[5.41586,43.32764],[5.41582,43.32778],[5.41584,43.32791],[5.41577,43.3281],[5.41566,43.32813],[5.41554,43.3282],[5.41543,43.32839],[5.41525,43.32923],[5.41206,43.33065],[5.41211,43.33174],[5.41162,43.33175],[5.41154,43.3318],[5.41062,43.33182],[5.40982,43.3317],[5.4098,43.33118],[5.4097,43.33086],[5.40867,43.33085],[5.40867,43.33068],[5.40813,43.33069],[5.40752,43.33082],[5.40756,43.33134],[5.40735,43.33135],[5.40735,43.33131],[5.40707,43.33132],[5.40707,43.33137],[5.40683,43.33137],[5.40683,43.33134],[5.4065,43.33139],[5.40651,43.33141],[5.40633,43.33145],[5.40699,43.33274],[5.40777,43.33268],[5.40783,43.3324],[5.40787,43.33197],[5.40981,43.33192],[5.41017,43.33193],[5.41014,43.33387],[5.41029,43.33468],[5.41099,43.33502],[5.41163,43.33496],[5.41162,43.33486],[5.41164,43.33474],[5.41183,43.33449],[5.41188,43.33438],[5.41182,43.33419],[5.41193,43.33392],[5.41204,43.33355],[5.41217,43.3336],[5.41243,43.33365],[5.41259,43.33365]]]]},"properties":{"q":"QN01351M","n":"Saint Jérôme Les Tilleuls","z":"ZAC","d":"13","com":["13055"]}},{"type":"Feature","geometry":{"type":"MultiPolygon","coordinates":[[[[5.40631,43.33145],[5.40624,43.33145],[5.4054,43.33165],[5.40546,43.33173],[5.40548,43.33184],[5.40539,43.33214],[5.40538,43.33229],[5.40541,43.33241],[5.4055,43.33259],[5.4039,43.33299],[5.40386,43.33297],[5.40398,43.33275],[5.40392,43.33263],[5.40419,43.33214],[5.40422,43.33191],[5.40415,43.33152],[5.40385,43.33154],[5.4035,43.33142],[5.40313,43.33125],[5.40315,43.33123],[5.40309,43.3312],[5.40256,43.33149],[5.40224,43.33179],[5.40202,43.33194],[5.40188,43.33238],[5.40152,43.33269],[5.40156,43.33273],[5.40056,43.33318],[5.40041,43.3333],[5.40003,43.33385],[5.39997,43.33398],[5.39967,43.33435],[5.39946,43.33447],[5.39894,43.3346],[5.39853,43.33456],[5.39893,43.33321],[5.39898,43.333],[5.39898,43.33276],[5.39894,43.33259],[5.39862,43.332],[5.39821,43.33109],[5.39798,43.33012],[5.39798,43.3299],[5.39792,43.32961],[5.39787,43.3292],[5.397,43.32911],[5.39635,43.32918],[5.39621,43.3298],[5.39625,43.33021],[5.3943,43.33014],[5.39376,43.33015],[5.39375,43.33011],[5.39229,43.33021],[5.39213,43.32977],[5.3921,43.32914],[5.39228,43.32872],[5.39233,43.32842],[5.39259,43.32774],[5.39275,43.32708],[5.39274,43.32637],[5.39259,43.32549],[5.39223,43.32559],[5.3914,43.32561],[5.3917,43.32491],[5.39192,43.32455],[5.39207,43.3241],[5.39211,43.32378],[5.3922,43.32343],[5.39226,43.32327],[5.39242,43.32302],[5.39252,43.32279],[5.39239,43.32262],[5.39224,43.32227],[5.39157,43.32218],[5.39149,43.32268],[5.39054,43.32275],[5.39062,43.32251],[5.3907,43.3224],[5.38941,43.32226],[5.38944,43.3225],[5.3893,43.32332],[5.38917,43.32354],[5.38872,43.32394],[5.38864,43.32405],[5.38771,43.32674],[5.38768,43.32697],[5.38768,43.32726],[5.38774,43.32808],[5.38783,43.32883],[5.38794,43.32888],[5.38824,43.32936],[5.3884,43.32974],[5.38951,43.32852],[5.38945,43.32837],[5.38955,43.32845],[5.39027,43.32753],[5.39035,43.32736],[5.39072,43.32748],[5.39154,43.3279],[5.39102,43.32846],[5.39065,43.32896],[5.39058,43.32899],[5.39035,43.32901],[5.38946,43.32904],[5.38886,43.32976],[5.389,43.32997],[5.38905,43.33013],[5.38904,43.3304],[5.38895,43.33049],[5.38889,43.33068],[5.3889,43.33081],[5.38996,43.33237],[5.39029,43.33291],[5.39002,43.33304],[5.39004,43.33307],[5.38991,43.33318],[5.38983,43.33321],[5.38966,43.33338],[5.38913,43.33416],[5.38912,43.33425],[5.38903,43.33448],[5.38902,43.33461],[5.38905,43.33462],[5.38895,43.33506],[5.38881,43.33531],[5.38981,43.33543],[5.38985,43.33529],[5.39004,43.33531],[5.39026,43.3348],[5.39112,43.33495],[5.39121,43.33492],[5.39139,43.33476],[5.39213,43.33604],[5.39208,43.33637],[5.39186,43.33637],[5.39175,43.33725],[5.39181,43.33752],[5.39183,43.33784],[5.39186,43.3379],[5.39179,43.33791],[5.39181,43.33798],[5.39206,43.33794],[5.39208,43.338],[5.39172,43.33806],[5.39172,43.33812],[5.39181,43.33817],[5.39191,43.33854],[5.39245,43.33835],[5.39239,43.33814],[5.39248,43.33807],[5.39248,43.33798],[5.39278,43.33794],[5.39266,43.3376],[5.39263,43.33731],[5.39265,43.3372],[5.39277,43.337],[5.39274,43.33672],[5.39213,43.33669],[5.39219,43.33607],[5.39069,43.33358],[5.39141,43.33351],[5.39261,43.33347],[5.39261,43.33312],[5.39204,43.33236],[5.39058,43.33215],[5.39024,43.33165],[5.39029,43.33157],[5.3916,43.33176],[5.39263,43.332],[5.39284,43.33187],[5.39328,43.33167],[5.39292,43.33113],[5.39574,43.33106],[5.39579,43.33216],[5.39575,43.33216],[5.39577,43.33255],[5.39581,43.33255],[5.39585,43.33333],[5.39631,43.33332],[5.39653,43.33342],[5.39638,43.33366],[5.39634,43.33381],[5.39643,43.33576],[5.39669,43.33576],[5.3967,43.3358],[5.39832,43.33576],[5.39874,43.33557],[5.3989,43.33564],[5.39903,43.33565],[5.39952,43.33546],[5.40014,43.33512],[5.40086,43.33462],[5.40214,43.33519],[5.40202,43.33538],[5.40189,43.33574],[5.40187,43.33595],[5.40252,43.3363],[5.40259,43.33632],[5.40263,43.33623],[5.40272,43.33612],[5.40391,43.33528],[5.40411,43.33509],[5.40422,43.33496],[5.40448,43.33451],[5.40454,43.33425],[5.40462,43.3341],[5.40514,43.33333],[5.4053,43.33336],[5.40542,43.33319],[5.40567,43.33329],[5.40584,43.33326],[5.40586,43.33321],[5.40673,43.33305],[5.4069,43.33288],[5.40701,43.33285],[5.40631,43.33145]]]]},"properties":{"q":"QN01352M","n":"Grand Saint Barthélémy","z":"ZAC","d":"13","com":["13055"]}},{"type":"Feature","geometry":{"type":"MultiPolygon","coordinates":[[[[5.38177,43.34646],[5.3807,43.3465],[5.38068,43.34625],[5.38051,43.34629],[5.38053,43.3465],[5.38024,43.34727],[5.38015,43.34739],[5.37963,43.34768],[5.37965,43.3478],[5.37869,43.34788],[5.37896,43.34859],[5.37907,43.34908],[5.37936,43.34966],[5.37924,43.34971],[5.37877,43.3501],[5.37877,43.35015],[5.37861,43.35025],[5.37846,43.35016],[5.37839,43.35015],[5.37829,43.3502],[5.37814,43.35011],[5.37798,43.35021],[5.37652,43.34913],[5.37608,43.34945],[5.37563,43.34917],[5.37467,43.35018],[5.37259,43.35261],[5.37261,43.35285],[5.37268,43.35294],[5.37279,43.35299],[5.37296,43.35301],[5.37336,43.35278],[5.37371,43.35264],[5.37385,43.35267],[5.37391,43.35273],[5.37394,43.35272],[5.3739,43.35263],[5.37392,43.35259],[5.37435,43.35241],[5.3745,43.35239],[5.37513,43.35217],[5.37549,43.3521],[5.37564,43.35198],[5.37586,43.35192],[5.37612,43.35187],[5.37619,43.35188],[5.37627,43.35192],[5.37641,43.35192],[5.37827,43.35063],[5.37893,43.35102],[5.37934,43.3513],[5.37992,43.35099],[5.37952,43.35017],[5.37944,43.35009],[5.37931,43.34984],[5.37928,43.34974],[5.37941,43.34966],[5.37934,43.34951],[5.38001,43.34931],[5.38057,43.3493],[5.38037,43.34882],[5.38036,43.34867],[5.38134,43.34868],[5.38145,43.34838],[5.38146,43.34811],[5.38164,43.34734],[5.38164,43.34702],[5.38171,43.34696],[5.3818,43.34695],[5.3818,43.34692],[5.38172,43.34692],[5.38168,43.34689],[5.38164,43.34682],[5.38177,43.34646]]]]},"properties":{"q":"QN01353M","n":"Le Castellas Les Micocouliers","z":"ZIP","d":"13","com":["13055"]}},{"type":"Feature","geometry":{"type":"MultiPolygon","coordinates":[[[[5.349,43.36555],[5.34847,43.36547],[5.34792,43.36536],[5.34708,43.36508],[5.34652,43.36479],[5.34604,43.36446],[5.34527,43.36399],[5.34507,43.3641],[5.34492,43.3639],[5.3448,43.36383],[5.34394,43.36367],[5.34391,43.36386],[5.34354,43.36383],[5.34349,43.36408],[5.34293,43.36402],[5.34278,43.3641],[5.34282,43.3642],[5.3428,43.36422],[5.34293,43.3645],[5.34294,43.36471],[5.34247,43.36474],[5.34294,43.36543],[5.34279,43.36551],[5.34266,43.36555],[5.3416,43.36572],[5.34145,43.3657],[5.34122,43.36511],[5.34071,43.36318],[5.33965,43.36269],[5.33954,43.36266],[5.33933,43.36267],[5.3384,43.36293],[5.33696,43.36321],[5.33692,43.36332],[5.33686,43.36332],[5.33691,43.36346],[5.33675,43.36359],[5.33631,43.36384],[5.33592,43.36412],[5.33555,43.3645],[5.33544,43.36481],[5.33535,43.36521],[5.33565,43.36536],[5.33587,43.36542],[5.33612,43.36542],[5.33654,43.36533],[5.33722,43.36514],[5.33756,43.36495],[5.33768,43.36476],[5.33756,43.36466],[5.33754,43.36456],[5.33753,43.36448],[5.33757,43.36425],[5.33988,43.36421],[5.33984,43.36512],[5.33977,43.36531],[5.33948,43.36754],[5.33942,43.36775],[5.3393,43.36797],[5.33932,43.36813],[5.33941,43.36807],[5.33976,43.36807],[5.34036,43.36814],[5.3413,43.36805],[5.34135,43.36801],[5.34287,43.36797],[5.34371,43.36821],[5.34363,43.36834],[5.3445,43.36858],[5.34456,43.36855],[5.34382,43.36773],[5.34358,43.36739],[5.34342,43.36702],[5.34324,43.36645],[5.34383,43.36643],[5.34389,43.36639],[5.34388,43.36625],[5.3449,43.36622],[5.34511,43.36531],[5.34585,43.36543],[5.34573,43.36615],[5.34593,43.36616],[5.34578,43.36737],[5.34578,43.36752],[5.34634,43.36903],[5.34689,43.36932],[5.34707,43.36939],[5.34804,43.36946],[5.34803,43.36951],[5.3482,43.36953],[5.34821,43.36948],[5.34827,43.36949],[5.349,43.36555]]]]},"properties":{"q":"QN01354M","n":"La Castellane La Bricarde","z":"ZIP","d":"13","com":["13055"]}},{"type":"Feature","geometry":{"type":"MultiPolygon","coordinates":[[[[5.35445,43.36617],[5.35438,43.36616],[5.35432,43.36612],[5.35412,43.36609],[5.35178,43.36582],[5.34901,43.36554],[5.34827,43.36949],[5.34916,43.36913],[5.34941,43.36938],[5.3499,43.36998],[5.35008,43.37033],[5.35026,43.37053],[5.35038,43.37048],[5.3506,43.37087],[5.35072,43.37116],[5.35106,43.37147],[5.35062,43.37178],[5.3511,43.37222],[5.35133,43.372],[5.35179,43.37201],[5.35181,43.37194],[5.35179,43.37187],[5.35356,43.37201],[5.35346,43.37212],[5.35518,43.37222],[5.35484,43.37282],[5.35484,43.37291],[5.35485,43.37299],[5.3552,43.37298],[5.35503,43.37328],[5.35486,43.37351],[5.35492,43.37358],[5.35511,43.37365],[5.35581,43.37374],[5.35605,43.37371],[5.35613,43.37387],[5.3564,43.37375],[5.35642,43.37334],[5.3565,43.37321],[5.35736,43.37277],[5.35754,43.37261],[5.35732,43.37251],[5.3573,43.37247],[5.35651,43.37241],[5.35654,43.37185],[5.35651,43.37173],[5.35657,43.37125],[5.35666,43.3708],[5.3567,43.3702],[5.35614,43.3704],[5.35471,43.37112],[5.35435,43.37133],[5.35403,43.37111],[5.3539,43.3712],[5.35168,43.37039],[5.35191,43.37017],[5.35268,43.37027],[5.3533,43.36884],[5.35327,43.36883],[5.35374,43.36792],[5.35301,43.36785],[5.35305,43.36814],[5.35097,43.36796],[5.35112,43.36721],[5.3524,43.36737],[5.35247,43.36704],[5.35408,43.36723],[5.35444,43.36647],[5.35447,43.36626],[5.35445,43.36617]]]]},"properties":{"q":"QN01355M","n":"Plan d'Aou Saint Antoine","z":"ZIP","d":"13","com":["13055"]}},{"type":"Feature","geometry":{"type":"MultiPolygon","coordinates":[[[[5.35069,43.35154],[5.35028,43.35228],[5.35003,43.35309],[5.34977,43.35304],[5.34936,43.35392],[5.35004,43.35424],[5.35014,43.35449],[5.35023,43.35454],[5.35046,43.35458],[5.35085,43.35455],[5.35098,43.35451],[5.35137,43.35434],[5.35153,43.35423],[5.35177,43.35411],[5.35212,43.354],[5.35245,43.35395],[5.35264,43.35387],[5.35272,43.3538],[5.35357,43.35257],[5.35391,43.35202],[5.35403,43.35154],[5.35427,43.35024],[5.35427,43.35004],[5.35419,43.3497],[5.35419,43.34961],[5.35428,43.34943],[5.3544,43.34931],[5.35457,43.3492],[5.35451,43.34914],[5.35523,43.34869],[5.3553,43.34809],[5.35495,43.34798],[5.35491,43.3479],[5.35484,43.34785],[5.35476,43.34783],[5.35461,43.34783],[5.35458,43.3478],[5.35446,43.34786],[5.35438,43.34795],[5.35435,43.34803],[5.35413,43.34836],[5.35353,43.34834],[5.35317,43.3484],[5.35282,43.34822],[5.35219,43.34837],[5.35155,43.34845],[5.35142,43.34818],[5.35135,43.34771],[5.35129,43.3477],[5.35124,43.34764],[5.35084,43.34758],[5.3489,43.34763],[5.34893,43.34706],[5.34891,43.34688],[5.34894,43.34671],[5.34901,43.34663],[5.34933,43.3466],[5.34939,43.34624],[5.34945,43.34623],[5.35005,43.34649],[5.35016,43.34672],[5.3503,43.34682],[5.35096,43.3466],[5.35126,43.34654],[5.35139,43.34647],[5.35153,43.34645],[5.35192,43.34643],[5.35195,43.34646],[5.3519,43.34647],[5.35192,43.34667],[5.35222,43.34672],[5.35254,43.34669],[5.35255,43.34663],[5.35274,43.34662],[5.35276,43.34666],[5.35287,43.34672],[5.35322,43.34678],[5.35367,43.34667],[5.35419,43.3466],[5.35461,43.34663],[5.35461,43.34667],[5.35471,43.34669],[5.3547,43.34662],[5.35489,43.34645],[5.35498,43.34641],[5.35486,43.34625],[5.35479,43.3461],[5.35423,43.346],[5.35403,43.34611],[5.35334,43.34617],[5.35254,43.34619],[5.35253,43.34613],[5.34947,43.34623],[5.3494,43.34619],[5.34944,43.34599],[5.34936,43.34586],[5.34934,43.34571],[5.3493,43.34564],[5.34952,43.34541],[5.3492,43.34538],[5.34918,43.34534],[5.34919,43.34519],[5.3492,43.34512],[5.34939,43.34489],[5.3496,43.34448],[5.34934,43.34426],[5.34911,43.34367],[5.34916,43.3436],[5.34863,43.34327],[5.34836,43.34313],[5.34809,43.34314],[5.34798,43.34322],[5.3477,43.34361],[5.34745,43.34363],[5.34731,43.34391],[5.34744,43.3442],[5.34721,43.34518],[5.34714,43.34536],[5.34721,43.34537],[5.34722,43.34548],[5.34712,43.3456],[5.34681,43.34584],[5.34624,43.34619],[5.34604,43.34656],[5.34572,43.34683],[5.34547,43.34695],[5.34526,43.34734],[5.34524,43.34748],[5.346,43.34888],[5.34621,43.34912],[5.34588,43.34933],[5.34582,43.34934],[5.34393,43.3494],[5.3433,43.34887],[5.34274,43.34942],[5.34531,43.35058],[5.34676,43.34988],[5.34748,43.34965],[5.34755,43.34959],[5.3479,43.3497],[5.34891,43.35025],[5.34877,43.3509],[5.35069,43.35154]]]]},"properties":{"q":"QN01356I","n":"Consolat Ruisseau Mirabeau","z":"ZIP","d":"13","com":["13055"]}},{"type":"Feature","geometry":{"type":"MultiPolygon","coordinates":[[[[5.36142,43.34559],[5.3614,43.34551],[5.36125,43.34522],[5.36097,43.34474],[5.36094,43.34459],[5.36095,43.34449],[5.36032,43.34446],[5.36024,43.34449],[5.36018,43.34446],[5.36015,43.34437],[5.36024,43.34436],[5.36056,43.34393],[5.36103,43.34397],[5.36155,43.34302],[5.36128,43.3427],[5.36099,43.34283],[5.36094,43.34283],[5.36077,43.34276],[5.36067,43.34293],[5.36024,43.34275],[5.36033,43.34263],[5.35972,43.34247],[5.35966,43.34257],[5.35597,43.34165],[5.35539,43.3426],[5.35522,43.3424],[5.35471,43.34259],[5.35448,43.34217],[5.35407,43.34251],[5.35394,43.34235],[5.35359,43.34229],[5.35288,43.3428],[5.35307,43.34316],[5.35335,43.3435],[5.35353,43.34363],[5.35387,43.34381],[5.35445,43.34438],[5.35468,43.34425],[5.35473,43.34427],[5.35558,43.34401],[5.3562,43.34509],[5.35683,43.34558],[5.3568,43.34564],[5.3574,43.3464],[5.35812,43.34613],[5.35807,43.34639],[5.3582,43.3464],[5.35821,43.34645],[5.35827,43.34646],[5.35829,43.34685],[5.35819,43.34684],[5.35816,43.347],[5.35823,43.34701],[5.35816,43.34748],[5.35812,43.34751],[5.35796,43.34751],[5.35786,43.34786],[5.3578,43.34783],[5.35751,43.34785],[5.35746,43.34807],[5.35755,43.34809],[5.3577,43.34808],[5.35772,43.34821],[5.35776,43.34827],[5.35814,43.3481],[5.35826,43.34825],[5.35825,43.34828],[5.35896,43.34832],[5.35886,43.34931],[5.35855,43.34932],[5.35718,43.34911],[5.35709,43.34913],[5.35677,43.34907],[5.35688,43.34926],[5.35668,43.34922],[5.35674,43.34944],[5.357,43.35094],[5.35581,43.35111],[5.35575,43.35138],[5.35565,43.35225],[5.35559,43.35242],[5.35556,43.35261],[5.35605,43.35245],[5.35642,43.35239],[5.3566,43.35233],[5.35663,43.35243],[5.3569,43.35245],[5.35692,43.35243],[5.35737,43.35255],[5.3574,43.3525],[5.35774,43.35261],[5.35781,43.35244],[5.35835,43.35261],[5.35844,43.35248],[5.35839,43.35246],[5.35881,43.35178],[5.35852,43.35166],[5.35874,43.3512],[5.35907,43.35134],[5.35939,43.35144],[5.35961,43.35113],[5.35959,43.3511],[5.36008,43.35068],[5.36061,43.35018],[5.36064,43.35008],[5.3606,43.34994],[5.36065,43.34958],[5.36045,43.34958],[5.36019,43.34954],[5.35983,43.34942],[5.36015,43.34921],[5.36006,43.34911],[5.36008,43.34852],[5.36082,43.34821],[5.36088,43.3479],[5.36115,43.34778],[5.36123,43.34777],[5.3614,43.34786],[5.36144,43.34798],[5.36151,43.34809],[5.36171,43.34801],[5.36176,43.34716],[5.36142,43.34559]]]]},"properties":{"q":"QN01357M","n":"Saint Louis Campagne Lévêque","z":"ZIP","d":"13","com":["13055"]}},{"type":"Feature","geometry":{"type":"MultiPolygon","coordinates":[[[[5.36526,43.35117],[5.36527,43.35126],[5.36569,43.35317],[5.36574,43.35333],[5.36583,43.35338],[5.36857,43.35334],[5.36932,43.35331],[5.36983,43.35326],[5.36991,43.35261],[5.36989,43.35249],[5.36931,43.352],[5.369,43.35162],[5.36867,43.35115],[5.36835,43.35085],[5.36785,43.35046],[5.36758,43.35021],[5.36701,43.35039],[5.36577,43.34988],[5.36531,43.35088],[5.36526,43.35106],[5.36526,43.35117]]]]},"properties":{"q":"QN01358I","n":"Les Aygalades","z":"ZIP","d":"13","com":["13055"]}},{"type":"Feature","geometry":{"type":"MultiPolygon","coordinates":[[[[5.35863,43.38469],[5.36038,43.38489],[5.36037,43.38593],[5.36102,43.38598],[5.36107,43.38497],[5.36138,43.38499],[5.36284,43.38526],[5.3635,43.38534],[5.36409,43.38542],[5.36422,43.38542],[5.36435,43.38539],[5.36385,43.38628],[5.36373,43.38646],[5.36346,43.38676],[5.36329,43.38716],[5.36607,43.38818],[5.36652,43.38806],[5.36649,43.38804],[5.36654,43.38795],[5.36629,43.38706],[5.36647,43.38666],[5.36669,43.38655],[5.36742,43.38738],[5.36818,43.38658],[5.36861,43.38547],[5.36897,43.3858],[5.36908,43.38594],[5.36914,43.3866],[5.36968,43.38747],[5.37061,43.38846],[5.37249,43.3874],[5.37225,43.38711],[5.37234,43.38706],[5.37245,43.38695],[5.37137,43.38576],[5.37032,43.38476],[5.37003,43.38479],[5.36997,43.38483],[5.3699,43.38493],[5.36982,43.38491],[5.36979,43.38498],[5.36987,43.38499],[5.36983,43.38508],[5.3697,43.38533],[5.36958,43.38548],[5.36918,43.38537],[5.36913,43.38546],[5.36908,43.38546],[5.36863,43.3854],[5.36827,43.38517],[5.36728,43.38481],[5.36561,43.38413],[5.36558,43.38407],[5.36631,43.38325],[5.36638,43.38326],[5.36695,43.38259],[5.36713,43.38234],[5.36781,43.38248],[5.36828,43.38145],[5.36716,43.38157],[5.3671,43.38134],[5.36706,43.38103],[5.36706,43.38088],[5.36712,43.38071],[5.3673,43.38046],[5.36719,43.38043],[5.36717,43.38047],[5.36643,43.38023],[5.3664,43.38028],[5.36581,43.38011],[5.36578,43.38017],[5.36548,43.38012],[5.36505,43.38083],[5.365,43.38088],[5.36492,43.38107],[5.3656,43.38125],[5.3654,43.38198],[5.36532,43.38196],[5.36522,43.382],[5.36342,43.38167],[5.3637,43.382],[5.36517,43.38389],[5.36497,43.38427],[5.364,43.38419],[5.36374,43.38395],[5.36221,43.38377],[5.36198,43.38372],[5.35859,43.38336],[5.35838,43.38336],[5.35863,43.38469]]]]},"properties":{"q":"QN01359I","n":"Kalliste La Granière La Solidarité","z":"ZIP","d":"13","com":["13055"]}},{"type":"Feature","geometry":{"type":"MultiPolygon","coordinates":[[[[5.36906,43.36901],[5.36941,43.36931],[5.36927,43.36933],[5.36889,43.36948],[5.36872,43.3695],[5.36838,43.36946],[5.36799,43.36927],[5.36766,43.36955],[5.36783,43.36959],[5.36842,43.36992],[5.36818,43.37009],[5.36778,43.36985],[5.36732,43.3697],[5.36548,43.37019],[5.36472,43.3695],[5.36449,43.36934],[5.36356,43.36885],[5.36375,43.36781],[5.3638,43.3678],[5.36439,43.36797],[5.36485,43.36821],[5.36513,43.36822],[5.36571,43.36811],[5.36598,43.36803],[5.36614,43.36796],[5.36622,43.36789],[5.36629,43.36777],[5.36657,43.36765],[5.36639,43.36756],[5.36543,43.36774],[5.36541,43.36766],[5.36538,43.36765],[5.36529,43.36754],[5.36481,43.36729],[5.36462,43.36729],[5.36451,43.36735],[5.36437,43.36737],[5.3641,43.36721],[5.36378,43.36708],[5.36368,43.36735],[5.36357,43.36743],[5.36309,43.36751],[5.36311,43.36761],[5.36263,43.36817],[5.36256,43.3681],[5.36247,43.36813],[5.36235,43.3682],[5.362,43.36848],[5.36181,43.3687],[5.36162,43.36907],[5.36141,43.3694],[5.36128,43.36955],[5.36126,43.36962],[5.36133,43.36965],[5.36128,43.36974],[5.36127,43.37035],[5.36134,43.37045],[5.36138,43.37041],[5.36143,43.37041],[5.36216,43.36979],[5.36235,43.3696],[5.36258,43.3697],[5.36191,43.37044],[5.36214,43.37045],[5.36214,43.37122],[5.36415,43.37101],[5.36432,43.37103],[5.36652,43.3708],[5.3666,43.37083],[5.36694,43.37129],[5.36729,43.37182],[5.36636,43.37224],[5.3662,43.37223],[5.36575,43.37234],[5.36527,43.37259],[5.36528,43.37272],[5.36514,43.37344],[5.3643,43.3746],[5.36364,43.375],[5.36392,43.37518],[5.36405,43.37516],[5.36431,43.37529],[5.36436,43.37538],[5.36452,43.3754],[5.36465,43.37545],[5.36476,43.37554],[5.36504,43.37565],[5.3656,43.375],[5.36592,43.3746],[5.36604,43.37414],[5.36595,43.37367],[5.36534,43.37258],[5.36571,43.37238],[5.36615,43.37227],[5.36644,43.37229],[5.36656,43.37233],[5.36685,43.3725],[5.3676,43.37224],[5.36798,43.37281],[5.3683,43.37273],[5.36852,43.37318],[5.3691,43.3731],[5.36907,43.37281],[5.36908,43.3728],[5.36909,43.37263],[5.36931,43.37187],[5.3693,43.37173],[5.36918,43.37143],[5.36916,43.37144],[5.36895,43.37119],[5.36878,43.37095],[5.36873,43.37062],[5.36881,43.37042],[5.36904,43.37056],[5.36936,43.3702],[5.36988,43.3697],[5.37062,43.37008],[5.37217,43.37007],[5.37309,43.36922],[5.37294,43.36914],[5.37289,43.36879],[5.37292,43.36841],[5.37315,43.36802],[5.37308,43.36786],[5.37263,43.36764],[5.37256,43.36763],[5.37255,43.36751],[5.37249,43.36745],[5.37218,43.3673],[5.37204,43.36721],[5.37195,43.36712],[5.37191,43.36701],[5.37191,43.36682],[5.37174,43.36642],[5.37069,43.36639],[5.36974,43.3664],[5.36899,43.36651],[5.36926,43.36692],[5.36872,43.36679],[5.36845,43.36713],[5.36877,43.36726],[5.3688,43.36725],[5.36911,43.36735],[5.36878,43.36773],[5.36883,43.36774],[5.36882,43.3678],[5.36883,43.36828],[5.36889,43.36843],[5.36838,43.36855],[5.3683,43.36836],[5.3678,43.36848],[5.36799,43.36875],[5.36834,43.36909],[5.36868,43.36916],[5.36906,43.36901]]]]},"properties":{"q":"QN01360M","n":"La Savine Bosphore","z":"ZIP","d":"13","com":["13055"]}},{"type":"Feature","geometry":{"type":"MultiPolygon","coordinates":[[[[5.37196,43.34859],[5.37198,43.34875],[5.37149,43.34866],[5.3711,43.34851],[5.37052,43.34818],[5.37036,43.34803],[5.37012,43.34775],[5.36991,43.34757],[5.36979,43.34748],[5.36948,43.34733],[5.36913,43.34723],[5.3682,43.34707],[5.36796,43.347],[5.36777,43.34775],[5.36786,43.34779],[5.36799,43.34792],[5.36805,43.34794],[5.36841,43.34798],[5.36855,43.34797],[5.36873,43.348],[5.3691,43.34818],[5.36929,43.34834],[5.36947,43.34841],[5.36964,43.34833],[5.36927,43.34811],[5.37021,43.34796],[5.37041,43.34818],[5.37108,43.34855],[5.37149,43.34871],[5.372,43.3488],[5.37476,43.34891],[5.37523,43.34886],[5.37521,43.34882],[5.37427,43.34811],[5.3743,43.3476],[5.37439,43.34719],[5.37462,43.34699],[5.37509,43.34673],[5.37569,43.34659],[5.37827,43.34662],[5.3783,43.34627],[5.3783,43.34595],[5.37825,43.34547],[5.37827,43.34451],[5.37824,43.34434],[5.37801,43.34438],[5.37677,43.34433],[5.37662,43.34435],[5.37658,43.34445],[5.37563,43.34469],[5.37502,43.34481],[5.37487,43.34501],[5.37475,43.34513],[5.37466,43.34529],[5.37348,43.3463],[5.37212,43.34737],[5.37166,43.34776],[5.37184,43.34788],[5.3717,43.34815],[5.37171,43.34821],[5.37166,43.34833],[5.37168,43.34838],[5.37188,43.34848],[5.37196,43.34859]]]]},"properties":{"q":"QN01361I","n":"Les Tilleuls La Maurelette","z":"ZIP","d":"13","com":["13055"]}},{"type":"Feature","geometry":{"type":"MultiPolygon","coordinates":[[[[5.37038,43.32338],[5.36916,43.32319],[5.3691,43.32225],[5.36775,43.32233],[5.36779,43.32276],[5.36766,43.32325],[5.36593,43.32816],[5.36574,43.3286],[5.36552,43.32877],[5.36541,43.32869],[5.36359,43.32818],[5.36146,43.32763],[5.36028,43.32742],[5.35924,43.3286],[5.35914,43.32879],[5.35908,43.32903],[5.35834,43.32905],[5.35827,43.32902],[5.35806,43.32857],[5.35793,43.32847],[5.35787,43.32852],[5.35784,43.32851],[5.35735,43.32907],[5.35711,43.32953],[5.35701,43.32982],[5.35691,43.33067],[5.35669,43.33106],[5.35584,43.33084],[5.3555,43.33073],[5.35512,43.33067],[5.35496,43.33094],[5.35493,43.33109],[5.35492,43.3319],[5.35463,43.33263],[5.35455,43.33295],[5.35461,43.33323],[5.35459,43.33356],[5.35454,43.33381],[5.35439,43.33425],[5.35422,43.3346],[5.35359,43.33552],[5.35346,43.33588],[5.35345,43.33612],[5.35347,43.33615],[5.35356,43.33616],[5.35388,43.33602],[5.35398,43.3361],[5.35357,43.33636],[5.35334,43.33646],[5.35175,43.33659],[5.35131,43.33666],[5.35125,43.3368],[5.35134,43.33689],[5.3513,43.33708],[5.35115,43.33721],[5.35107,43.33738],[5.35075,43.33774],[5.35051,43.33852],[5.35034,43.33879],[5.35012,43.33922],[5.35008,43.33929],[5.34987,43.33934],[5.34953,43.33935],[5.34957,43.33986],[5.34959,43.33986],[5.34964,43.34012],[5.34963,43.34032],[5.34975,43.34045],[5.34979,43.34065],[5.34952,43.34116],[5.34996,43.34128],[5.35007,43.3411],[5.35069,43.34109],[5.35162,43.34093],[5.35234,43.34092],[5.35237,43.34098],[5.3529,43.34088],[5.35314,43.34079],[5.35366,43.34028],[5.35444,43.33985],[5.35541,43.33948],[5.35638,43.33933],[5.35715,43.33915],[5.35778,43.33766],[5.35774,43.33749],[5.35751,43.33693],[5.35948,43.33705],[5.35952,43.33654],[5.35962,43.33653],[5.36015,43.33628],[5.36032,43.33632],[5.36046,43.33599],[5.36161,43.33647],[5.36145,43.33673],[5.36141,43.33711],[5.36148,43.33719],[5.36118,43.3377],[5.36104,43.33809],[5.36099,43.33835],[5.36183,43.33861],[5.36174,43.33886],[5.36217,43.33894],[5.3621,43.33908],[5.36203,43.33906],[5.36202,43.33908],[5.36143,43.33897],[5.36042,43.33883],[5.36023,43.33883],[5.36018,43.3389],[5.3602,43.33894],[5.36068,43.33913],[5.36063,43.33921],[5.36023,43.33955],[5.3602,43.33954],[5.35968,43.33966],[5.35968,43.33968],[5.35924,43.33986],[5.35908,43.34014],[5.35913,43.34036],[5.3591,43.34046],[5.35912,43.34053],[5.35954,43.34063],[5.35976,43.34015],[5.36033,43.3403],[5.36046,43.3402],[5.36107,43.34054],[5.36189,43.33943],[5.36255,43.33965],[5.3627,43.3406],[5.36341,43.3405],[5.36344,43.34034],[5.36347,43.3403],[5.36359,43.33993],[5.36365,43.33961],[5.36381,43.33944],[5.36387,43.33943],[5.36367,43.33937],[5.36403,43.33883],[5.3639,43.33874],[5.36366,43.33863],[5.36291,43.33837],[5.36243,43.33824],[5.36379,43.33433],[5.36412,43.33345],[5.36428,43.33297],[5.3639,43.33291],[5.36383,43.33309],[5.36367,43.33307],[5.36367,43.33302],[5.3634,43.33297],[5.36318,43.3327],[5.363,43.33266],[5.36296,43.33278],[5.36289,43.33276],[5.36286,43.33274],[5.36302,43.33225],[5.36305,43.33219],[5.36329,43.33223],[5.36325,43.33234],[5.36331,43.33236],[5.36334,43.33231],[5.36369,43.33238],[5.36367,43.33244],[5.36403,43.33251],[5.36408,43.33238],[5.36416,43.33239],[5.36426,43.33214],[5.36434,43.33211],[5.36457,43.33215],[5.36518,43.3304],[5.36563,43.33049],[5.36591,43.32964],[5.36599,43.32966],[5.36628,43.32901],[5.36684,43.32902],[5.36672,43.3286],[5.36664,43.32847],[5.36686,43.32843],[5.36688,43.32823],[5.36713,43.32704],[5.36745,43.32624],[5.36753,43.32582],[5.36777,43.32543],[5.36788,43.32527],[5.36833,43.32542],[5.3684,43.32532],[5.36874,43.32448],[5.3696,43.32457],[5.37005,43.32381],[5.3703,43.32351],[5.37038,43.32338]]]]},"properties":{"q":"QN01362I","n":"Cap Janet La Cabucelle Les Crottes","z":"ZIP","d":"13","com":["13055"]}},{"type":"Feature","geometry":{"type":"MultiPolygon","coordinates":[[[[5.37443,43.3397],[5.3742,43.3396],[5.37377,43.33951],[5.37346,43.33949],[5.37345,43.33947],[5.37258,43.33931],[5.3723,43.33934],[5.37009,43.33893],[5.36983,43.33885],[5.36984,43.33873],[5.37042,43.33736],[5.37019,43.3373],[5.37026,43.33712],[5.369,43.33676],[5.36896,43.33679],[5.36897,43.33684],[5.36912,43.33701],[5.36894,43.33718],[5.36899,43.33722],[5.3689,43.3373],[5.36893,43.33731],[5.36888,43.33735],[5.36892,43.33738],[5.36888,43.33742],[5.36895,43.33746],[5.36884,43.33756],[5.36871,43.33762],[5.36857,43.33763],[5.36735,43.33735],[5.36703,43.33802],[5.36706,43.33812],[5.36715,43.33818],[5.36854,43.33847],[5.36856,43.33843],[5.36968,43.3387],[5.36905,43.34038],[5.37014,43.3406],[5.36995,43.34077],[5.37064,43.34122],[5.37018,43.34152],[5.36998,43.34172],[5.36983,43.34195],[5.36972,43.34196],[5.36985,43.34215],[5.36988,43.34215],[5.36979,43.34235],[5.3697,43.34276],[5.37246,43.34096],[5.37263,43.34114],[5.37292,43.34131],[5.37273,43.34148],[5.37166,43.34394],[5.37157,43.34425],[5.37151,43.34469],[5.37156,43.34474],[5.37409,43.34523],[5.37434,43.34499],[5.37498,43.34423],[5.37545,43.34349],[5.37521,43.34353],[5.3753,43.34338],[5.37535,43.34338],[5.37551,43.343],[5.37565,43.34258],[5.37571,43.34227],[5.3758,43.34199],[5.37581,43.34186],[5.37573,43.34178],[5.3756,43.34175],[5.37543,43.34137],[5.37577,43.34112],[5.37598,43.34051],[5.37613,43.33992],[5.37558,43.33982],[5.37548,43.34007],[5.37467,43.33993],[5.37462,43.33981],[5.37451,43.33978],[5.37443,43.3397]]]]},"properties":{"q":"QN01363I","n":"La Visitation - Bassens","z":"ZIP","d":"13","com":["13055"]}},{"type":"Feature","geometry":{"type":"MultiPolygon","coordinates":[[[[5.3406,43.35304],[5.34093,43.35327],[5.34097,43.35336],[5.34099,43.35344],[5.34087,43.35376],[5.34091,43.35402],[5.34078,43.35423],[5.34068,43.35432],[5.34043,43.35467],[5.34039,43.35469],[5.34008,43.35513],[5.34008,43.35518],[5.34036,43.35535],[5.34024,43.35546],[5.34099,43.35584],[5.34114,43.35586],[5.34111,43.35598],[5.34151,43.35619],[5.34064,43.35688],[5.34093,43.35702],[5.34097,43.35707],[5.34096,43.35719],[5.34104,43.35732],[5.34105,43.3574],[5.34134,43.35737],[5.34163,43.3573],[5.34192,43.35717],[5.34203,43.35709],[5.34207,43.35714],[5.34228,43.35766],[5.34264,43.35813],[5.34288,43.35837],[5.34359,43.35789],[5.34368,43.35779],[5.34386,43.35772],[5.34434,43.35733],[5.34439,43.35732],[5.34461,43.35716],[5.3448,43.35698],[5.34439,43.35641],[5.34434,43.35622],[5.34425,43.35534],[5.34427,43.35524],[5.34435,43.35519],[5.34311,43.35532],[5.343,43.35504],[5.34287,43.35489],[5.34287,43.35488],[5.3432,43.35484],[5.34298,43.35387],[5.34265,43.35389],[5.34263,43.35381],[5.34283,43.35347],[5.34318,43.35308],[5.34261,43.35287],[5.34229,43.35267],[5.34253,43.35249],[5.34275,43.35225],[5.34262,43.35221],[5.34261,43.35218],[5.34266,43.35213],[5.342,43.35178],[5.34019,43.35219],[5.33994,43.35255],[5.3406,43.35304]]]]},"properties":{"q":"QN01364I","n":"Saint André","z":"ZIP","d":"13","com":["13055"]}},{"type":"Feature","geometry":{"type":"MultiPolygon","coordinates":[[[[4.98108,43.49812],[4.98174,43.49799],[4.983,43.49786],[4.98369,43.49605],[4.98405,43.4961],[4.98423,43.49575],[4.98432,43.49542],[4.98313,43.49522],[4.98307,43.49542],[4.98275,43.49536],[4.98328,43.49417],[4.98258,43.49425],[4.98247,43.49376],[4.98245,43.49376],[4.98242,43.49367],[4.98273,43.49363],[4.98266,43.49336],[4.98236,43.4934],[4.9823,43.49317],[4.98299,43.49308],[4.98315,43.493],[4.98365,43.49294],[4.98433,43.4929],[4.98441,43.49325],[4.98464,43.49322],[4.98481,43.49406],[4.98488,43.49408],[4.98621,43.49393],[4.98616,43.49282],[4.98536,43.49288],[4.98521,43.49294],[4.98519,43.49271],[4.98525,43.49239],[4.98527,43.49193],[4.98507,43.49123],[4.98421,43.49167],[4.9844,43.49254],[4.98288,43.49271],[4.98273,43.49275],[4.98257,43.49261],[4.98246,43.49256],[4.98176,43.49239],[4.98152,43.49248],[4.9812,43.49268],[4.98081,43.49299],[4.98065,43.49331],[4.98044,43.49338],[4.97959,43.4932],[4.97957,43.49298],[4.97963,43.49249],[4.97961,43.49215],[4.98027,43.49213],[4.98041,43.4919],[4.97954,43.49125],[4.97929,43.49142],[4.97893,43.49159],[4.9788,43.49169],[4.9784,43.49221],[4.97944,43.49218],[4.97949,43.49267],[4.97946,43.49289],[4.97919,43.49307],[4.97865,43.49325],[4.97861,43.49329],[4.97853,43.49342],[4.97837,43.4934],[4.97834,43.49297],[4.97757,43.49292],[4.97752,43.49299],[4.97745,43.49302],[4.97717,43.49326],[4.97677,43.49341],[4.97647,43.49345],[4.97649,43.49378],[4.97636,43.49378],[4.97616,43.4937],[4.9759,43.4937],[4.97556,43.49381],[4.97551,43.49378],[4.97555,43.49374],[4.97559,43.49374],[4.97543,43.49365],[4.97536,43.49374],[4.97528,43.49366],[4.9753,43.4936],[4.9752,43.49357],[4.97507,43.49384],[4.97479,43.49424],[4.97478,43.49427],[4.97486,43.49436],[4.97401,43.49506],[4.97484,43.49568],[4.97555,43.49503],[4.97531,43.49492],[4.9756,43.49464],[4.97563,43.49458],[4.97502,43.49438],[4.97488,43.4943],[4.9751,43.49409],[4.97534,43.49394],[4.97557,43.49383],[4.97587,43.49373],[4.9761,43.49372],[4.97637,43.4938],[4.97657,43.49381],[4.97747,43.4937],[4.97761,43.49371],[4.97767,43.49373],[4.9777,43.49377],[4.97803,43.49373],[4.97804,43.49417],[4.97992,43.4941],[4.98013,43.49421],[4.98029,43.49392],[4.98074,43.49388],[4.98108,43.49437],[4.9814,43.49469],[4.98153,43.49493],[4.98159,43.49517],[4.9816,43.49535],[4.98157,43.49555],[4.98088,43.49798],[4.98093,43.49807],[4.98108,43.49812]]]]},"properties":{"q":"QN01365M","n":"Le Prépaou","z":"ZIP","d":"13","com":["13047"]}},{"type":"Feature","geometry":{"type":"MultiPolygon","coordinates":[[[[5.00318,43.57715],[5.00362,43.57715],[5.00467,43.57729],[5.0048,43.57694],[5.00485,43.57689],[5.00485,43.5767],[5.00492,43.57656],[5.00499,43.5765],[5.00521,43.57643],[5.00532,43.57629],[5.00537,43.5761],[5.00517,43.57606],[5.00487,43.57623],[5.00473,43.57609],[5.00468,43.57609],[5.00451,43.57619],[5.00368,43.57589],[5.00373,43.57584],[5.00393,43.57539],[5.00452,43.5751],[5.00448,43.57502],[5.0045,43.57495],[5.00459,43.5749],[5.00468,43.57489],[5.00465,43.57479],[5.00452,43.57459],[5.00406,43.57468],[5.00372,43.57487],[5.00358,43.57474],[5.00296,43.57507],[5.00282,43.57496],[5.0021,43.57424],[4.99917,43.5756],[4.9976,43.5748],[4.99706,43.57523],[4.99643,43.57618],[4.99612,43.57604],[4.99589,43.57536],[4.99605,43.57504],[4.99691,43.57489],[4.99701,43.5748],[4.99692,43.57453],[4.99634,43.57464],[4.99618,43.57414],[4.99577,43.57394],[4.99563,43.57401],[4.99563,43.57417],[4.99569,43.57447],[4.99582,43.57486],[4.99455,43.57507],[4.99435,43.57521],[4.99694,43.5765],[4.99748,43.57693],[4.9981,43.57755],[4.99881,43.57739],[4.99908,43.57736],[4.99908,43.57738],[5.00041,43.5772],[5.0009,43.57717],[5.00103,43.5773],[5.00116,43.57723],[5.00318,43.57715]]]]},"properties":{"q":"QN01366I","n":"La Carraire","z":"ZIP","d":"13","com":["13063"]}},{"type":"Feature","geometry":{"type":"MultiPolygon","coordinates":[[[[5.00573,43.59261],[5.00567,43.59268],[5.00567,43.5928],[5.00578,43.59389],[5.00483,43.59403],[5.00505,43.59478],[5.00591,43.59465],[5.00603,43.59479],[5.00656,43.59526],[5.00661,43.59529],[5.00648,43.59543],[5.00614,43.59649],[5.00614,43.59657],[5.0063,43.59706],[5.00639,43.59749],[5.00681,43.59849],[5.00647,43.59861],[5.0066,43.59867],[5.00675,43.59898],[5.00694,43.59921],[5.00704,43.5993],[5.00719,43.59939],[5.00723,43.59933],[5.00825,43.60039],[5.00839,43.60047],[5.00855,43.60053],[5.00904,43.60061],[5.00924,43.6006],[5.00932,43.60055],[5.00955,43.60008],[5.00975,43.5996],[5.00957,43.59821],[5.00953,43.59803],[5.0106,43.59786],[5.01076,43.59779],[5.01088,43.59766],[5.01121,43.59686],[5.01129,43.59652],[5.01127,43.59598],[5.01123,43.59551],[5.01105,43.59466],[5.01032,43.59316],[5.01004,43.59321],[5.00995,43.5929],[5.00975,43.5929],[5.00969,43.59269],[5.00938,43.59273],[5.00934,43.5927],[5.00916,43.59208],[5.00989,43.59197],[5.00986,43.59173],[5.00966,43.59145],[5.00933,43.59108],[5.00915,43.591],[5.00872,43.59095],[5.00803,43.59103],[5.00752,43.58936],[5.00795,43.5893],[5.00748,43.58769],[5.00817,43.58758],[5.00788,43.58729],[5.00645,43.58751],[5.00632,43.58711],[5.00366,43.58752],[5.00411,43.5892],[5.00419,43.58917],[5.00432,43.58917],[5.00461,43.59024],[5.00456,43.59031],[5.00454,43.59048],[5.0046,43.59055],[5.00469,43.59058],[5.00494,43.59149],[5.00502,43.59157],[5.00512,43.5919],[5.00553,43.59184],[5.00564,43.5922],[5.00556,43.59222],[5.00565,43.59254],[5.00573,43.59261]]]]},"properties":{"q":"QN01367M","n":"La Maille","z":"ZIP","d":"13","com":["13063"]}},{"type":"Feature","geometry":{"type":"MultiPolygon","coordinates":[[[[5.40304,43.24556],[5.4031,43.24554],[5.40315,43.24548],[5.40314,43.24543],[5.40286,43.24509],[5.40251,43.24471],[5.40357,43.2442],[5.40241,43.24287],[5.40177,43.24333],[5.4003,43.24433],[5.39923,43.24495],[5.39826,43.24545],[5.39811,43.2455],[5.39776,43.24503],[5.39761,43.24498],[5.39728,43.24511],[5.39659,43.24439],[5.3964,43.24431],[5.39664,43.24348],[5.39439,43.24269],[5.39424,43.24274],[5.39412,43.24258],[5.39418,43.24255],[5.39408,43.24241],[5.39392,43.24247],[5.39388,43.24242],[5.39397,43.24238],[5.39386,43.24223],[5.39372,43.24227],[5.39357,43.24208],[5.39348,43.24204],[5.39334,43.24192],[5.39276,43.24252],[5.3929,43.24262],[5.39491,43.24348],[5.39637,43.24414],[5.39634,43.24433],[5.39656,43.24442],[5.3975,43.24544],[5.39664,43.24585],[5.3965,43.24586],[5.39614,43.24601],[5.39608,43.24608],[5.39545,43.24635],[5.39651,43.24707],[5.39673,43.24716],[5.39691,43.2472],[5.39711,43.24715],[5.39731,43.24705],[5.3977,43.2468],[5.39883,43.24624],[5.39899,43.24638],[5.40044,43.24564],[5.40164,43.24507],[5.4023,43.24585],[5.40246,43.24584],[5.40304,43.24556]]]]},"properties":{"q":"QN01368M","n":"La Soude Bengale","z":"ZAC","d":"13","com":["13055"]}},{"type":"Feature","geometry":{"type":"MultiPolygon","coordinates":[[[[5.4454,43.29796],[5.44616,43.29811],[5.44669,43.29817],[5.44695,43.29832],[5.44748,43.29836],[5.44746,43.2985],[5.44731,43.29865],[5.44764,43.29886],[5.44755,43.29897],[5.44782,43.29904],[5.44752,43.29961],[5.44752,43.29967],[5.44757,43.29973],[5.44823,43.2999],[5.44815,43.30013],[5.44857,43.30021],[5.44865,43.30016],[5.44863,43.30028],[5.44832,43.30076],[5.44824,43.30083],[5.44818,43.30084],[5.44817,43.30092],[5.44819,43.30109],[5.44837,43.30127],[5.44843,43.30139],[5.4484,43.30144],[5.44799,43.30178],[5.44809,43.30187],[5.44842,43.30208],[5.44876,43.3022],[5.44946,43.30231],[5.44949,43.30203],[5.44955,43.30192],[5.44966,43.30118],[5.44963,43.30111],[5.44963,43.30102],[5.44976,43.30073],[5.44988,43.3006],[5.44923,43.30051],[5.44914,43.30047],[5.44911,43.30019],[5.44925,43.30005],[5.44928,43.29989],[5.44862,43.29973],[5.44867,43.29924],[5.44921,43.29936],[5.4493,43.29896],[5.44943,43.29868],[5.44906,43.29848],[5.44884,43.29838],[5.44882,43.29836],[5.44886,43.2976],[5.44882,43.29755],[5.44865,43.29747],[5.44888,43.2972],[5.44842,43.29662],[5.4483,43.29681],[5.44822,43.29679],[5.44809,43.2967],[5.44766,43.29687],[5.44714,43.29688],[5.44711,43.29693],[5.44688,43.29709],[5.44671,43.29714],[5.44628,43.29734],[5.44625,43.29741],[5.4454,43.29796]]]]},"properties":{"q":"QN01369I","n":"Caillols La Moularde","z":"ZAC","d":"13","com":["13055"]}},{"type":"Feature","geometry":{"type":"MultiPolygon","coordinates":[[[[5.05798,43.39685],[5.05692,43.39661],[5.05548,43.39642],[5.05529,43.39637],[5.0552,43.3963],[5.05514,43.39619],[5.05515,43.39603],[5.0553,43.39565],[5.05566,43.39509],[5.05584,43.39486],[5.05351,43.39459],[5.05356,43.39438],[5.05174,43.39387],[5.05143,43.39373],[5.05142,43.39345],[5.05149,43.39327],[5.05151,43.39308],[5.05159,43.39289],[5.05192,43.39172],[5.05202,43.39116],[5.05221,43.39085],[5.05223,43.39068],[5.05454,43.39075],[5.0547,43.39173],[5.05622,43.39181],[5.05628,43.39186],[5.05724,43.39213],[5.05687,43.3927],[5.05607,43.39359],[5.05608,43.39378],[5.05688,43.39387],[5.05682,43.39418],[5.05735,43.39438],[5.05803,43.39442],[5.05862,43.39442],[5.05864,43.39439],[5.05962,43.39462],[5.06058,43.39445],[5.06178,43.39433],[5.06176,43.3947],[5.06164,43.39509],[5.06151,43.39539],[5.06138,43.3956],[5.06149,43.39564],[5.06117,43.3966],[5.06106,43.39661],[5.06097,43.39684],[5.06059,43.39682],[5.06023,43.39774],[5.06081,43.39783],[5.0607,43.39802],[5.06067,43.39802],[5.06058,43.3982],[5.0606,43.39821],[5.06058,43.39824],[5.0602,43.39818],[5.06013,43.39845],[5.0596,43.39838],[5.05971,43.39807],[5.05917,43.39797],[5.05936,43.39757],[5.05897,43.3975],[5.05753,43.39733],[5.05764,43.39719],[5.05801,43.39686],[5.05798,43.39685]]]]},"properties":{"q":"QN01370N","n":"Boudème-Les Deux Portes-Bargemont","z":"ZAC","d":"13","com":["13056"]}},{"type":"Feature","geometry":{"type":"MultiPolygon","coordinates":[[[[4.79389,43.39813],[4.79559,43.39916],[4.7957,43.39915],[4.79667,43.39858],[4.79748,43.39929],[4.79946,43.39805],[4.79615,43.39585],[4.79835,43.39348],[4.79819,43.3933],[4.798,43.39314],[4.79773,43.39295],[4.79859,43.39202],[4.798,43.39174],[4.79728,43.39237],[4.79692,43.39312],[4.79787,43.39389],[4.79556,43.39643],[4.79443,43.3976],[4.79389,43.39813]]]]},"properties":{"q":"QN01371N","n":"Quartier prioritaire de Port-Saint-Louis","z":"ZIP","d":"13","com":["13078"]}},{"type":"Feature","geometry":{"type":"MultiPolygon","coordinates":[[[[6.73009,43.43571],[6.72934,43.43531],[6.72912,43.43524],[6.72925,43.43481],[6.72952,43.43437],[6.72978,43.43421],[6.72978,43.43416],[6.72972,43.43413],[6.73042,43.43379],[6.7308,43.43434],[6.73112,43.43407],[6.7314,43.43379],[6.73154,43.43369],[6.73185,43.43355],[6.73197,43.43347],[6.73216,43.43354],[6.7323,43.43348],[6.73256,43.4328],[6.73285,43.43275],[6.73309,43.43272],[6.73337,43.43283],[6.73336,43.43295],[6.73387,43.43303],[6.73443,43.43327],[6.73449,43.43336],[6.73487,43.43332],[6.73534,43.43319],[6.73516,43.43286],[6.73512,43.43254],[6.73531,43.43227],[6.73542,43.43137],[6.73535,43.43134],[6.73446,43.43154],[6.73388,43.43178],[6.73364,43.43193],[6.73366,43.43203],[6.73365,43.43207],[6.73367,43.43208],[6.73365,43.43212],[6.73362,43.43212],[6.73359,43.43226],[6.73354,43.43225],[6.73349,43.43249],[6.73224,43.4326],[6.73144,43.43324],[6.72954,43.43391],[6.72899,43.43403],[6.72829,43.43399],[6.72801,43.43418],[6.72787,43.43465],[6.72809,43.43525],[6.72792,43.43526],[6.72806,43.43548],[6.72845,43.43595],[6.72947,43.43743],[6.72969,43.43755],[6.73009,43.43781],[6.73054,43.43804],[6.73074,43.43809],[6.73088,43.43808],[6.73103,43.43802],[6.73155,43.43773],[6.73178,43.43764],[6.73129,43.43647],[6.73118,43.43634],[6.73096,43.43615],[6.73009,43.43571]]]]},"properties":{"q":"QN08301M","n":"L'Agachon","z":"ZIP","d":"83","com":["83061"]}},{"type":"Feature","geometry":{"type":"MultiPolygon","coordinates":[[[[6.46508,43.54157],[6.46516,43.54168],[6.46635,43.54152],[6.46653,43.54147],[6.46751,43.54105],[6.46756,43.54111],[6.46749,43.54118],[6.46746,43.54123],[6.46747,43.54127],[6.46761,43.5414],[6.46761,43.54166],[6.46755,43.54175],[6.46739,43.54187],[6.46739,43.54192],[6.46744,43.54198],[6.4678,43.54184],[6.46813,43.54184],[6.46851,43.54188],[6.46865,43.54192],[6.46878,43.54199],[6.4688,43.5421],[6.46882,43.5421],[6.46884,43.54201],[6.4693,43.54159],[6.46914,43.54145],[6.46906,43.54132],[6.46937,43.54101],[6.46913,43.54109],[6.46884,43.54102],[6.46887,43.54099],[6.46833,43.54084],[6.46811,43.54085],[6.46792,43.5409],[6.46787,43.54075],[6.46812,43.54066],[6.46871,43.5406],[6.46883,43.54053],[6.46893,43.54036],[6.46897,43.54017],[6.4688,43.53909],[6.46888,43.53868],[6.46904,43.53836],[6.46922,43.53809],[6.46939,43.53785],[6.46989,43.53732],[6.46991,43.53726],[6.46961,43.53689],[6.46958,43.5368],[6.46841,43.53674],[6.46803,43.53676],[6.46725,43.53672],[6.46728,43.53647],[6.46737,43.53633],[6.46791,43.53637],[6.4683,43.53537],[6.46758,43.53505],[6.46724,43.53539],[6.46764,43.53559],[6.46738,43.53595],[6.46709,43.53583],[6.46703,43.53593],[6.467,43.53591],[6.46687,43.5361],[6.46695,43.53613],[6.46662,43.53666],[6.46442,43.53652],[6.46427,43.53645],[6.46189,43.53779],[6.46188,43.53792],[6.46372,43.53992],[6.46408,43.54028],[6.46508,43.54157]]]]},"properties":{"q":"QN08302M","n":"Centre Ville","z":"ZIP","d":"83","com":["83050"]}},{"type":"Feature","geometry":{"type":"MultiPolygon","coordinates":[[[[6.47593,43.53314],[6.47635,43.53334],[6.47682,43.53353],[6.47772,43.53381],[6.47784,43.53369],[6.47828,43.53339],[6.47813,43.53323],[6.47781,43.5327],[6.47816,43.53267],[6.47821,43.53269],[6.47838,43.53264],[6.47864,43.53252],[6.47869,43.53238],[6.47868,43.53219],[6.4795,43.53174],[6.48006,43.53169],[6.48024,43.53215],[6.4805,43.53237],[6.48009,43.53267],[6.48051,43.53299],[6.48049,43.53304],[6.47986,43.53297],[6.48019,43.53384],[6.48092,43.53369],[6.48098,43.53365],[6.48243,43.53332],[6.48252,43.53326],[6.48232,43.53273],[6.48217,43.53245],[6.4819,43.53223],[6.48156,43.53209],[6.48139,43.53205],[6.48089,43.53203],[6.4807,43.53196],[6.48051,43.53153],[6.48152,43.53082],[6.48109,43.53049],[6.48122,43.53041],[6.48135,43.53036],[6.48157,43.53033],[6.48195,43.53065],[6.48203,43.53094],[6.48238,43.53084],[6.48242,43.53103],[6.48318,43.53086],[6.4832,43.53068],[6.4831,43.53064],[6.48306,43.53041],[6.48312,43.5302],[6.4828,43.53021],[6.48257,43.53019],[6.48209,43.53028],[6.48186,43.5303],[6.48146,43.53027],[6.48119,43.53032],[6.48104,43.53039],[6.48082,43.52991],[6.48074,43.52993],[6.4807,43.52985],[6.48068,43.52968],[6.48075,43.52958],[6.48276,43.52919],[6.48286,43.52919],[6.48296,43.52922],[6.483,43.52927],[6.48305,43.52934],[6.4831,43.52956],[6.48325,43.52955],[6.48399,43.52928],[6.48409,43.52927],[6.48418,43.52932],[6.48424,43.52942],[6.48423,43.5297],[6.48438,43.53048],[6.48436,43.5307],[6.48427,43.5309],[6.48465,43.53101],[6.48467,43.53105],[6.48523,43.53094],[6.48505,43.53044],[6.4857,43.53038],[6.48592,43.52975],[6.48587,43.5297],[6.48583,43.52962],[6.48587,43.52955],[6.48557,43.529],[6.48574,43.52894],[6.48635,43.52882],[6.4871,43.52873],[6.48621,43.52824],[6.48536,43.52707],[6.48469,43.52726],[6.48413,43.52739],[6.48359,43.52744],[6.48325,43.5275],[6.48172,43.52797],[6.48114,43.52813],[6.47966,43.52837],[6.4792,43.52848],[6.47879,43.52871],[6.47784,43.52933],[6.47901,43.53024],[6.47955,43.53059],[6.47907,43.5307],[6.47691,43.53146],[6.47673,43.53149],[6.47655,43.53147],[6.47597,43.53155],[6.47646,43.53251],[6.47624,43.53255],[6.47545,43.53285],[6.47593,43.53314]]]]},"properties":{"q":"QN08303M","n":"Les Collettes","z":"ZIP","d":"83","com":["83050"]}},{"type":"Feature","geometry":{"type":"MultiPolygon","coordinates":[[[[6.57156,43.47226],[6.57195,43.47194],[6.57234,43.47167],[6.57236,43.47153],[6.5722,43.47145],[6.5721,43.47145],[6.57075,43.47173],[6.57068,43.47136],[6.57037,43.47137],[6.57038,43.4715],[6.57035,43.47125],[6.57028,43.47125],[6.56972,43.47161],[6.56966,43.47158],[6.56946,43.47153],[6.56953,43.47127],[6.56935,43.47132],[6.56919,43.47133],[6.56889,43.47143],[6.5688,43.47142],[6.56874,43.47138],[6.5687,43.47132],[6.56845,43.47122],[6.56832,43.47146],[6.56715,43.4711],[6.56723,43.47098],[6.56715,43.47096],[6.56705,43.47097],[6.56657,43.47088],[6.56641,43.47083],[6.566,43.4706],[6.56591,43.47065],[6.56599,43.47071],[6.56586,43.47075],[6.56567,43.47078],[6.56562,43.47071],[6.56486,43.47107],[6.56455,43.47096],[6.56452,43.47098],[6.56428,43.47091],[6.56424,43.4711],[6.56417,43.47107],[6.56422,43.47088],[6.56406,43.47073],[6.56404,43.47077],[6.56356,43.47067],[6.56332,43.47059],[6.56329,43.47063],[6.56307,43.47056],[6.56305,43.47058],[6.56291,43.47053],[6.56293,43.47049],[6.56276,43.47042],[6.56276,43.47043],[6.56261,43.47041],[6.56252,43.47058],[6.56293,43.47067],[6.56279,43.47086],[6.56334,43.47103],[6.56338,43.47099],[6.56346,43.47101],[6.56344,43.47104],[6.56352,43.47107],[6.56334,43.47128],[6.56358,43.47137],[6.56371,43.47131],[6.5638,43.47134],[6.56396,43.47118],[6.56414,43.47123],[6.56362,43.47179],[6.56395,43.47174],[6.56422,43.47143],[6.56412,43.4714],[6.56432,43.47116],[6.56437,43.47118],[6.56429,43.4713],[6.56436,43.47132],[6.56435,43.47135],[6.56448,43.47139],[6.56446,43.47145],[6.56458,43.47148],[6.5646,43.47146],[6.56486,43.47153],[6.56471,43.47234],[6.56521,43.47225],[6.56529,43.47272],[6.56573,43.47274],[6.56608,43.47281],[6.56611,43.47292],[6.56628,43.47287],[6.56627,43.47284],[6.56656,43.47275],[6.5667,43.47315],[6.56699,43.4731],[6.56698,43.47306],[6.56728,43.47302],[6.56734,43.47299],[6.56788,43.47293],[6.5679,43.47299],[6.56798,43.47298],[6.56798,43.47294],[6.56886,43.47282],[6.56888,43.47267],[6.56991,43.47273],[6.5704,43.4726],[6.57044,43.47223],[6.57042,43.47217],[6.5705,43.47215],[6.57156,43.47226]]]]},"properties":{"q":"QN08304M","n":"Centre Ville","z":"ZIP","d":"83","com":["83086"]}},{"type":"Feature","geometry":{"type":"MultiPolygon","coordinates":[[[[6.00489,43.1179],[6.00495,43.11826],[6.00814,43.11958],[6.00844,43.11898],[6.00842,43.11859],[6.00851,43.11853],[6.00848,43.11807],[6.0085,43.11801],[6.00842,43.11788],[6.00751,43.1174],[6.00643,43.1169],[6.00645,43.11686],[6.00599,43.11666],[6.00605,43.11664],[6.0046,43.11606],[6.00377,43.11584],[6.004,43.11617],[6.00454,43.1171],[6.00489,43.1179]]]]},"properties":{"q":"QN08305M","n":"Romain Rolland","z":"ZAC","d":"83","com":["83062"]}},{"type":"Feature","geometry":{"type":"MultiPolygon","coordinates":[[[[6.12609,43.12018],[6.12594,43.12036],[6.12597,43.12037],[6.1259,43.12045],[6.12615,43.12077],[6.12622,43.12079],[6.12631,43.12094],[6.12635,43.12109],[6.12643,43.12115],[6.12646,43.12127],[6.12674,43.12129],[6.12709,43.12127],[6.12716,43.12129],[6.12735,43.12156],[6.12736,43.1217],[6.12739,43.12178],[6.12733,43.1218],[6.12725,43.12193],[6.12742,43.12222],[6.12738,43.12226],[6.12758,43.12257],[6.12765,43.12286],[6.12771,43.12292],[6.12809,43.12279],[6.12854,43.12268],[6.1286,43.1227],[6.12876,43.12271],[6.12879,43.12284],[6.12897,43.12309],[6.12918,43.12303],[6.12946,43.123],[6.12974,43.12294],[6.1299,43.12288],[6.13012,43.12278],[6.13048,43.12255],[6.13055,43.12243],[6.13071,43.12237],[6.13062,43.1222],[6.12992,43.12159],[6.13068,43.12093],[6.13078,43.12091],[6.13087,43.12093],[6.13095,43.12079],[6.13108,43.12073],[6.13091,43.12065],[6.13047,43.12058],[6.13005,43.12055],[6.12938,43.12042],[6.1288,43.12038],[6.12855,43.12041],[6.12799,43.12035],[6.12704,43.12021],[6.1261,43.11997],[6.12609,43.12018]]]]},"properties":{"q":"QN08306I","n":"Centre Ville","z":"ZAC","d":"83","com":["83069"]}},{"type":"Feature","geometry":{"type":"MultiPolygon","coordinates":[[[[6.14442,43.12989],[6.14467,43.12988],[6.14512,43.12978],[6.14524,43.12974],[6.14574,43.12964],[6.14585,43.12959],[6.14584,43.12954],[6.14588,43.12948],[6.14585,43.12941],[6.14587,43.12938],[6.14566,43.129],[6.14569,43.12899],[6.14554,43.12873],[6.14584,43.12836],[6.14583,43.12827],[6.14569,43.1279],[6.14577,43.12757],[6.14571,43.12755],[6.14579,43.12716],[6.14595,43.12716],[6.14595,43.12719],[6.14599,43.12723],[6.14618,43.12717],[6.14635,43.12706],[6.14644,43.12696],[6.14635,43.12694],[6.14706,43.1267],[6.14731,43.12664],[6.14798,43.12676],[6.14917,43.12653],[6.14964,43.12639],[6.15003,43.12621],[6.1504,43.12617],[6.15127,43.12621],[6.15145,43.12611],[6.15113,43.12574],[6.15076,43.12522],[6.15039,43.12492],[6.15025,43.12492],[6.1501,43.12478],[6.14987,43.1247],[6.14978,43.12519],[6.14944,43.12509],[6.14925,43.12532],[6.14905,43.1255],[6.14904,43.12553],[6.14909,43.12573],[6.14883,43.1258],[6.14831,43.1262],[6.14794,43.12632],[6.14761,43.12636],[6.14758,43.12633],[6.14747,43.12594],[6.14785,43.12587],[6.14813,43.12577],[6.14827,43.12576],[6.1484,43.1258],[6.14847,43.12572],[6.14857,43.12547],[6.14843,43.12524],[6.14828,43.12517],[6.14826,43.12518],[6.14802,43.12502],[6.14826,43.12504],[6.1483,43.12496],[6.14812,43.12493],[6.14812,43.1249],[6.14802,43.12483],[6.14797,43.12484],[6.14787,43.12477],[6.14803,43.12461],[6.14788,43.1246],[6.14793,43.12441],[6.1479,43.12441],[6.14793,43.12436],[6.1479,43.12435],[6.14818,43.12428],[6.1481,43.12446],[6.14839,43.12462],[6.14857,43.12468],[6.14885,43.12439],[6.14686,43.12376],[6.14694,43.12347],[6.14695,43.12319],[6.14617,43.12308],[6.14604,43.12353],[6.14766,43.12405],[6.14716,43.12452],[6.1468,43.12478],[6.14648,43.1249],[6.146,43.12515],[6.14584,43.12521],[6.1456,43.12525],[6.14562,43.12549],[6.14532,43.12556],[6.14533,43.12542],[6.14486,43.12528],[6.1448,43.12544],[6.14473,43.12554],[6.14441,43.12579],[6.14418,43.12606],[6.14448,43.12609],[6.14452,43.12639],[6.14436,43.127],[6.14415,43.12763],[6.14397,43.12767],[6.14385,43.12785],[6.14382,43.12807],[6.14385,43.12831],[6.14372,43.12834],[6.14374,43.12851],[6.14367,43.12874],[6.14365,43.12894],[6.1437,43.12913],[6.14378,43.12911],[6.14401,43.12937],[6.14396,43.1294],[6.14413,43.12955],[6.14422,43.12954],[6.1443,43.12958],[6.14432,43.12963],[6.14431,43.12977],[6.14433,43.12978],[6.14434,43.12983],[6.14442,43.12984],[6.14442,43.12989]]]]},"properties":{"q":"QN08307M","n":"Val Des Rougières","z":"ZAC","d":"83","com":["83069"]}},{"type":"Feature","geometry":{"type":"MultiPolygon","coordinates":[[[[5.85957,43.11491],[5.85988,43.11494],[5.86129,43.11464],[5.86139,43.1152],[5.86139,43.11549],[5.8623,43.11539],[5.86619,43.11503],[5.8675,43.11505],[5.86749,43.11517],[5.86765,43.1152],[5.86764,43.11521],[5.86835,43.11529],[5.86871,43.11528],[5.8695,43.11516],[5.86949,43.11509],[5.86969,43.11508],[5.87004,43.11478],[5.87014,43.11458],[5.86942,43.11442],[5.86917,43.11431],[5.86911,43.11423],[5.86788,43.11336],[5.86711,43.11288],[5.86721,43.11278],[5.86735,43.11276],[5.8674,43.11272],[5.86757,43.11265],[5.86833,43.11244],[5.8695,43.11205],[5.86973,43.11203],[5.86968,43.11155],[5.87304,43.11134],[5.87302,43.11051],[5.87296,43.10968],[5.87088,43.1099],[5.87068,43.10989],[5.87067,43.10905],[5.87058,43.10883],[5.86972,43.10734],[5.86864,43.10761],[5.86741,43.10784],[5.86754,43.1082],[5.86679,43.10822],[5.86625,43.10822],[5.86601,43.10819],[5.86552,43.10809],[5.86483,43.1079],[5.8649,43.10781],[5.86431,43.10768],[5.86397,43.10773],[5.86357,43.10772],[5.86308,43.10804],[5.86303,43.10813],[5.86275,43.10831],[5.86264,43.10833],[5.8624,43.10849],[5.86232,43.10857],[5.862,43.10874],[5.86064,43.10962],[5.86045,43.10979],[5.86042,43.10978],[5.86006,43.11025],[5.86003,43.11035],[5.85988,43.11039],[5.85983,43.11054],[5.85978,43.11102],[5.85973,43.1113],[5.85966,43.11145],[5.85917,43.11215],[5.85938,43.11286],[5.8595,43.11357],[5.85952,43.11428],[5.85957,43.11491]]]]},"properties":{"q":"QN08308M","n":"Berthe","z":"ZAC","d":"83","com":["83126"]}},{"type":"Feature","geometry":{"type":"MultiPolygon","coordinates":[[[[5.87688,43.10233],[5.87693,43.10258],[5.87702,43.10283],[5.87761,43.10414],[5.8777,43.1042],[5.87771,43.10428],[5.87732,43.10565],[5.87701,43.10555],[5.87684,43.1057],[5.87685,43.1058],[5.87693,43.10611],[5.87717,43.1061],[5.87716,43.10589],[5.87757,43.1059],[5.87762,43.1057],[5.87821,43.10581],[5.87835,43.1058],[5.87867,43.10587],[5.87892,43.10528],[5.87952,43.10405],[5.87965,43.10372],[5.87981,43.10353],[5.88064,43.10379],[5.88083,43.10347],[5.88128,43.10361],[5.88177,43.10282],[5.88176,43.10271],[5.88171,43.10264],[5.88143,43.10245],[5.88127,43.10226],[5.88143,43.10196],[5.8823,43.10055],[5.88253,43.10002],[5.88243,43.09989],[5.88289,43.09952],[5.88301,43.09947],[5.88291,43.09934],[5.88245,43.0989],[5.88234,43.09887],[5.88212,43.09887],[5.88196,43.0992],[5.88176,43.09945],[5.88044,43.0994],[5.8805,43.09956],[5.88064,43.09957],[5.88063,43.09964],[5.87951,43.09963],[5.87953,43.09986],[5.87926,43.09986],[5.87926,43.09963],[5.87905,43.09965],[5.87906,43.09984],[5.8788,43.09984],[5.87878,43.10014],[5.87857,43.10015],[5.87843,43.10011],[5.87844,43.10008],[5.8781,43.10002],[5.87806,43.10006],[5.87789,43.10041],[5.87801,43.10134],[5.87755,43.10141],[5.87731,43.10148],[5.87634,43.1019],[5.87688,43.10233]]]]},"properties":{"q":"QN08309M","n":"Centre Ville","z":"ZAC","d":"83","com":["83126"]}},{"type":"Feature","geometry":{"type":"MultiPolygon","coordinates":[[[[5.87957,43.13421],[5.88157,43.13522],[5.88179,43.13509],[5.8818,43.13519],[5.88227,43.13517],[5.88233,43.13521],[5.88226,43.13527],[5.8823,43.13538],[5.88248,43.13547],[5.88225,43.13553],[5.88191,43.13553],[5.88182,43.13586],[5.88173,43.13607],[5.88308,43.13625],[5.88295,43.13564],[5.88267,43.13505],[5.88236,43.13447],[5.88404,43.13425],[5.88408,43.13449],[5.88447,43.13446],[5.88551,43.13431],[5.88554,43.13424],[5.88569,43.13416],[5.88579,43.13414],[5.88558,43.13396],[5.88556,43.13398],[5.88539,43.13393],[5.8849,43.13352],[5.88529,43.13348],[5.88562,43.13336],[5.88578,43.13357],[5.88586,43.13377],[5.88616,43.13405],[5.88668,43.13395],[5.88709,43.13381],[5.8871,43.13273],[5.88698,43.13223],[5.88697,43.13184],[5.88664,43.13185],[5.88654,43.13151],[5.88703,43.13144],[5.88707,43.13085],[5.88702,43.13076],[5.88693,43.1307],[5.88673,43.13063],[5.88641,43.1307],[5.88638,43.13068],[5.88626,43.13038],[5.88477,43.12973],[5.88269,43.12973],[5.88236,43.12829],[5.88218,43.12834],[5.88187,43.12853],[5.88176,43.12862],[5.88169,43.12874],[5.88167,43.12887],[5.88172,43.12886],[5.88186,43.12983],[5.88182,43.12987],[5.88175,43.12988],[5.88198,43.13116],[5.88191,43.13134],[5.88196,43.13144],[5.88175,43.13156],[5.88172,43.13184],[5.88128,43.1319],[5.88147,43.1326],[5.88144,43.13263],[5.88113,43.13264],[5.88032,43.13259],[5.88007,43.13314],[5.88006,43.13347],[5.87964,43.13414],[5.87957,43.13421]]]]},"properties":{"q":"QN08310M","n":"La Beaucaire","z":"ZAC","d":"83","com":["83137"]}},{"type":"Feature","geometry":{"type":"MultiPolygon","coordinates":[[[[5.88762,43.13959],[5.8873,43.13952],[5.88726,43.13955],[5.88717,43.13957],[5.88716,43.13955],[5.88625,43.13998],[5.88628,43.14006],[5.88623,43.14009],[5.88623,43.14056],[5.88619,43.1406],[5.88615,43.14096],[5.88611,43.14096],[5.8861,43.141],[5.88584,43.14087],[5.88565,43.14084],[5.88529,43.14063],[5.88497,43.14059],[5.88483,43.14115],[5.8848,43.14138],[5.88493,43.1414],[5.88487,43.14155],[5.88476,43.14167],[5.88445,43.14376],[5.88449,43.14373],[5.88447,43.1437],[5.88588,43.14236],[5.8862,43.1423],[5.88657,43.14219],[5.88694,43.14261],[5.88703,43.14264],[5.88736,43.14252],[5.88751,43.14244],[5.88784,43.14217],[5.88829,43.14198],[5.88877,43.14203],[5.88964,43.14196],[5.88972,43.14194],[5.88977,43.14186],[5.88992,43.14138],[5.89012,43.14087],[5.89088,43.13969],[5.89012,43.13959],[5.88883,43.14018],[5.88875,43.13992],[5.88856,43.13976],[5.88762,43.13959]]]]},"properties":{"q":"QN08311M","n":"La Florane","z":"ZAC","d":"83","com":["83137"]}},{"type":"Feature","geometry":{"type":"MultiPolygon","coordinates":[[[[5.89582,43.12866],[5.89635,43.12871],[5.89638,43.12861],[5.89689,43.12865],[5.89702,43.12783],[5.89762,43.12787],[5.89763,43.12762],[5.89808,43.12766],[5.89835,43.12684],[5.89811,43.12668],[5.89763,43.12643],[5.89722,43.12637],[5.89683,43.12636],[5.89503,43.1268],[5.89482,43.12689],[5.89383,43.1275],[5.89437,43.12784],[5.89478,43.12795],[5.89488,43.12755],[5.89502,43.12725],[5.89604,43.1275],[5.89582,43.12866]]]]},"properties":{"q":"QN08312M","n":"Pontcarral","z":"ZAC","d":"83","com":["83137"]}},{"type":"Feature","geometry":{"type":"MultiPolygon","coordinates":[[[[5.91282,43.12855],[5.91288,43.13024],[5.91282,43.13059],[5.91256,43.13104],[5.91242,43.13153],[5.91244,43.13175],[5.91264,43.13202],[5.91303,43.13215],[5.91286,43.13265],[5.91272,43.13325],[5.91267,43.13327],[5.91254,43.13352],[5.91249,43.13354],[5.91141,43.13339],[5.91141,43.13343],[5.9096,43.13327],[5.90951,43.13329],[5.90931,43.13458],[5.90925,43.13522],[5.91079,43.13533],[5.9109,43.13473],[5.91191,43.13484],[5.91226,43.13414],[5.91275,43.13328],[5.91311,43.13212],[5.91334,43.13182],[5.91364,43.13148],[5.91463,43.13041],[5.91487,43.12976],[5.91489,43.12957],[5.91511,43.12953],[5.9152,43.12954],[5.91531,43.12962],[5.91677,43.12977],[5.91681,43.12989],[5.91705,43.12988],[5.91702,43.12957],[5.91736,43.12948],[5.91737,43.12953],[5.91845,43.12912],[5.91907,43.12875],[5.91849,43.12769],[5.91749,43.1279],[5.91674,43.12821],[5.91581,43.12849],[5.91282,43.12855]]]]},"properties":{"q":"QN08313M","n":"Pont Du Las - Rodeilhac","z":"ZAC","d":"83","com":["83137"]}},{"type":"Feature","geometry":{"type":"MultiPolygon","coordinates":[[[[5.97568,43.12831],[5.97529,43.12802],[5.97493,43.12828],[5.97582,43.12898],[5.97666,43.1296],[5.97666,43.12971],[5.97642,43.13025],[5.97732,43.13069],[5.97732,43.13075],[5.9772,43.13098],[5.97737,43.13114],[5.97746,43.13119],[5.97751,43.13125],[5.97742,43.13144],[5.97739,43.13197],[5.97732,43.13208],[5.97734,43.13221],[5.97733,43.13233],[5.97762,43.13238],[5.97803,43.13239],[5.97803,43.13243],[5.97794,43.13243],[5.97906,43.13466],[5.97968,43.13434],[5.9802,43.13403],[5.98013,43.13396],[5.98007,43.13382],[5.98014,43.1331],[5.98016,43.13268],[5.98015,43.13232],[5.98008,43.13211],[5.98062,43.13213],[5.98068,43.13208],[5.98069,43.13203],[5.98022,43.13163],[5.9781,43.13003],[5.97767,43.12965],[5.97585,43.12831],[5.97568,43.12831]]]]},"properties":{"q":"QN08314I","n":"Beaulieu- Sainte Marie","z":"ZAC","d":"83","com":["83137"]}},{"type":"Feature","geometry":{"type":"MultiPolygon","coordinates":[[[[5.98198,43.12374],[5.98164,43.12252],[5.98139,43.1225],[5.98137,43.12233],[5.98149,43.12219],[5.98119,43.12155],[5.9803,43.12056],[5.98004,43.12039],[5.97918,43.1203],[5.97906,43.12032],[5.97859,43.12066],[5.97773,43.12108],[5.9782,43.12156],[5.97849,43.12183],[5.97858,43.12219],[5.97853,43.12245],[5.98031,43.12261],[5.9803,43.12255],[5.98106,43.12241],[5.98113,43.12271],[5.98104,43.12278],[5.98045,43.12289],[5.9802,43.12264],[5.97848,43.12247],[5.97874,43.12271],[5.97886,43.12296],[5.97904,43.12323],[5.97922,43.12334],[5.97904,43.12352],[5.97888,43.1236],[5.97868,43.12363],[5.97836,43.12373],[5.97883,43.1242],[5.97924,43.12403],[5.97936,43.12401],[5.9803,43.12544],[5.98038,43.12673],[5.98009,43.12676],[5.98013,43.12737],[5.98018,43.12739],[5.98022,43.12747],[5.97983,43.12781],[5.97974,43.12774],[5.97946,43.12797],[5.97956,43.12804],[5.97937,43.12838],[5.97929,43.12847],[5.97976,43.12858],[5.98121,43.1288],[5.98151,43.1288],[5.9817,43.12872],[5.98167,43.12844],[5.98119,43.1265],[5.98117,43.12633],[5.98126,43.12584],[5.98136,43.12563],[5.98168,43.12517],[5.98187,43.12469],[5.98165,43.12442],[5.98144,43.12421],[5.98132,43.12414],[5.98121,43.12402],[5.98198,43.12374]]]]},"properties":{"q":"QN08315M","n":"Sainte Musse","z":"ZAC","d":"83","com":["83137"]}},{"type":"Feature","geometry":{"type":"MultiPolygon","coordinates":[[[[5.93666,43.12248],[5.9369,43.12272],[5.937,43.12275],[5.93705,43.12284],[5.93707,43.12284],[5.93706,43.12288],[5.93714,43.1229],[5.93791,43.12263],[5.93799,43.12252],[5.93797,43.12248],[5.93808,43.12222],[5.93816,43.12169],[5.93825,43.12152],[5.93826,43.12147],[5.93821,43.12147],[5.93812,43.12161],[5.93814,43.12162],[5.93788,43.12184],[5.93792,43.12191],[5.93767,43.12198],[5.93755,43.12179],[5.93748,43.12176],[5.9374,43.12178],[5.93737,43.12181],[5.93736,43.12189],[5.93728,43.12192],[5.93717,43.12191],[5.93718,43.12177],[5.93709,43.12137],[5.93711,43.12137],[5.93697,43.12085],[5.93692,43.12077],[5.93708,43.12071],[5.93713,43.12072],[5.9372,43.12084],[5.93725,43.12085],[5.93732,43.12082],[5.93737,43.12045],[5.93716,43.12043],[5.93664,43.12062],[5.93651,43.12071],[5.93548,43.12099],[5.93463,43.11964],[5.93461,43.11965],[5.9343,43.11918],[5.93051,43.12112],[5.92933,43.12168],[5.92974,43.12202],[5.92924,43.12231],[5.92899,43.12228],[5.93009,43.12362],[5.92829,43.12439],[5.9279,43.1239],[5.9262,43.12466],[5.92639,43.12486],[5.92652,43.12482],[5.92661,43.12494],[5.92663,43.12502],[5.9267,43.12501],[5.92669,43.12498],[5.92683,43.12496],[5.92683,43.12498],[5.92716,43.12493],[5.92718,43.12499],[5.92723,43.12498],[5.92733,43.12508],[5.92748,43.12501],[5.92822,43.1249],[5.92831,43.12513],[5.92954,43.12495],[5.92952,43.1249],[5.93077,43.12465],[5.93104,43.12519],[5.93245,43.12491],[5.93211,43.12391],[5.93249,43.12378],[5.93272,43.12426],[5.93279,43.1243],[5.93277,43.12434],[5.93292,43.12481],[5.93267,43.12486],[5.93287,43.1254],[5.93608,43.12477],[5.93625,43.12429],[5.93624,43.12415],[5.93361,43.12468],[5.93345,43.12427],[5.9334,43.12407],[5.93384,43.12398],[5.93407,43.12391],[5.93408,43.12387],[5.93396,43.12354],[5.93435,43.12347],[5.93435,43.12338],[5.93489,43.12325],[5.93497,43.12339],[5.93538,43.12328],[5.93551,43.12317],[5.93666,43.12248]]]]},"properties":{"q":"QN08316I","n":"Centre Ville","z":"ZAC","d":"83","com":["83137"]}},{"type":"Feature","geometry":{"type":"MultiPolygon","coordinates":[[[[5.91476,43.14652],[5.91456,43.14622],[5.91506,43.14603],[5.91507,43.14578],[5.91432,43.14581],[5.91427,43.14579],[5.91428,43.14573],[5.9134,43.14578],[5.9129,43.14521],[5.91265,43.14526],[5.9124,43.14522],[5.91234,43.14513],[5.91221,43.14504],[5.91208,43.14483],[5.91208,43.14479],[5.91213,43.14479],[5.91202,43.14468],[5.91192,43.14467],[5.91195,43.14458],[5.91237,43.14411],[5.91232,43.14405],[5.91241,43.14381],[5.91266,43.14332],[5.91272,43.14303],[5.91283,43.14285],[5.91253,43.14278],[5.91249,43.14272],[5.91263,43.14243],[5.91255,43.14241],[5.91257,43.14236],[5.9127,43.14227],[5.91278,43.14224],[5.91306,43.14231],[5.91303,43.14175],[5.91298,43.14144],[5.91298,43.14117],[5.91292,43.14104],[5.91266,43.14111],[5.91244,43.14121],[5.91188,43.14136],[5.91146,43.14135],[5.91136,43.14138],[5.91123,43.14127],[5.91089,43.14128],[5.91076,43.14169],[5.91073,43.14169],[5.91076,43.14198],[5.91094,43.14253],[5.91098,43.14293],[5.91098,43.14361],[5.90959,43.14396],[5.9097,43.14437],[5.91008,43.14464],[5.90998,43.14472],[5.90964,43.14488],[5.90981,43.1451],[5.9097,43.14516],[5.90999,43.14549],[5.91033,43.146],[5.91059,43.14592],[5.91067,43.14609],[5.91071,43.14607],[5.91093,43.14654],[5.91139,43.14641],[5.91152,43.14633],[5.91155,43.14627],[5.91162,43.14586],[5.9116,43.14581],[5.91226,43.14562],[5.91236,43.14582],[5.91287,43.1465],[5.91288,43.14655],[5.91303,43.14675],[5.91334,43.14707],[5.91476,43.14652]]]]},"properties":{"q":"QN08317I","n":"Le Jonquet - La Baume- Le Guynemer","z":"ZAC","d":"83","com":["83137"]}},{"type":"Feature","geometry":{"type":"MultiPolygon","coordinates":[[[[6.7635,43.43077],[6.76357,43.4307],[6.76378,43.43058],[6.76385,43.4305],[6.76399,43.43031],[6.76402,43.43016],[6.76391,43.42916],[6.76379,43.42895],[6.76366,43.42884],[6.76357,43.42882],[6.7629,43.42887],[6.7624,43.42897],[6.76226,43.42839],[6.76241,43.42837],[6.76216,43.42782],[6.76229,43.42744],[6.76075,43.42798],[6.76135,43.42923],[6.76282,43.42892],[6.76317,43.42889],[6.7632,43.42896],[6.7631,43.42932],[6.76314,43.42952],[6.76313,43.42993],[6.76318,43.43006],[6.76321,43.43029],[6.7623,43.43049],[6.76194,43.43065],[6.76177,43.43078],[6.7618,43.43085],[6.76178,43.43108],[6.76162,43.4313],[6.76149,43.43162],[6.76135,43.4318],[6.76112,43.43199],[6.76105,43.4322],[6.76055,43.43213],[6.76042,43.43238],[6.7607,43.43235],[6.7607,43.4326],[6.76084,43.43267],[6.76099,43.43267],[6.76099,43.43271],[6.76105,43.43271],[6.76097,43.43332],[6.75923,43.43361],[6.75878,43.43359],[6.75887,43.43347],[6.75888,43.43344],[6.75885,43.43342],[6.75649,43.43353],[6.75641,43.43413],[6.75708,43.4341],[6.75712,43.43458],[6.76004,43.43418],[6.76081,43.43405],[6.76167,43.43394],[6.76213,43.43397],[6.76255,43.43382],[6.76289,43.43388],[6.76273,43.43419],[6.76299,43.43419],[6.76316,43.43413],[6.76369,43.43374],[6.7638,43.4336],[6.76382,43.43348],[6.76361,43.43342],[6.76294,43.43351],[6.76305,43.4332],[6.76308,43.43251],[6.76313,43.43233],[6.7634,43.43188],[6.76345,43.43189],[6.76347,43.43164],[6.76344,43.43157],[6.76357,43.43127],[6.76361,43.43124],[6.76361,43.43118],[6.76348,43.4309],[6.76347,43.43083],[6.7635,43.43077]]]]},"properties":{"q":"QN08318M","n":"La Gabelle","z":"ZIP","d":"83","com":["83061"]}},{"type":"Feature","geometry":{"type":"MultiPolygon","coordinates":[[[[6.30733,43.39643],[6.30776,43.39657],[6.30771,43.39675],[6.30778,43.39675],[6.30812,43.39688],[6.30798,43.3972],[6.30796,43.39731],[6.30798,43.39736],[6.30856,43.39738],[6.30861,43.39737],[6.30899,43.3966],[6.30907,43.39661],[6.30937,43.39677],[6.3097,43.39656],[6.30987,43.39631],[6.31018,43.39606],[6.31037,43.39614],[6.3106,43.39582],[6.31067,43.39586],[6.31086,43.39586],[6.31093,43.39585],[6.31109,43.39574],[6.31112,43.39579],[6.31154,43.39578],[6.31155,43.3958],[6.31166,43.39578],[6.31169,43.39581],[6.31195,43.39582],[6.31203,43.3958],[6.31204,43.39585],[6.31219,43.39587],[6.31219,43.39589],[6.3124,43.39592],[6.31241,43.39588],[6.31251,43.39591],[6.31266,43.39597],[6.31279,43.39608],[6.3129,43.39633],[6.31295,43.39632],[6.31297,43.39639],[6.31312,43.39635],[6.31311,43.39631],[6.31349,43.39623],[6.31347,43.39615],[6.31377,43.39604],[6.31368,43.39565],[6.31358,43.39544],[6.31366,43.3954],[6.31368,43.39535],[6.31375,43.39537],[6.31378,43.39531],[6.31373,43.3953],[6.31379,43.39517],[6.31348,43.39512],[6.31338,43.39516],[6.31334,43.395],[6.31333,43.39476],[6.31477,43.39444],[6.31515,43.3943],[6.31527,43.39442],[6.31569,43.3943],[6.31571,43.39433],[6.31583,43.39431],[6.31584,43.39433],[6.31708,43.39407],[6.31711,43.39417],[6.31713,43.3947],[6.31718,43.39491],[6.3174,43.39489],[6.3174,43.39488],[6.31838,43.3948],[6.31822,43.39389],[6.31825,43.39388],[6.31824,43.39382],[6.31834,43.39381],[6.31825,43.39354],[6.31856,43.39345],[6.31848,43.39327],[6.31792,43.39321],[6.31794,43.39325],[6.31669,43.39353],[6.31585,43.39374],[6.31567,43.3938],[6.31558,43.39368],[6.31547,43.39384],[6.3155,43.39386],[6.31562,43.39412],[6.31522,43.39427],[6.31508,43.39395],[6.31492,43.39416],[6.31406,43.39387],[6.31418,43.39342],[6.31435,43.39313],[6.3143,43.39309],[6.31392,43.3931],[6.31372,43.39313],[6.31368,43.39315],[6.31312,43.39319],[6.31307,43.39332],[6.31289,43.39329],[6.31282,43.39332],[6.31291,43.39376],[6.31266,43.39386],[6.31234,43.39381],[6.31231,43.39377],[6.31177,43.39369],[6.31181,43.39355],[6.31159,43.39366],[6.31156,43.39365],[6.31128,43.3938],[6.31112,43.39382],[6.31105,43.39375],[6.31058,43.39413],[6.3102,43.39457],[6.30998,43.39493],[6.30971,43.39556],[6.30958,43.39554],[6.30867,43.3952],[6.3087,43.39511],[6.30867,43.39507],[6.30837,43.39493],[6.3081,43.39484],[6.30751,43.39488],[6.30742,43.39492],[6.30733,43.39507],[6.30694,43.39504],[6.30683,43.39557],[6.30688,43.39564],[6.30737,43.39575],[6.30738,43.39629],[6.30733,43.39643]]]]},"properties":{"q":"QN08319M","n":"Centre Ville - Le Vergeiras","z":"ZIP","d":"83","com":["83073"]}},{"type":"Feature","geometry":{"type":"MultiPolygon","coordinates":[[[[6.05936,43.40684],[6.06007,43.40677],[6.06009,43.40692],[6.0615,43.40718],[6.06261,43.40741],[6.063,43.40747],[6.06332,43.40749],[6.06343,43.40756],[6.0642,43.40699],[6.06432,43.40695],[6.06439,43.40685],[6.065,43.40629],[6.0651,43.40623],[6.06508,43.4061],[6.06509,43.40603],[6.06474,43.40498],[6.0645,43.40415],[6.06379,43.40396],[6.06226,43.4034],[6.06224,43.40351],[6.06156,43.40346],[6.06066,43.40345],[6.06024,43.40353],[6.06026,43.40358],[6.0599,43.40366],[6.05974,43.4041],[6.05964,43.4041],[6.05959,43.40415],[6.05892,43.40446],[6.05927,43.40626],[6.05936,43.40684]]]]},"properties":{"q":"QN08320I","n":"Centre Ville","z":"ZIP","d":"83","com":["83023"]}},{"type":"Feature","geometry":{"type":"MultiPolygon","coordinates":[[[[6.06944,43.41099],[6.06959,43.41075],[6.06977,43.41083],[6.06996,43.41085],[6.07066,43.41083],[6.07164,43.41099],[6.07203,43.41099],[6.07251,43.41087],[6.07237,43.41074],[6.07246,43.41057],[6.07234,43.41032],[6.07209,43.41013],[6.07211,43.41006],[6.07423,43.41026],[6.07427,43.41019],[6.07421,43.41006],[6.0754,43.41024],[6.07553,43.41054],[6.07544,43.4107],[6.07539,43.41087],[6.07629,43.41115],[6.07653,43.41091],[6.07694,43.4107],[6.07711,43.41057],[6.07729,43.41052],[6.07753,43.4104],[6.07782,43.41022],[6.07802,43.41003],[6.07831,43.40989],[6.07844,43.40973],[6.07787,43.40879],[6.07709,43.40815],[6.07686,43.40763],[6.07672,43.40737],[6.07664,43.40724],[6.0765,43.40718],[6.07559,43.40703],[6.07522,43.407],[6.07456,43.40687],[6.07442,43.40682],[6.074,43.40841],[6.07256,43.4082],[6.07271,43.40752],[6.0727,43.40742],[6.07288,43.40703],[6.0729,43.40695],[6.07322,43.4064],[6.07351,43.40614],[6.07416,43.40578],[6.07547,43.40567],[6.07666,43.40564],[6.07658,43.40499],[6.07571,43.40477],[6.07569,43.40455],[6.07553,43.40451],[6.07549,43.40371],[6.07525,43.40372],[6.07466,43.40382],[6.07458,43.40497],[6.07336,43.40499],[6.07306,43.40475],[6.07314,43.40447],[6.07321,43.40384],[6.07236,43.40386],[6.07244,43.40415],[6.07253,43.40427],[6.07247,43.4045],[6.07239,43.40468],[6.07238,43.40491],[6.07224,43.4055],[6.07229,43.40588],[6.07288,43.40588],[6.07292,43.40595],[6.07304,43.40605],[6.07303,43.40613],[6.07307,43.40627],[6.07281,43.40633],[6.07278,43.4069],[6.07285,43.40699],[6.07265,43.40738],[6.07246,43.40769],[6.07222,43.40797],[6.07203,43.40812],[6.07153,43.40835],[6.0713,43.40841],[6.07089,43.40846],[6.07012,43.40841],[6.06996,43.40895],[6.06982,43.40903],[6.06966,43.40905],[6.06956,43.40911],[6.06936,43.40971],[6.06918,43.4101],[6.06908,43.41013],[6.06907,43.41022],[6.06897,43.41025],[6.06878,43.41076],[6.06847,43.41075],[6.06755,43.41085],[6.06751,43.41089],[6.06741,43.41111],[6.06914,43.4115],[6.06917,43.41142],[6.06941,43.41147],[6.06944,43.41099]]]]},"properties":{"q":"QN08321M","n":"Le Carami","z":"ZIP","d":"83","com":["83023"]}},{"type":"Feature","geometry":{"type":"MultiPolygon","coordinates":[[[[5.94239,43.12074],[5.94274,43.12078],[5.94322,43.12076],[5.94344,43.12074],[5.94435,43.12056],[5.94447,43.12092],[5.94448,43.12114],[5.94638,43.12103],[5.94641,43.12101],[5.94642,43.12098],[5.94637,43.12098],[5.94637,43.12096],[5.94636,43.12019],[5.9467,43.12005],[5.94714,43.11979],[5.94725,43.11969],[5.9472,43.1195],[5.94635,43.11893],[5.94612,43.11895],[5.94606,43.11923],[5.94599,43.11933],[5.94586,43.11945],[5.94554,43.11956],[5.94388,43.11942],[5.94368,43.12019],[5.9436,43.12026],[5.94346,43.12029],[5.94244,43.12018],[5.94235,43.12052],[5.94235,43.12061],[5.94239,43.12064],[5.94239,43.12074]]]]},"properties":{"q":"QN08322N","n":"La Rode","z":"ZAC","d":"83","com":["83137"]}},{"type":"Feature","geometry":{"type":"MultiPolygon","coordinates":[[[[5.95266,43.126],[5.95519,43.12547],[5.95521,43.12525],[5.95553,43.12527],[5.95622,43.12513],[5.95643,43.12511],[5.95649,43.1251],[5.95664,43.12496],[5.95683,43.12503],[5.95692,43.12463],[5.95665,43.12461],[5.95672,43.12441],[5.95596,43.1242],[5.95593,43.12422],[5.9548,43.12394],[5.95509,43.12331],[5.95438,43.1232],[5.95279,43.12302],[5.95276,43.1231],[5.95117,43.12308],[5.95128,43.12274],[5.95133,43.12226],[5.95181,43.12231],[5.95195,43.12153],[5.95256,43.12154],[5.9524,43.12129],[5.95124,43.12094],[5.951,43.12141],[5.94996,43.12153],[5.94986,43.12281],[5.94994,43.12368],[5.94974,43.12367],[5.95003,43.12494],[5.95035,43.12495],[5.95093,43.12491],[5.95095,43.12489],[5.95091,43.1248],[5.95116,43.12479],[5.95118,43.12488],[5.95225,43.12481],[5.95225,43.12489],[5.95285,43.12494],[5.95266,43.126]]]]},"properties":{"q":"QN08323N","n":"Saint-Jean-du-Var","z":"ZAC","d":"83","com":["83137"]}},{"type":"Feature","geometry":{"type":"MultiPolygon","coordinates":[[[[4.87686,44.01309],[4.87684,44.01296],[4.87691,44.01295],[4.87769,44.01299],[4.87783,44.01232],[4.87751,44.01231],[4.87683,44.01234],[4.87621,44.01218],[4.87583,44.01202],[4.87557,44.01196],[4.87562,44.01178],[4.87577,44.01147],[4.87578,44.01138],[4.87596,44.01112],[4.8752,44.01115],[4.87516,44.01095],[4.87511,44.01095],[4.87465,44.01048],[4.87468,44.01045],[4.87473,44.01018],[4.87577,44.01022],[4.87578,44.01028],[4.87596,44.01028],[4.87597,44.01014],[4.87639,44.01013],[4.87639,44.01009],[4.87663,44.0101],[4.87663,44.01018],[4.87678,44.01018],[4.87678,44.01014],[4.87694,44.01013],[4.87694,44.01016],[4.87701,44.01016],[4.87701,44.01024],[4.87706,44.01024],[4.87728,44.01001],[4.87744,44.00981],[4.87737,44.00958],[4.87737,44.00952],[4.87742,44.00947],[4.87738,44.00943],[4.87692,44.00827],[4.87629,44.00825],[4.87626,44.00822],[4.87563,44.00844],[4.87471,44.00866],[4.87493,44.00913],[4.87454,44.00924],[4.87466,44.00944],[4.87395,44.00953],[4.87397,44.00977],[4.87403,44.00975],[4.87402,44.00994],[4.87363,44.00993],[4.87342,44.01029],[4.87298,44.01009],[4.87287,44.00999],[4.87269,44.0099],[4.87228,44.01002],[4.87197,44.00996],[4.87155,44.00998],[4.87124,44.01006],[4.87115,44.01011],[4.87109,44.01043],[4.87116,44.01076],[4.87145,44.0117],[4.872,44.0117],[4.872,44.01187],[4.87204,44.0121],[4.87245,44.01199],[4.87244,44.01185],[4.87235,44.01162],[4.87233,44.01133],[4.87276,44.01126],[4.87275,44.01113],[4.87339,44.01095],[4.87368,44.01145],[4.87406,44.01132],[4.87397,44.01117],[4.87438,44.01099],[4.87457,44.01121],[4.87477,44.01152],[4.87494,44.01192],[4.87504,44.01209],[4.87515,44.01216],[4.87632,44.01269],[4.87629,44.01289],[4.8759,44.01286],[4.87588,44.01292],[4.87542,44.01289],[4.87538,44.01279],[4.87527,44.0128],[4.87541,44.01305],[4.87551,44.01335],[4.87558,44.01341],[4.87587,44.01458],[4.8752,44.01466],[4.87438,44.01534],[4.87475,44.01563],[4.87569,44.01543],[4.87574,44.01557],[4.87604,44.01552],[4.87614,44.01588],[4.8762,44.01603],[4.87637,44.01631],[4.87663,44.01661],[4.87681,44.01711],[4.87686,44.0171],[4.87686,44.01701],[4.877,44.01653],[4.87701,44.0164],[4.87689,44.01541],[4.87685,44.01472],[4.87686,44.01309]]]]},"properties":{"q":"QN08401M","n":"Les Griffons - Centre ville","z":"ZIP","d":"84","com":["84129"]}},{"type":"Feature","geometry":{"type":"MultiPolygon","coordinates":[[[[4.83556,43.931],[4.83556,43.9306],[4.83392,43.93056],[4.83391,43.93076],[4.83381,43.93099],[4.83379,43.9318],[4.83346,43.93201],[4.83334,43.93195],[4.83294,43.93158],[4.83284,43.93145],[4.83276,43.93128],[4.83267,43.93094],[4.8325,43.93093],[4.83255,43.93032],[4.83125,43.93028],[4.83119,43.93032],[4.8301,43.92985],[4.83034,43.92943],[4.8297,43.92926],[4.82952,43.92967],[4.82978,43.92973],[4.82945,43.9305],[4.82941,43.93056],[4.82769,43.93019],[4.82791,43.92965],[4.82733,43.92952],[4.82646,43.92925],[4.82639,43.92929],[4.82585,43.92907],[4.82567,43.92905],[4.82591,43.92865],[4.82617,43.92816],[4.82388,43.92782],[4.82391,43.92731],[4.8228,43.92733],[4.82068,43.92729],[4.82071,43.92754],[4.81919,43.92751],[4.81972,43.92669],[4.81889,43.92645],[4.81795,43.92709],[4.81703,43.92796],[4.81691,43.928],[4.81667,43.928],[4.81659,43.92834],[4.81654,43.92839],[4.8164,43.92845],[4.81539,43.92836],[4.81542,43.92819],[4.81488,43.92798],[4.81489,43.9279],[4.81439,43.92776],[4.81446,43.92732],[4.81421,43.92722],[4.81515,43.92687],[4.81584,43.92593],[4.81554,43.92584],[4.81569,43.9255],[4.81562,43.92543],[4.8134,43.92543],[4.81323,43.92632],[4.81091,43.92653],[4.81093,43.92641],[4.81087,43.92641],[4.81085,43.92593],[4.81126,43.92593],[4.81125,43.92563],[4.81111,43.92563],[4.81111,43.92531],[4.81102,43.92528],[4.81098,43.92483],[4.81133,43.92482],[4.81132,43.92454],[4.81091,43.92456],[4.8109,43.92398],[4.80933,43.92325],[4.80939,43.92411],[4.80414,43.92416],[4.80419,43.92577],[4.80429,43.92647],[4.80657,43.92648],[4.80658,43.92646],[4.80887,43.92648],[4.8094,43.92644],[4.80963,43.92685],[4.80963,43.92738],[4.8097,43.92789],[4.81007,43.92794],[4.80995,43.9283],[4.80989,43.92867],[4.80797,43.92868],[4.80488,43.92899],[4.80429,43.92907],[4.80385,43.92911],[4.80257,43.92908],[4.80235,43.92903],[4.80216,43.92883],[4.80177,43.92853],[4.80148,43.92839],[4.80136,43.92823],[4.80082,43.92771],[4.80023,43.92724],[4.79965,43.92688],[4.79901,43.92661],[4.79914,43.9274],[4.79906,43.92738],[4.79887,43.92727],[4.7985,43.92745],[4.79791,43.92784],[4.79734,43.92808],[4.79659,43.92825],[4.79651,43.92852],[4.79691,43.92847],[4.79671,43.92919],[4.79683,43.92987],[4.79694,43.93008],[4.79713,43.93014],[4.79733,43.93012],[4.79756,43.93006],[4.7978,43.93036],[4.79707,43.93094],[4.79613,43.93181],[4.79586,43.93209],[4.79703,43.93419],[4.79712,43.93442],[4.7973,43.9347],[4.79818,43.93441],[4.79871,43.93427],[4.79888,43.93476],[4.79856,43.93513],[4.79829,43.93558],[4.79796,43.936],[4.79716,43.93528],[4.79567,43.93592],[4.79625,43.93662],[4.79634,43.93678],[4.79718,43.93638],[4.79814,43.93732],[4.79824,43.93733],[4.79896,43.93724],[4.799,43.93733],[4.79967,43.93716],[4.79975,43.93708],[4.7999,43.93705],[4.80101,43.93699],[4.80113,43.93697],[4.8012,43.93691],[4.80138,43.93686],[4.80228,43.93679],[4.80222,43.9367],[4.80175,43.93546],[4.80132,43.93444],[4.8036,43.93395],[4.80374,43.93432],[4.804,43.9347],[4.80406,43.93483],[4.80415,43.93514],[4.80479,43.93511],[4.80478,43.93535],[4.80694,43.93536],[4.8069,43.93461],[4.80658,43.9346],[4.80659,43.9344],[4.80631,43.9344],[4.80632,43.93451],[4.80516,43.93453],[4.80516,43.93459],[4.80488,43.93462],[4.80489,43.93474],[4.80454,43.93475],[4.80447,43.93447],[4.80418,43.9345],[4.80414,43.93428],[4.80423,43.93427],[4.80416,43.93394],[4.80366,43.93399],[4.80354,43.93375],[4.80305,43.93301],[4.80292,43.93287],[4.80262,43.93272],[4.80241,43.93255],[4.80238,43.93245],[4.80252,43.93235],[4.80354,43.9321],[4.80356,43.93202],[4.80351,43.93199],[4.80316,43.93133],[4.80313,43.93134],[4.80303,43.93115],[4.80231,43.93095],[4.80256,43.93057],[4.80386,43.93094],[4.80387,43.93084],[4.80354,43.93074],[4.80365,43.9305],[4.80346,43.93045],[4.80356,43.93028],[4.8029,43.93008],[4.80284,43.93005],[4.80291,43.93],[4.80473,43.92948],[4.80492,43.93001],[4.80741,43.92981],[4.80741,43.92985],[4.8087,43.92983],[4.80871,43.92976],[4.80874,43.92974],[4.80951,43.92973],[4.80952,43.9293],[4.81074,43.9295],[4.81074,43.92946],[4.81118,43.92952],[4.81116,43.92982],[4.81101,43.92983],[4.81101,43.93007],[4.81245,43.93009],[4.81259,43.92939],[4.81457,43.93005],[4.81427,43.93029],[4.81373,43.93081],[4.81298,43.93158],[4.81285,43.93174],[4.8138,43.9318],[4.81366,43.93216],[4.81425,43.93222],[4.81421,43.93243],[4.81495,43.93249],[4.81496,43.93233],[4.81664,43.93244],[4.81665,43.93236],[4.81672,43.93229],[4.81685,43.93226],[4.81697,43.93168],[4.81862,43.93184],[4.81859,43.93205],[4.81901,43.93208],[4.81906,43.93225],[4.81989,43.93229],[4.82,43.93247],[4.82072,43.93209],[4.82132,43.93185],[4.8213,43.93176],[4.82135,43.93137],[4.82182,43.93139],[4.82185,43.93057],[4.82389,43.93077],[4.82396,43.93092],[4.82438,43.93089],[4.82424,43.93158],[4.82377,43.93303],[4.8237,43.93338],[4.82257,43.93323],[4.82248,43.93352],[4.82206,43.93346],[4.82205,43.93343],[4.82196,43.93339],[4.82128,43.9333],[4.8212,43.93359],[4.82188,43.93372],[4.82182,43.93393],[4.8216,43.93391],[4.82156,43.93394],[4.82142,43.93429],[4.82089,43.93421],[4.82093,43.93409],[4.82081,43.93407],[4.82069,43.93441],[4.82104,43.93447],[4.82107,43.93438],[4.82164,43.93438],[4.82171,43.93421],[4.82177,43.93422],[4.82178,43.93418],[4.82272,43.93433],[4.82272,43.93438],[4.82283,43.93439],[4.82287,43.93442],[4.82343,43.93453],[4.82345,43.93445],[4.82529,43.93476],[4.82543,43.93419],[4.82616,43.93434],[4.82625,43.9344],[4.82654,43.93442],[4.82739,43.9346],[4.82752,43.93451],[4.82853,43.93494],[4.82924,43.93573],[4.82912,43.9358],[4.82916,43.93586],[4.82913,43.93587],[4.8293,43.93663],[4.82858,43.93664],[4.82853,43.93762],[4.82976,43.93761],[4.82975,43.93753],[4.83003,43.93752],[4.83004,43.93765],[4.8305,43.93772],[4.83097,43.93767],[4.83097,43.93756],[4.83157,43.93754],[4.83157,43.93763],[4.83203,43.93767],[4.83205,43.93613],[4.832,43.93518],[4.83195,43.93499],[4.83186,43.93478],[4.83151,43.93432],[4.83117,43.93426],[4.83104,43.93419],[4.83005,43.93391],[4.83009,43.93386],[4.82859,43.93322],[4.82892,43.93269],[4.82913,43.93225],[4.82904,43.93221],[4.82897,43.93214],[4.82894,43.93205],[4.82898,43.93194],[4.82906,43.93188],[4.82921,43.93183],[4.82934,43.93183],[4.8296,43.93179],[4.82975,43.93172],[4.82992,43.93154],[4.83071,43.93176],[4.83088,43.93187],[4.83133,43.93227],[4.83106,43.93246],[4.83155,43.93285],[4.83234,43.93234],[4.83304,43.93295],[4.83383,43.93248],[4.83384,43.93245],[4.834,43.93259],[4.83545,43.93156],[4.83539,43.93144],[4.83551,43.9313],[4.83556,43.931]]]]},"properties":{"q":"QN08402M","n":"Monclar - Champfleury - Rocade Sud - Barbière - Croix des Oiseaux","z":"ZIP","d":"84","com":["84007"]}},{"type":"Feature","geometry":{"type":"MultiPolygon","coordinates":[[[[4.83188,43.94313],[4.83171,43.94245],[4.83096,43.94249],[4.83094,43.94241],[4.83034,43.94246],[4.83051,43.94351],[4.83045,43.94349],[4.82983,43.94356],[4.82884,43.94357],[4.82871,43.94419],[4.82839,43.94416],[4.8276,43.94418],[4.82654,43.94412],[4.82651,43.94461],[4.82651,43.94485],[4.82655,43.94489],[4.82655,43.94501],[4.82661,43.94501],[4.8266,43.9456],[4.82663,43.94564],[4.82662,43.94626],[4.82681,43.94627],[4.82684,43.94631],[4.82737,43.94632],[4.82736,43.94673],[4.82801,43.94673],[4.82801,43.94681],[4.8285,43.94662],[4.82862,43.94705],[4.82871,43.9471],[4.82887,43.94758],[4.82959,43.94946],[4.82962,43.9496],[4.83054,43.94891],[4.83072,43.94885],[4.8309,43.9489],[4.8316,43.94995],[4.83202,43.94973],[4.83211,43.94972],[4.83214,43.95008],[4.83248,43.95007],[4.83249,43.95011],[4.8343,43.95018],[4.83461,43.9498],[4.83458,43.94978],[4.83419,43.94957],[4.83314,43.94948],[4.83321,43.94894],[4.83423,43.949],[4.83431,43.94838],[4.83456,43.94839],[4.83568,43.94861],[4.83621,43.94809],[4.83747,43.94736],[4.83803,43.94715],[4.83821,43.94801],[4.83985,43.94798],[4.84024,43.948],[4.8401,43.94756],[4.83993,43.94713],[4.83914,43.94624],[4.83672,43.94621],[4.8362,43.94618],[4.83609,43.94614],[4.83477,43.94613],[4.83477,43.94682],[4.83431,43.9468],[4.8342,43.94704],[4.83411,43.94705],[4.83411,43.94703],[4.8337,43.94698],[4.8338,43.94618],[4.83331,43.94627],[4.83333,43.94499],[4.8333,43.9446],[4.83273,43.94449],[4.83287,43.9432],[4.83274,43.94299],[4.83236,43.94307],[4.83188,43.94313]]]]},"properties":{"q":"QN08403M","n":"Reine Jeanne - Saint Jean - Grange d'Orel","z":"ZIP","d":"84","com":["84007"]}},{"type":"Feature","geometry":{"type":"MultiPolygon","coordinates":[[[[4.84578,43.93237],[4.84682,43.93165],[4.84734,43.93163],[4.84732,43.93139],[4.84744,43.93134],[4.84822,43.93172],[4.84849,43.93158],[4.84849,43.93152],[4.84867,43.93152],[4.84886,43.93147],[4.84891,43.93143],[4.84892,43.93134],[4.84928,43.93139],[4.84934,43.93135],[4.84925,43.93046],[4.84867,43.93054],[4.84875,43.93019],[4.84874,43.92958],[4.84864,43.92958],[4.84827,43.92833],[4.84679,43.92847],[4.84671,43.92855],[4.8467,43.92865],[4.84665,43.9288],[4.84667,43.92905],[4.84682,43.92949],[4.84782,43.92942],[4.84791,43.92969],[4.84827,43.92963],[4.84832,43.93017],[4.84813,43.93026],[4.84712,43.93029],[4.847,43.93036],[4.84543,43.9304],[4.84523,43.93043],[4.84463,43.93042],[4.8418,43.93056],[4.84072,43.93066],[4.84084,43.93188],[4.84126,43.9319],[4.84202,43.93185],[4.84207,43.93254],[4.84564,43.9324],[4.84578,43.93237]]]]},"properties":{"q":"QN08404I","n":"Saint Chamand","z":"ZIP","d":"84","com":["84007"]}},{"type":"Feature","geometry":{"type":"MultiPolygon","coordinates":[[[[4.84682,43.9566],[4.84782,43.95693],[4.85131,43.95843],[4.85098,43.95885],[4.85083,43.95886],[4.85081,43.95874],[4.84938,43.95855],[4.84921,43.95934],[4.84903,43.95932],[4.84899,43.95927],[4.84856,43.95912],[4.84843,43.95931],[4.84895,43.95952],[4.85009,43.96003],[4.8501,43.96005],[4.85126,43.96073],[4.85224,43.96136],[4.85291,43.96188],[4.85294,43.96196],[4.85294,43.96204],[4.85297,43.96204],[4.85301,43.96195],[4.85352,43.96236],[4.85415,43.96292],[4.85405,43.96295],[4.85686,43.96572],[4.85683,43.96577],[4.85686,43.9658],[4.85696,43.9658],[4.85744,43.96631],[4.8573,43.96647],[4.85739,43.96658],[4.85728,43.96666],[4.85714,43.96685],[4.85682,43.96784],[4.85679,43.96837],[4.85687,43.96886],[4.85783,43.96896],[4.85881,43.96896],[4.85882,43.96892],[4.85891,43.96893],[4.85892,43.96875],[4.85911,43.96878],[4.85921,43.96853],[4.85826,43.96746],[4.85826,43.96632],[4.8583,43.96541],[4.85971,43.9659],[4.85975,43.96692],[4.86095,43.96738],[4.86114,43.96736],[4.86069,43.96633],[4.86105,43.9663],[4.86117,43.96623],[4.86179,43.96568],[4.86153,43.96562],[4.86163,43.9654],[4.86132,43.96532],[4.86143,43.96503],[4.86078,43.96488],[4.86075,43.96492],[4.85997,43.96475],[4.85939,43.96342],[4.86014,43.96291],[4.85936,43.9624],[4.85872,43.96194],[4.85868,43.96189],[4.85856,43.96184],[4.85845,43.96185],[4.85831,43.96183],[4.85815,43.96161],[4.85738,43.96097],[4.85708,43.96082],[4.8572,43.96033],[4.85795,43.95797],[4.85786,43.95795],[4.85709,43.95789],[4.85715,43.95731],[4.857,43.9572],[4.8554,43.95736],[4.85534,43.95753],[4.85541,43.95752],[4.85516,43.95819],[4.8551,43.95838],[4.85512,43.95838],[4.85485,43.95912],[4.85483,43.95912],[4.85458,43.95979],[4.85312,43.95918],[4.84931,43.95754],[4.84924,43.95729],[4.84952,43.95695],[4.84951,43.95636],[4.8497,43.95503],[4.84986,43.95372],[4.84937,43.95373],[4.8494,43.95365],[4.84949,43.95356],[4.8495,43.9534],[4.84937,43.9529],[4.84952,43.95257],[4.84949,43.95244],[4.84926,43.95215],[4.8491,43.95216],[4.8491,43.95218],[4.84833,43.95215],[4.84833,43.95229],[4.84738,43.95233],[4.84737,43.95251],[4.84699,43.95248],[4.84663,43.95392],[4.84511,43.95401],[4.84517,43.95489],[4.84392,43.95512],[4.84374,43.95586],[4.84682,43.9566]]]]},"properties":{"q":"QN08405M","n":"Camp Rambaud - Les Mérides - Joffre - Centre Ville","z":"ZIP","d":"84","com":["84092"]}},{"type":"Feature","geometry":{"type":"MultiPolygon","coordinates":[[[[5.5006,43.69394],[5.50069,43.694],[5.50052,43.69417],[5.50067,43.69429],[5.50041,43.69457],[5.50041,43.69469],[5.50049,43.69479],[5.50097,43.69516],[5.50112,43.69532],[5.50112,43.69543],[5.50119,43.69556],[5.50127,43.69597],[5.50134,43.69611],[5.50146,43.69623],[5.50151,43.6962],[5.50149,43.69617],[5.50198,43.69598],[5.50201,43.69609],[5.50222,43.69605],[5.50225,43.6962],[5.50212,43.6962],[5.50215,43.69635],[5.50241,43.69633],[5.50252,43.69629],[5.50245,43.6962],[5.5024,43.69618],[5.50246,43.69613],[5.50286,43.69597],[5.50295,43.69613],[5.50304,43.69608],[5.50315,43.69619],[5.50343,43.69604],[5.50355,43.69616],[5.50365,43.69616],[5.5037,43.69625],[5.50356,43.69628],[5.50358,43.69637],[5.50372,43.69637],[5.50375,43.69646],[5.50462,43.69652],[5.50476,43.69636],[5.50505,43.69648],[5.50511,43.6964],[5.50484,43.69628],[5.50522,43.69583],[5.50523,43.69556],[5.50521,43.69547],[5.50515,43.69547],[5.50507,43.69541],[5.50442,43.69567],[5.50433,43.69567],[5.50371,43.69519],[5.50388,43.69507],[5.50384,43.69503],[5.50399,43.69495],[5.50396,43.69492],[5.50404,43.69488],[5.50401,43.69485],[5.50401,43.69479],[5.50389,43.69484],[5.50371,43.69471],[5.50378,43.69466],[5.50384,43.69471],[5.50393,43.69465],[5.50381,43.69449],[5.5037,43.69442],[5.50387,43.69427],[5.50375,43.69418],[5.50393,43.69399],[5.50382,43.69389],[5.50381,43.69378],[5.50378,43.69371],[5.50354,43.69372],[5.50353,43.69365],[5.50347,43.69366],[5.50345,43.69359],[5.50333,43.6936],[5.50334,43.69366],[5.50283,43.69366],[5.50283,43.69371],[5.50261,43.69372],[5.50259,43.69365],[5.5023,43.69369],[5.50228,43.69357],[5.5022,43.69358],[5.50223,43.6937],[5.50219,43.6937],[5.50218,43.69367],[5.50211,43.69368],[5.50212,43.69375],[5.50205,43.69376],[5.50204,43.69361],[5.5018,43.6936],[5.50178,43.69335],[5.50174,43.69335],[5.50174,43.69329],[5.50197,43.69329],[5.50222,43.69324],[5.5022,43.69306],[5.50203,43.6926],[5.5032,43.69242],[5.50302,43.692],[5.50297,43.69166],[5.50125,43.69198],[5.50161,43.69282],[5.50167,43.69291],[5.50112,43.69303],[5.5013,43.69342],[5.50098,43.69353],[5.50092,43.69363],[5.50064,43.69374],[5.50069,43.69379],[5.50064,43.69382],[5.5007,43.69387],[5.5006,43.69394]]]]},"properties":{"q":"QN08406M","n":"Centre ancien","z":"ZAC","d":"84","com":["84089"]}},{"type":"Feature","geometry":{"type":"MultiPolygon","coordinates":[[[[5.0444,44.05621],[5.04668,44.05655],[5.04667,44.05658],[5.04582,44.05712],[5.04587,44.05713],[5.04572,44.05722],[5.04565,44.0573],[5.04621,44.05749],[5.04645,44.05764],[5.0466,44.05779],[5.04688,44.05799],[5.04771,44.05838],[5.04802,44.0585],[5.04887,44.0587],[5.04887,44.05859],[5.04914,44.05859],[5.04914,44.05856],[5.0497,44.05855],[5.04994,44.0585],[5.04993,44.05848],[5.04903,44.05793],[5.04932,44.05765],[5.04956,44.05773],[5.05003,44.05765],[5.05026,44.05775],[5.05033,44.05768],[5.05039,44.05771],[5.0507,44.05738],[5.0507,44.05732],[5.05092,44.05709],[5.05117,44.05636],[5.05136,44.05639],[5.0517,44.05529],[5.05165,44.05524],[5.05197,44.05505],[5.05192,44.05492],[5.05172,44.05466],[5.0517,44.05458],[5.05382,44.0532],[5.05246,44.05201],[5.05231,44.05204],[5.05021,44.0522],[5.04971,44.05222],[5.04911,44.05207],[5.04898,44.05085],[5.04862,44.05089],[5.04856,44.05078],[5.04866,44.05074],[5.04854,44.05023],[5.04846,44.05023],[5.04844,44.05068],[5.04796,44.05067],[5.04798,44.05096],[5.04761,44.05095],[5.04758,44.05115],[5.04721,44.05116],[5.04651,44.05125],[5.0466,44.05148],[5.04663,44.05154],[5.04751,44.05163],[5.04807,44.05203],[5.04833,44.05209],[5.0485,44.05222],[5.04986,44.05352],[5.04947,44.05369],[5.04919,44.05387],[5.04913,44.05399],[5.04858,44.05397],[5.04856,44.05389],[5.04861,44.05357],[5.04788,44.05345],[5.04726,44.05347],[5.04733,44.0533],[5.04739,44.0533],[5.04741,44.05325],[5.04755,44.05326],[5.04761,44.05301],[5.04756,44.053],[5.04757,44.05298],[5.04744,44.05299],[5.04748,44.05287],[5.04734,44.05286],[5.04735,44.05266],[5.04691,44.05268],[5.04695,44.05246],[5.0469,44.05239],[5.04615,44.05272],[5.04456,44.05474],[5.04396,44.05465],[5.04397,44.05487],[5.04385,44.05488],[5.04382,44.05498],[5.04405,44.055],[5.04401,44.0552],[5.04404,44.0552],[5.04402,44.0553],[5.04405,44.05531],[5.044,44.05543],[5.0439,44.05542],[5.04386,44.05553],[5.04399,44.05556],[5.04395,44.05572],[5.04387,44.05572],[5.04386,44.05579],[5.04392,44.05581],[5.04387,44.05603],[5.04381,44.05614],[5.0444,44.05621]]]]},"properties":{"q":"QN08407M","n":"Centre ville","z":"ZIP","d":"84","com":["84031"]}},{"type":"Feature","geometry":{"type":"MultiPolygon","coordinates":[[[[5.04876,44.06282],[5.04881,44.06324],[5.04916,44.06444],[5.04929,44.06471],[5.04947,44.06497],[5.0513,44.06514],[5.05141,44.06513],[5.0524,44.06532],[5.05209,44.06613],[5.05385,44.06673],[5.05419,44.06579],[5.05412,44.06561],[5.05418,44.06555],[5.05426,44.06535],[5.05423,44.06524],[5.05396,44.06487],[5.05396,44.06476],[5.05406,44.06438],[5.05415,44.06439],[5.05431,44.06394],[5.05403,44.06386],[5.0545,44.06232],[5.05361,44.06196],[5.05265,44.06164],[5.05257,44.06154],[5.05262,44.06135],[5.05214,44.06135],[5.05199,44.06186],[5.05148,44.06185],[5.0514,44.06215],[5.05077,44.06208],[5.05076,44.06212],[5.04937,44.06198],[5.04927,44.06262],[5.04927,44.06282],[5.04876,44.06282]]]]},"properties":{"q":"QN08408M","n":"Amandiers - Éléphant","z":"ZIP","d":"84","com":["84031"]}},{"type":"Feature","geometry":{"type":"MultiPolygon","coordinates":[[[[5.05028,44.04184],[5.05012,44.04163],[5.04994,44.04145],[5.04973,44.04127],[5.04925,44.04097],[5.04879,44.04258],[5.04851,44.04369],[5.04855,44.04375],[5.04857,44.04406],[5.04861,44.04413],[5.04869,44.04423],[5.04882,44.04432],[5.04884,44.04437],[5.04898,44.04507],[5.05092,44.04483],[5.05127,44.04536],[5.05022,44.04547],[5.05026,44.0457],[5.05214,44.04574],[5.05251,44.04662],[5.0526,44.04691],[5.05245,44.04736],[5.05045,44.04733],[5.05044,44.04775],[5.04955,44.04776],[5.04956,44.04792],[5.05228,44.0479],[5.05262,44.04691],[5.05254,44.04665],[5.0516,44.04442],[5.05156,44.04437],[5.05075,44.04247],[5.05071,44.04228],[5.05069,44.04198],[5.05038,44.042],[5.05028,44.04184]]]]},"properties":{"q":"QN08409M","n":"Pous-du-Plan","z":"ZIP","d":"84","com":["84031"]}},{"type":"Feature","geometry":{"type":"MultiPolygon","coordinates":[[[[5.03323,44.0551],[5.03329,44.0552],[5.0334,44.0553],[5.03412,44.05576],[5.03423,44.05586],[5.03502,44.05684],[5.03515,44.05698],[5.03581,44.05717],[5.03602,44.05719],[5.03786,44.05726],[5.0383,44.05672],[5.0379,44.0567],[5.03759,44.05672],[5.03782,44.0561],[5.03854,44.05625],[5.03858,44.0562],[5.03863,44.05621],[5.03894,44.05592],[5.03903,44.05537],[5.0387,44.05532],[5.03872,44.05517],[5.03821,44.05519],[5.03812,44.05538],[5.03775,44.05532],[5.03788,44.05503],[5.03761,44.05508],[5.03722,44.05576],[5.03729,44.05578],[5.03725,44.05591],[5.03715,44.05594],[5.03676,44.05582],[5.03647,44.05628],[5.03478,44.05577],[5.03484,44.05571],[5.0351,44.05551],[5.03557,44.05521],[5.03558,44.05514],[5.03685,44.05514],[5.0372,44.05512],[5.03718,44.05509],[5.03673,44.05492],[5.03663,44.05482],[5.03657,44.05472],[5.03655,44.05453],[5.03667,44.05388],[5.03705,44.05414],[5.03736,44.05429],[5.03736,44.05366],[5.03752,44.05343],[5.03809,44.05244],[5.03744,44.052],[5.03708,44.05262],[5.03685,44.05308],[5.03668,44.05384],[5.03664,44.05385],[5.03652,44.05452],[5.03641,44.05455],[5.03634,44.05488],[5.03553,44.05457],[5.03452,44.05411],[5.03324,44.05349],[5.0324,44.05296],[5.03218,44.05285],[5.03298,44.05207],[5.03267,44.05187],[5.03239,44.05175],[5.03227,44.05155],[5.0322,44.05146],[5.03145,44.05117],[5.03098,44.05087],[5.03091,44.05098],[5.03073,44.05098],[5.03065,44.05101],[5.03056,44.05097],[5.03041,44.05105],[5.03036,44.05112],[5.03036,44.05116],[5.03049,44.05146],[5.03046,44.05153],[5.0302,44.05179],[5.03113,44.05226],[5.03158,44.05254],[5.0324,44.05299],[5.03181,44.05358],[5.03188,44.05362],[5.03192,44.05358],[5.03216,44.05371],[5.03217,44.05369],[5.03269,44.05396],[5.03279,44.05409],[5.03382,44.05461],[5.03323,44.0551]]]]},"properties":{"q":"QN08410M","n":"Quintine - Villemarie - Bois de l'Ubac - Le Parc","z":"ZIP","d":"84","com":["84031"]}},{"type":"Feature","geometry":{"type":"MultiPolygon","coordinates":[[[[4.81391,44.14085],[4.81262,44.14092],[4.81262,44.14104],[4.81241,44.14105],[4.81243,44.14146],[4.81219,44.14148],[4.81223,44.14195],[4.80817,44.14223],[4.80856,44.14576],[4.80689,44.14583],[4.80716,44.14601],[4.80786,44.14663],[4.80815,44.14702],[4.80767,44.14745],[4.80767,44.14761],[4.80755,44.14762],[4.80717,44.14763],[4.80716,44.14744],[4.8072,44.14718],[4.80746,44.14692],[4.80586,44.14696],[4.80586,44.14699],[4.80579,44.14701],[4.80404,44.14699],[4.80425,44.14753],[4.8042,44.14754],[4.80283,44.14749],[4.80268,44.14796],[4.80266,44.14839],[4.80269,44.14864],[4.80276,44.1489],[4.80298,44.14962],[4.80295,44.15064],[4.80056,44.15058],[4.79898,44.15044],[4.79879,44.15045],[4.79871,44.15056],[4.79866,44.15103],[4.79865,44.15152],[4.79868,44.15164],[4.79872,44.15168],[4.79966,44.1517],[4.79965,44.15199],[4.7994,44.15198],[4.79938,44.15266],[4.79947,44.15265],[4.79946,44.15282],[4.79998,44.15282],[4.80012,44.15287],[4.80024,44.153],[4.80115,44.15304],[4.80119,44.15307],[4.80181,44.15286],[4.80183,44.15291],[4.80179,44.15342],[4.80192,44.15343],[4.80189,44.1538],[4.80139,44.15383],[4.80142,44.15422],[4.80137,44.15433],[4.79922,44.15446],[4.79893,44.1554],[4.79905,44.15545],[4.79909,44.15548],[4.79909,44.15553],[4.79917,44.15556],[4.80094,44.15556],[4.80098,44.15551],[4.80122,44.15502],[4.80128,44.1547],[4.80133,44.15466],[4.80177,44.15465],[4.80181,44.15462],[4.80182,44.15456],[4.80182,44.15441],[4.80179,44.15435],[4.80173,44.15432],[4.80179,44.1542],[4.80204,44.15418],[4.80204,44.15408],[4.802,44.15408],[4.80199,44.15381],[4.80196,44.15381],[4.80198,44.15343],[4.80201,44.15343],[4.80201,44.15332],[4.80186,44.15329],[4.80189,44.15282],[4.80222,44.15269],[4.80269,44.15236],[4.80287,44.15236],[4.8039,44.15201],[4.80441,44.15188],[4.80556,44.15164],[4.80572,44.15159],[4.80581,44.15149],[4.80588,44.15133],[4.80597,44.15126],[4.80602,44.15118],[4.80601,44.15103],[4.80593,44.1508],[4.80707,44.15052],[4.80748,44.14992],[4.80752,44.1499],[4.80791,44.14914],[4.80861,44.14808],[4.80864,44.14798],[4.80878,44.14787],[4.80882,44.14766],[4.80881,44.14752],[4.80868,44.1474],[4.80863,44.14684],[4.80872,44.14687],[4.80962,44.14692],[4.80972,44.14679],[4.8098,44.1466],[4.8114,44.14441],[4.81247,44.14299],[4.81252,44.14301],[4.81291,44.14246],[4.81343,44.1416],[4.81401,44.14085],[4.81391,44.14085]]]]},"properties":{"q":"QN08411I","n":"Fourchevieillles - Comtadines - L'Aygues","z":"ZIP","d":"84","com":["84087"]}},{"type":"Feature","geometry":{"type":"MultiPolygon","coordinates":[[[[4.80245,44.13308],[4.80248,44.13204],[4.80245,44.13188],[4.80237,44.13187],[4.80205,44.13191],[4.80195,44.13166],[4.80274,44.13145],[4.80277,44.13141],[4.80277,44.13136],[4.80259,44.13087],[4.80346,44.13066],[4.80228,44.12819],[4.80128,44.1284],[4.80156,44.1293],[4.79982,44.12958],[4.79973,44.12957],[4.79971,44.12971],[4.79971,44.12981],[4.80025,44.13089],[4.80055,44.1321],[4.80068,44.13255],[4.80077,44.13277],[4.80118,44.13325],[4.80245,44.13308]]]]},"properties":{"q":"QN08412I","n":"Nogent - Saint Clément","z":"ZIP","d":"84","com":["84087"]}},{"type":"Feature","geometry":{"type":"MultiPolygon","coordinates":[[[[4.87853,44.00293],[4.87856,44.00284],[4.87891,44.00295],[4.87918,44.00308],[4.87963,44.00321],[4.8803,44.00336],[4.8802,44.00434],[4.88059,44.0045],[4.88062,44.00445],[4.88191,44.00382],[4.88201,44.00363],[4.88202,44.00353],[4.88328,44.00356],[4.88335,44.0038],[4.8839,44.0038],[4.88395,44.00387],[4.88424,44.00394],[4.8845,44.00397],[4.88454,44.00437],[4.88449,44.0047],[4.88441,44.0047],[4.88436,44.00494],[4.8847,44.0061],[4.88518,44.006],[4.88516,44.00591],[4.88577,44.0057],[4.88621,44.00562],[4.88614,44.00516],[4.88611,44.00474],[4.88684,44.00473],[4.8868,44.00462],[4.88667,44.00443],[4.88609,44.00443],[4.88608,44.00413],[4.88579,44.00411],[4.88531,44.00414],[4.8853,44.00412],[4.88519,44.00413],[4.88516,44.00418],[4.88499,44.0042],[4.88481,44.00413],[4.88455,44.00397],[4.88455,44.00392],[4.8844,44.00371],[4.8844,44.00367],[4.88436,44.00361],[4.88406,44.00357],[4.88206,44.0035],[4.88237,44.00285],[4.88076,44.00266],[4.88075,44.00268],[4.88055,44.00265],[4.8803,44.00016],[4.88007,43.99998],[4.87987,44.00018],[4.87957,44.00041],[4.87912,44.00118],[4.87907,44.00134],[4.87899,44.00151],[4.87821,44.00257],[4.87794,44.00339],[4.87844,44.00345],[4.87851,44.00331],[4.87853,44.00293]]]]},"properties":{"q":"QN08413I","n":"Générat - Establet","z":"ZIP","d":"84","com":["84129"]}},{"type":"Feature","geometry":{"type":"MultiPolygon","coordinates":[[[[4.86035,44.01498],[4.86037,44.01501],[4.85995,44.01523],[4.85998,44.01529],[4.85997,44.01543],[4.85981,44.0155],[4.85934,44.01581],[4.85845,44.01618],[4.85785,44.01652],[4.85759,44.01671],[4.85806,44.01705],[4.85843,44.01736],[4.85847,44.01734],[4.85868,44.01751],[4.85936,44.01794],[4.85882,44.01826],[4.85846,44.01853],[4.85877,44.01886],[4.85916,44.0186],[4.85926,44.01857],[4.85933,44.01862],[4.85968,44.01841],[4.86077,44.01838],[4.86091,44.01827],[4.8609,44.01788],[4.86083,44.01784],[4.86103,44.01769],[4.86162,44.01802],[4.86199,44.0177],[4.86257,44.01801],[4.86266,44.01793],[4.86298,44.0181],[4.86327,44.01784],[4.86322,44.01782],[4.86354,44.01754],[4.86184,44.01662],[4.86045,44.01601],[4.86026,44.01591],[4.86012,44.01579],[4.86005,44.01566],[4.86,44.01549],[4.86,44.01529],[4.86005,44.01521],[4.86046,44.015],[4.86084,44.01486],[4.86129,44.01478],[4.86165,44.01476],[4.86159,44.0143],[4.8617,44.01412],[4.86197,44.01388],[4.86115,44.01352],[4.86104,44.01294],[4.85931,44.01307],[4.85894,44.01329],[4.85881,44.0133],[4.85868,44.01365],[4.85874,44.01378],[4.85892,44.01398],[4.86026,44.01393],[4.86035,44.01498]]]]},"properties":{"q":"QN08414I","n":"Chaffunes","z":"ZIP","d":"84","com":["84129"]}},{"type":"Feature","geometry":{"type":"MultiPolygon","coordinates":[[[[4.99593,44.0361],[4.99604,44.03621],[4.99618,44.03612],[4.99689,44.03623],[4.9974,44.03621],[4.99741,44.03643],[4.99797,44.03642],[4.99877,44.03633],[4.9989,44.03634],[4.99891,44.03643],[4.99862,44.03735],[4.99863,44.03738],[4.99868,44.03741],[4.99998,44.03759],[5.00152,44.03771],[5.00338,44.03819],[5.00408,44.03833],[5.00471,44.0384],[5.00483,44.03745],[5.0034,44.03719],[5.00339,44.03724],[5.00334,44.03723],[5.00269,44.03709],[5.00265,44.03708],[5.00264,44.0371],[5.0022,44.03701],[5.00203,44.03695],[4.99959,44.03664],[4.99952,44.03658],[4.99952,44.03651],[4.99948,44.03646],[4.99895,44.03638],[4.99895,44.03622],[4.99903,44.03604],[4.99821,44.03598],[4.99836,44.03555],[4.9984,44.03547],[4.99852,44.03548],[4.9985,44.03516],[4.99853,44.03494],[4.99795,44.03487],[4.9981,44.03435],[4.99812,44.03415],[4.99807,44.03406],[4.99796,44.03401],[4.9976,44.03397],[4.99767,44.03353],[4.99572,44.03341],[4.99547,44.03342],[4.99535,44.0335],[4.99529,44.03367],[4.99479,44.03426],[4.99459,44.03445],[4.99453,44.03464],[4.99426,44.03472],[4.99402,44.03506],[4.9937,44.03503],[4.99371,44.03492],[4.99289,44.03486],[4.99286,44.03496],[4.99265,44.03494],[4.99259,44.03534],[4.99244,44.03533],[4.99237,44.03589],[4.99243,44.03591],[4.99238,44.03632],[4.99114,44.03628],[4.9911,44.03682],[4.99193,44.03693],[4.99228,44.03704],[4.99335,44.03716],[4.9935,44.0371],[4.99356,44.03699],[4.99353,44.03666],[4.99353,44.03592],[4.99359,44.03573],[4.99371,44.03554],[4.99512,44.03604],[4.99541,44.03561],[4.99593,44.0361]]]]},"properties":{"q":"QN08415I","n":"Vieux Moulin - Centre ville - Les Mûriers","z":"ZIP","d":"84","com":["84080"]}},{"type":"Feature","geometry":{"type":"MultiPolygon","coordinates":[[[[5.40754,43.87422],[5.40717,43.87419],[5.40714,43.87395],[5.40634,43.87407],[5.40662,43.87341],[5.40638,43.87332],[5.40623,43.8732],[5.40597,43.87266],[5.40482,43.87245],[5.40484,43.87276],[5.40509,43.87343],[5.40506,43.87349],[5.40491,43.87362],[5.40476,43.87378],[5.40453,43.8739],[5.4027,43.87419],[5.40243,43.87482],[5.40227,43.87479],[5.40192,43.87467],[5.40188,43.87469],[5.40182,43.87455],[5.4016,43.87445],[5.40145,43.87444],[5.40124,43.87446],[5.40117,43.87449],[5.4006,43.87501],[5.39975,43.87491],[5.39984,43.87357],[5.39936,43.87355],[5.3993,43.87321],[5.39743,43.8737],[5.39551,43.87417],[5.39551,43.87464],[5.39535,43.87464],[5.39535,43.87467],[5.39521,43.87473],[5.39521,43.87503],[5.39547,43.87528],[5.39564,43.87519],[5.39571,43.87534],[5.39554,43.87535],[5.39558,43.87598],[5.39545,43.87597],[5.39521,43.876],[5.3951,43.87598],[5.39504,43.87608],[5.39491,43.8762],[5.39474,43.8763],[5.39434,43.8764],[5.39399,43.87651],[5.39392,43.87655],[5.39412,43.87667],[5.39393,43.8768],[5.39413,43.87695],[5.39463,43.87715],[5.3949,43.87724],[5.39524,43.87731],[5.39572,43.87734],[5.39657,43.87729],[5.39806,43.87698],[5.39808,43.87703],[5.39824,43.87707],[5.39826,43.87711],[5.39896,43.8772],[5.39917,43.87758],[5.39929,43.8779],[5.39929,43.87834],[5.39943,43.8784],[5.39927,43.87842],[5.39946,43.87878],[5.39954,43.87879],[5.39961,43.87883],[5.39973,43.87902],[5.39975,43.8791],[5.3996,43.87911],[5.39921,43.87927],[5.39909,43.8793],[5.39859,43.87931],[5.39832,43.87934],[5.39787,43.87954],[5.39815,43.87984],[5.39827,43.87978],[5.39855,43.88009],[5.3986,43.88018],[5.39902,43.88062],[5.39825,43.88102],[5.3982,43.88098],[5.3978,43.88119],[5.39803,43.88145],[5.39803,43.88147],[5.39795,43.88151],[5.39808,43.88168],[5.39801,43.88171],[5.3983,43.882],[5.39813,43.88222],[5.39796,43.88236],[5.39741,43.88265],[5.39763,43.88285],[5.39765,43.88286],[5.39774,43.88282],[5.39786,43.88295],[5.39802,43.88293],[5.39815,43.88287],[5.39807,43.88277],[5.3984,43.8826],[5.39862,43.88284],[5.39877,43.88277],[5.39902,43.88249],[5.39883,43.8823],[5.39975,43.88185],[5.39989,43.88175],[5.40002,43.88103],[5.39992,43.88045],[5.39977,43.88013],[5.39969,43.88008],[5.39945,43.88001],[5.39924,43.87998],[5.39948,43.87991],[5.39961,43.87984],[5.39971,43.87974],[5.39979,43.87959],[5.39976,43.87912],[5.4,43.8791],[5.4001,43.87906],[5.40021,43.87897],[5.40013,43.87871],[5.39994,43.87839],[5.40004,43.87835],[5.40018,43.87837],[5.40024,43.87835],[5.40045,43.87818],[5.40021,43.87799],[5.39969,43.8778],[5.39972,43.8775],[5.39978,43.87749],[5.39978,43.87728],[5.39993,43.87726],[5.40027,43.87729],[5.40094,43.8773],[5.4017,43.87735],[5.40176,43.87728],[5.40112,43.87694],[5.40091,43.87695],[5.40043,43.87694],[5.40025,43.87683],[5.40036,43.87652],[5.40092,43.8768],[5.4011,43.87669],[5.40136,43.87672],[5.40268,43.87726],[5.40271,43.87724],[5.40283,43.87732],[5.40291,43.87742],[5.40308,43.87743],[5.40309,43.8774],[5.40333,43.87735],[5.4036,43.87734],[5.40362,43.87732],[5.40434,43.87732],[5.40507,43.87724],[5.40513,43.87736],[5.40506,43.87678],[5.40501,43.87666],[5.40493,43.87659],[5.4039,43.87601],[5.40255,43.87534],[5.40298,43.8752],[5.40304,43.87515],[5.40348,43.87508],[5.40378,43.87508],[5.40446,43.87514],[5.40512,43.87513],[5.40524,43.87519],[5.4057,43.87557],[5.406,43.87593],[5.40621,43.87592],[5.40622,43.8756],[5.40651,43.8756],[5.40658,43.87546],[5.40664,43.87546],[5.40666,43.87522],[5.40663,43.87522],[5.40666,43.87495],[5.40751,43.87499],[5.40755,43.87494],[5.40754,43.87422]]]]},"properties":{"q":"QN08416M","n":"Centre ancien - Saint Michel","z":"ZIP","d":"84","com":["84003"]}},{"type":"Feature","geometry":{"type":"MultiPolygon","coordinates":[[[[5.04763,43.92925],[5.04939,43.92953],[5.04936,43.92922],[5.04991,43.92919],[5.04992,43.92891],[5.05026,43.9289],[5.05024,43.9285],[5.05136,43.92837],[5.05233,43.92834],[5.05286,43.9283],[5.05319,43.92841],[5.05489,43.92838],[5.05457,43.92791],[5.05445,43.9279],[5.05444,43.92755],[5.05422,43.92722],[5.05411,43.92659],[5.05378,43.9263],[5.05367,43.92641],[5.05352,43.92648],[5.05328,43.92653],[5.05302,43.92649],[5.0528,43.92636],[5.05268,43.92633],[5.05273,43.92608],[5.05263,43.92607],[5.05257,43.92585],[5.05245,43.92571],[5.05224,43.92566],[5.05242,43.92527],[5.05234,43.92527],[5.05274,43.92411],[5.05254,43.92408],[5.05255,43.92399],[5.05304,43.92408],[5.053,43.92372],[5.05293,43.92341],[5.05276,43.92278],[5.05257,43.92216],[5.05221,43.92213],[5.05188,43.92219],[5.05224,43.92316],[5.05222,43.92316],[5.05235,43.92354],[5.05145,43.92371],[5.05134,43.92364],[5.05079,43.92392],[5.05124,43.92413],[5.05134,43.92421],[5.05139,43.92427],[5.05138,43.92431],[5.05119,43.92454],[5.05111,43.9246],[5.05109,43.92465],[5.05047,43.92467],[5.05017,43.92505],[5.05186,43.92579],[5.05191,43.92588],[5.05166,43.92599],[5.05168,43.92637],[5.05167,43.92646],[5.05214,43.92644],[5.0521,43.92696],[5.05216,43.92699],[5.05262,43.92697],[5.05261,43.92725],[5.0515,43.92724],[5.05114,43.9275],[5.05076,43.92765],[5.05039,43.92771],[5.04989,43.92772],[5.0499,43.92803],[5.04931,43.92805],[5.04925,43.92773],[5.0489,43.92777],[5.04883,43.92782],[5.04868,43.92798],[5.04825,43.9286],[5.04781,43.92897],[5.04763,43.92925]]]]},"properties":{"q":"QN08417I","n":"Vallades - Rebenas - Clos Saint Michel - Capucins","z":"ZIP","d":"84","com":["84054"]}},{"type":"Feature","geometry":{"type":"MultiPolygon","coordinates":[[[[4.98928,44.38499],[4.98958,44.38513],[4.98992,44.38522],[4.99033,44.38527],[4.99069,44.38529],[4.99073,44.38554],[4.99084,44.38587],[4.99086,44.38615],[4.9909,44.38629],[4.99099,44.38638],[4.99176,44.38572],[4.9918,44.38557],[4.99186,44.3855],[4.99219,44.38517],[4.99314,44.38436],[4.99331,44.38428],[4.99337,44.38423],[4.99341,44.38411],[4.99337,44.38403],[4.99327,44.38401],[4.9915,44.38426],[4.9913,44.38385],[4.99087,44.38354],[4.99081,44.38358],[4.99019,44.3835],[4.99017,44.38348],[4.99021,44.38321],[4.98987,44.38316],[4.98922,44.38338],[4.9889,44.38339],[4.98871,44.38339],[4.9884,44.3833],[4.98791,44.38306],[4.9877,44.3831],[4.98766,44.38328],[4.98761,44.38466],[4.98768,44.3848],[4.98796,44.38505],[4.98771,44.38537],[4.98755,44.38551],[4.98735,44.3856],[4.98676,44.38581],[4.98625,44.38596],[4.98556,44.38639],[4.9853,44.38663],[4.98492,44.38703],[4.98491,44.38725],[4.98594,44.38718],[4.98631,44.38719],[4.98761,44.38741],[4.98829,44.38749],[4.99008,44.38759],[4.99026,44.38771],[4.99034,44.38781],[4.99023,44.38814],[4.98938,44.39072],[4.98923,44.39098],[4.9893,44.39111],[4.98944,44.3912],[4.98968,44.39132],[4.98982,44.39136],[4.99025,44.39143],[4.99039,44.39105],[4.99047,44.39106],[4.99024,44.3903],[4.98949,44.39053],[4.98969,44.3899],[4.98987,44.38985],[4.99051,44.38957],[4.99096,44.38926],[4.99094,44.38923],[4.99115,44.38908],[4.99197,44.38869],[4.99183,44.38776],[4.99171,44.38767],[4.99166,44.38749],[4.99305,44.38758],[4.99382,44.38759],[4.99495,44.3875],[4.99591,44.38739],[4.99593,44.38775],[4.99578,44.38775],[4.99578,44.38783],[4.99591,44.38793],[4.99593,44.38801],[4.99628,44.38798],[4.99649,44.38785],[4.99675,44.38781],[4.99729,44.38785],[4.99767,44.3879],[4.99793,44.38787],[4.99881,44.38733],[4.9989,44.38718],[4.99888,44.38709],[4.99866,44.38707],[4.99719,44.38724],[4.99717,44.38688],[4.99574,44.38675],[4.99574,44.38678],[4.99461,44.38669],[4.99461,44.38677],[4.9944,44.38653],[4.99446,44.38604],[4.994,44.38604],[4.99352,44.38596],[4.99199,44.38724],[4.99203,44.38736],[4.99198,44.38747],[4.9907,44.38746],[4.99055,44.38741],[4.99045,44.38733],[4.9905,44.38721],[4.99057,44.38716],[4.98861,44.38689],[4.98856,44.38685],[4.9885,44.38674],[4.98844,44.38672],[4.98777,44.38668],[4.98752,44.38668],[4.98752,44.38665],[4.98747,44.38662],[4.98749,44.38658],[4.9879,44.38612],[4.98797,44.38606],[4.98825,44.38597],[4.9885,44.38571],[4.98868,44.3856],[4.98824,44.38521],[4.98859,44.3849],[4.98881,44.38478],[4.98896,44.38472],[4.98907,44.38486],[4.98928,44.38499]]]]},"properties":{"q":"QN08418I","n":"Centre ancien - Les Tours - La Gaillarde - Mistral - Sévigné","z":"ZIP","d":"84","com":["84138"]}},{"type":"Feature","geometry":{"type":"MultiPolygon","coordinates":[[[[5.04801,43.8399],[5.04842,43.83999],[5.04844,43.84003],[5.04841,43.84009],[5.0498,43.84044],[5.05018,43.83977],[5.04919,43.83957],[5.04831,43.83936],[5.04805,43.8397],[5.04727,43.83936],[5.04669,43.84011],[5.04633,43.83985],[5.04595,43.84022],[5.04567,43.84008],[5.04539,43.84036],[5.04532,43.84037],[5.04523,43.8403],[5.04511,43.84039],[5.04531,43.84053],[5.044,43.84118],[5.04306,43.84158],[5.04342,43.84233],[5.04296,43.84251],[5.04293,43.84243],[5.0426,43.84251],[5.04068,43.84354],[5.03997,43.84389],[5.03991,43.84333],[5.03878,43.84339],[5.0388,43.84324],[5.03876,43.84275],[5.0389,43.8425],[5.03888,43.8424],[5.03869,43.84214],[5.03866,43.84204],[5.03866,43.84186],[5.0384,43.84108],[5.03829,43.84053],[5.03828,43.84006],[5.03806,43.83954],[5.03811,43.83942],[5.03839,43.83923],[5.03857,43.83916],[5.03843,43.83898],[5.03854,43.83895],[5.03859,43.8389],[5.03861,43.83891],[5.0387,43.83882],[5.03873,43.83879],[5.03866,43.83873],[5.03883,43.83868],[5.03885,43.8387],[5.03909,43.83854],[5.03968,43.83906],[5.0396,43.83915],[5.03962,43.8392],[5.03968,43.83928],[5.03979,43.83933],[5.0397,43.83939],[5.03958,43.83955],[5.03977,43.84207],[5.04184,43.84099],[5.04192,43.84092],[5.04134,43.84037],[5.03971,43.83905],[5.03881,43.83827],[5.03787,43.8391],[5.03784,43.83918],[5.03796,43.83976],[5.038,43.84071],[5.03824,43.84145],[5.03845,43.84196],[5.03855,43.84232],[5.03856,43.8427],[5.03851,43.84307],[5.03848,43.84382],[5.0385,43.84413],[5.03859,43.84476],[5.03866,43.84505],[5.0392,43.84681],[5.03942,43.84703],[5.03958,43.84703],[5.03978,43.84711],[5.03979,43.84722],[5.03967,43.84739],[5.03967,43.84751],[5.0398,43.84789],[5.03971,43.84812],[5.03976,43.84841],[5.03969,43.84865],[5.03964,43.84866],[5.03959,43.84873],[5.03871,43.84845],[5.03835,43.84895],[5.0379,43.84947],[5.0369,43.85039],[5.03702,43.85045],[5.03706,43.85042],[5.03874,43.85065],[5.03929,43.85004],[5.03947,43.85006],[5.03963,43.84995],[5.03961,43.84897],[5.03969,43.8487],[5.0398,43.84848],[5.04056,43.84858],[5.04063,43.84855],[5.04076,43.84814],[5.0407,43.84808],[5.03982,43.84794],[5.03985,43.84783],[5.03976,43.84754],[5.03979,43.8475],[5.03997,43.84744],[5.04005,43.84725],[5.04027,43.84728],[5.04079,43.84726],[5.04112,43.84721],[5.04113,43.84707],[5.04136,43.84709],[5.04148,43.84712],[5.04172,43.84713],[5.04229,43.84684],[5.04256,43.84664],[5.04278,43.84644],[5.04309,43.84605],[5.04335,43.84565],[5.04345,43.84544],[5.04345,43.84538],[5.04366,43.84475],[5.04367,43.84455],[5.04358,43.84379],[5.04332,43.84332],[5.04381,43.84298],[5.04499,43.84207],[5.04535,43.84236],[5.0455,43.84221],[5.04569,43.84226],[5.04641,43.84138],[5.04729,43.84051],[5.04735,43.84054],[5.04788,43.83989],[5.04801,43.8399]]]]},"properties":{"q":"QN08419I","n":"Docteur Ayme - Condamines - Barillon - Saint Martin - Bon Puits - Saint Gilles - Ratacans","z":"ZIP","d":"84","com":["84035"]}},{"type":"Feature","geometry":{"type":"MultiPolygon","coordinates":[[[[5.04864,43.83281],[5.04869,43.83286],[5.04874,43.83364],[5.0495,43.83392],[5.04944,43.83403],[5.05092,43.83443],[5.0512,43.83372],[5.05145,43.83291],[5.05098,43.83271],[5.05047,43.8323],[5.0504,43.83219],[5.04881,43.83271],[5.04802,43.83308],[5.04752,43.83229],[5.04739,43.83218],[5.04725,43.83216],[5.04761,43.832],[5.04736,43.83144],[5.0464,43.83167],[5.04615,43.83102],[5.04829,43.8306],[5.04833,43.83055],[5.04805,43.82957],[5.04642,43.82978],[5.04664,43.83092],[5.04614,43.831],[5.04587,43.83122],[5.04524,43.83324],[5.04481,43.83317],[5.0447,43.83343],[5.04458,43.83384],[5.04461,43.83385],[5.04458,43.8339],[5.0445,43.83394],[5.0444,43.83427],[5.04436,43.8343],[5.04402,43.83543],[5.04416,43.83545],[5.04424,43.83536],[5.04803,43.83313],[5.04864,43.83281]]]]},"properties":{"q":"QN08420I","n":"La Clède - Gare - Route de Pertuis - Sainte Anne","z":"ZIP","d":"84","com":["84035"]}},{"type":"Feature","geometry":{"type":"MultiPolygon","coordinates":[[[[4.75248,44.2855],[4.75222,44.28491],[4.75211,44.28471],[4.75153,44.28493],[4.7508,44.28508],[4.75079,44.28447],[4.75075,44.28435],[4.75052,44.28439],[4.7503,44.28385],[4.75035,44.28384],[4.75021,44.28348],[4.75077,44.28337],[4.75071,44.28194],[4.75082,44.28189],[4.75085,44.28181],[4.75127,44.28172],[4.75138,44.28164],[4.75156,44.2809],[4.75177,44.27955],[4.75184,44.27939],[4.75189,44.27931],[4.75171,44.27906],[4.75155,44.27891],[4.75137,44.27898],[4.75129,44.27888],[4.75097,44.27908],[4.75076,44.27935],[4.7508,44.27941],[4.75067,44.27948],[4.75067,44.27954],[4.75048,44.27963],[4.75048,44.27968],[4.75014,44.27973],[4.75013,44.27966],[4.74996,44.27964],[4.74969,44.27957],[4.74959,44.27951],[4.74952,44.27953],[4.74932,44.2795],[4.74898,44.27934],[4.74888,44.27925],[4.7482,44.27906],[4.74791,44.27901],[4.74779,44.27875],[4.74745,44.2785],[4.74728,44.27844],[4.74722,44.27838],[4.74692,44.27857],[4.7468,44.27846],[4.74653,44.27861],[4.74616,44.27878],[4.74618,44.27888],[4.74622,44.27891],[4.7462,44.279],[4.74602,44.27917],[4.74579,44.27912],[4.74587,44.2789],[4.74556,44.27878],[4.74553,44.27882],[4.7454,44.27878],[4.74534,44.27888],[4.74535,44.27902],[4.74341,44.27903],[4.74334,44.27916],[4.74279,44.27994],[4.7427,44.28014],[4.74263,44.28039],[4.74263,44.28046],[4.74381,44.28052],[4.7447,44.28043],[4.7449,44.28044],[4.74536,44.2806],[4.74554,44.28064],[4.74623,44.28063],[4.74639,44.28057],[4.74652,44.28074],[4.74678,44.28102],[4.74721,44.28192],[4.74731,44.282],[4.74763,44.28209],[4.74789,44.28213],[4.74901,44.28211],[4.74909,44.28265],[4.74911,44.28332],[4.74896,44.28336],[4.74894,44.28343],[4.7489,44.28347],[4.74861,44.28347],[4.74861,44.28323],[4.74788,44.28322],[4.74787,44.28342],[4.74751,44.28342],[4.74752,44.28371],[4.74761,44.28371],[4.7476,44.28425],[4.74752,44.28426],[4.74752,44.28474],[4.74782,44.28474],[4.74783,44.28485],[4.74905,44.28484],[4.74907,44.28501],[4.74866,44.28507],[4.74862,44.28496],[4.74812,44.28505],[4.74811,44.28549],[4.74802,44.28548],[4.748,44.28555],[4.74814,44.28669],[4.74767,44.2867],[4.7477,44.28734],[4.74789,44.28733],[4.7479,44.28762],[4.74695,44.28766],[4.74697,44.28786],[4.747,44.28786],[4.747,44.28795],[4.74806,44.28791],[4.74804,44.28804],[4.74882,44.28817],[4.74911,44.28815],[4.7491,44.28818],[4.74936,44.28814],[4.74938,44.28808],[4.75013,44.28787],[4.75013,44.28754],[4.75065,44.28751],[4.75065,44.28747],[4.75084,44.28746],[4.75083,44.28676],[4.7508,44.28659],[4.751,44.28652],[4.7524,44.28671],[4.75429,44.2874],[4.75435,44.2869],[4.75492,44.28689],[4.75498,44.28708],[4.75672,44.28713],[4.75677,44.28732],[4.75721,44.28732],[4.7577,44.28746],[4.75795,44.28683],[4.75745,44.28673],[4.75737,44.28674],[4.75723,44.28607],[4.75587,44.28616],[4.75586,44.2855],[4.75616,44.28475],[4.7562,44.28472],[4.75651,44.28484],[4.75655,44.28467],[4.75684,44.28469],[4.75692,44.28408],[4.75737,44.28397],[4.75736,44.28392],[4.75747,44.28371],[4.75765,44.28371],[4.7577,44.28361],[4.75774,44.28359],[4.7578,44.28309],[4.7575,44.28309],[4.7575,44.28328],[4.75737,44.28328],[4.75733,44.28324],[4.75733,44.28292],[4.75722,44.28265],[4.75701,44.28264],[4.75694,44.28274],[4.75618,44.28273],[4.7559,44.28275],[4.75599,44.28351],[4.75621,44.28351],[4.75619,44.2837],[4.7565,44.2837],[4.75648,44.28416],[4.75527,44.28419],[4.75533,44.28474],[4.75483,44.28471],[4.75485,44.28531],[4.7549,44.2857],[4.7549,44.28595],[4.75485,44.28623],[4.75207,44.28643],[4.75208,44.28633],[4.75192,44.28573],[4.75245,44.28563],[4.7524,44.28551],[4.75248,44.2855]]]]},"properties":{"q":"QN08421M","n":"Centre Ancien - Giono","z":"ZIP","d":"84","com":["84019"]}},{"type":"Feature","geometry":{"type":"MultiPolygon","coordinates":[[[[4.84429,43.95003],[4.84487,43.94949],[4.8449,43.94933],[4.84489,43.94921],[4.84496,43.94915],[4.84529,43.94912],[4.84557,43.94881],[4.8457,43.94859],[4.84606,43.94747],[4.8461,43.94732],[4.84609,43.94709],[4.84601,43.94678],[4.84596,43.94668],[4.84585,43.94663],[4.84582,43.94658],[4.84589,43.94651],[4.8459,43.94643],[4.84574,43.94592],[4.84575,43.94586],[4.84584,43.94574],[4.84585,43.94552],[4.84599,43.94462],[4.84616,43.94324],[4.84564,43.9432],[4.84501,43.94326],[4.84348,43.94357],[4.84352,43.9437],[4.84339,43.94403],[4.84315,43.94553],[4.84304,43.94596],[4.84305,43.94616],[4.84299,43.94622],[4.84297,43.94656],[4.84287,43.94726],[4.84138,43.94723],[4.84127,43.94745],[4.84122,43.94769],[4.84121,43.94795],[4.84124,43.94821],[4.84194,43.94823],[4.84194,43.9486],[4.84229,43.94861],[4.8425,43.9487],[4.84266,43.9487],[4.84314,43.9485],[4.84332,43.94839],[4.8439,43.9487],[4.84337,43.94924],[4.84336,43.94937],[4.84389,43.94973],[4.84408,43.94991],[4.84429,43.95003]]]]},"properties":{"q":"QN08422N","n":"Pont des Deux Eaux","z":"ZIP","d":"84","com":["84007"]}},{"type":"Feature","geometry":{"type":"MultiPolygon","coordinates":[[[[4.88465,43.92966],[4.88326,43.9296],[4.88314,43.9292],[4.88319,43.92848],[4.88307,43.92848],[4.88321,43.92764],[4.88196,43.92767],[4.88172,43.92771],[4.88115,43.92792],[4.881,43.92794],[4.88036,43.92771],[4.8796,43.92755],[4.87855,43.92755],[4.8773,43.92762],[4.87696,43.92763],[4.87719,43.92613],[4.87716,43.92606],[4.87699,43.92597],[4.87687,43.92595],[4.87637,43.92608],[4.87421,43.92699],[4.87254,43.92751],[4.87261,43.92633],[4.87331,43.92618],[4.87334,43.92624],[4.87451,43.92595],[4.87449,43.92505],[4.87439,43.92373],[4.87626,43.92329],[4.87628,43.92344],[4.87643,43.92389],[4.87643,43.92413],[4.87637,43.92455],[4.87636,43.92495],[4.87638,43.92511],[4.87647,43.92531],[4.87641,43.92605],[4.87721,43.92581],[4.87778,43.92595],[4.87814,43.92609],[4.87844,43.92626],[4.87868,43.92635],[4.88116,43.9262],[4.8815,43.92625],[4.88209,43.92644],[4.88228,43.92652],[4.88233,43.9266],[4.88239,43.92662],[4.88279,43.92659],[4.88421,43.92738],[4.88428,43.92749],[4.88434,43.92751],[4.88475,43.92751],[4.88466,43.92775],[4.88538,43.92787],[4.88465,43.92966]]]]},"properties":{"q":"QN08423N","n":"Broquetons - Sainte Catherine","z":"ZIP","d":"84","com":["84007"]}}]}