{"type":"FeatureCollection","features":[{"type":"Feature","properties":{"d":"04","km2":525.9,"n":201},"geometry":{"type":"MultiPolygon","coordinates":[[[[5.9118,43.7786],[5.9123,43.7768],[5.9076,43.776],[5.9072,43.7724],[5.9041,43.7729],[5.9044,43.7747],[5.9069,43.776],[5.9116,43.7817],[5.9119,43.7799],[5.9138,43.7812],[5.9118,43.7786]],[[5.9112,43.779],[5.9106,43.7791],[5.9106,43.7786],[5.9112,43.779]],[[5.9066,43.7738],[5.906,43.7738],[5.906,43.7733],[5.9066,43.7738]]],[[[5.7249,43.7803],[5.7299,43.781],[5.7296,43.7795],[5.7327,43.7794],[5.7325,43.7767],[5.7276,43.7787],[5.7239,43.7788],[5.724,43.7801],[5.7198,43.7816],[5.7186,43.7834],[5.7201,43.7843],[5.72,43.7831],[5.7241,43.7824],[5.7249,43.7803]],[[5.7225,43.7821],[5.7224,43.7812],[5.7231,43.7821],[5.7225,43.7821]]],[[[5.8962,43.7935],[5.8937,43.7936],[5.8924,43.7918],[5.8929,43.7899],[5.8844,43.7897],[5.8876,43.7914],[5.889,43.7936],[5.8914,43.7931],[5.8909,43.7944],[5.8928,43.7957],[5.8934,43.7948],[5.8947,43.7957],[5.8982,43.7948],[5.8962,43.7935]]],[[[5.965,43.7983],[5.968,43.7983],[5.9668,43.7964],[5.9617,43.7939],[5.9577,43.7933],[5.958,43.7949],[5.9606,43.7966],[5.9631,43.797],[5.9637,43.7961],[5.965,43.7983]],[[5.9624,43.7957],[5.9624,43.7952],[5.963,43.7952],[5.9624,43.7957]]],[[[5.9435,43.8025],[5.9472,43.8013],[5.9459,43.8002],[5.944,43.8011],[5.9415,43.8003],[5.9364,43.7973],[5.9355,43.7953],[5.9342,43.7949],[5.9341,43.794],[5.9335,43.7941],[5.9348,43.791],[5.9317,43.7914],[5.9318,43.7924],[5.9331,43.7942],[5.9337,43.7942],[5.9325,43.7947],[5.9318,43.7933],[5.9287,43.793],[5.9286,43.7916],[5.9261,43.7899],[5.9192,43.7892],[5.9212,43.7922],[5.9244,43.793],[5.9262,43.7917],[5.93,43.7938],[5.9295,43.7957],[5.932,43.7956],[5.9314,43.797],[5.9333,43.7969],[5.9372,43.8004],[5.9396,43.7994],[5.9435,43.8025]],[[5.9377,43.7986],[5.9383,43.7986],[5.9377,43.799],[5.9377,43.7986]],[[5.923,43.7909],[5.9231,43.7918],[5.9224,43.7909],[5.923,43.7909]]],[[[5.9758,43.8016],[5.9746,43.8025],[5.9732,43.8008],[5.9739,43.8021],[5.9784,43.8056],[5.9809,43.8051],[5.9804,43.806],[5.9821,43.8059],[5.9819,43.8032],[5.98,43.8024],[5.9771,43.8029],[5.9758,43.8016]]],[[[5.9305,43.8037],[5.9306,43.8055],[5.9351,43.8086],[5.9324,43.8037],[5.9335,43.8014],[5.929,43.7984],[5.9286,43.8024],[5.9298,43.8028],[5.9286,43.8032],[5.9305,43.8037]]],[[[5.9024,43.8135],[5.903,43.8121],[5.9005,43.8117],[5.901,43.8104],[5.8977,43.8073],[5.8959,43.8078],[5.8958,43.806],[5.8946,43.806],[5.8941,43.8092],[5.896,43.8092],[5.9005,43.8131],[5.9024,43.8135]],[[5.8998,43.8104],[5.9004,43.8104],[5.8998,43.8109],[5.8998,43.8104]]],[[[5.8887,43.826],[5.8976,43.8254],[5.8993,43.8266],[5.9038,43.8256],[5.9056,43.8274],[5.9077,43.8273],[5.9068,43.826],[5.908,43.8255],[5.9036,43.8252],[5.9029,43.8238],[5.8992,43.823],[5.8887,43.8251],[5.8887,43.826]]],[[[5.6697,43.8394],[5.6635,43.8387],[5.6636,43.8414],[5.6686,43.8408],[5.6697,43.8394]]],[[[5.8878,43.8481],[5.8911,43.8508],[5.8956,43.8506],[5.8968,43.851],[5.8963,43.8519],[5.9011,43.8509],[5.9028,43.8491],[5.898,43.8496],[5.8936,43.8488],[5.8935,43.8466],[5.8923,43.8466],[5.8924,43.8493],[5.8878,43.8481]]],[[[5.9426,43.8574],[5.9402,43.8584],[5.943,43.8558],[5.9449,43.8562],[5.948,43.8559],[5.9412,43.8548],[5.941,43.8534],[5.9399,43.8535],[5.9394,43.8553],[5.9375,43.8549],[5.9349,43.8531],[5.936,43.8504],[5.9335,43.8509],[5.933,43.8527],[5.9318,43.8528],[5.9322,43.8487],[5.9304,43.8497],[5.9293,43.8524],[5.9242,43.8507],[5.926,43.8489],[5.9235,43.8494],[5.923,43.8512],[5.918,43.8504],[5.92,43.8535],[5.9219,43.8544],[5.9256,43.8538],[5.925,43.8548],[5.9263,43.8547],[5.9283,43.8574],[5.9288,43.8568],[5.9344,43.857],[5.9371,43.8605],[5.9396,43.8605],[5.9454,43.8628],[5.9484,43.8624],[5.9515,43.8623],[5.9516,43.863],[5.9547,43.8625],[5.9478,43.8613],[5.9483,43.86],[5.9433,43.8588],[5.9426,43.8574]]],[[[5.8115,43.8705],[5.8097,43.871],[5.8096,43.8696],[5.8067,43.8729],[5.8103,43.8746],[5.8115,43.8705]]],[[[5.6178,43.8877],[5.6178,43.8869],[5.6141,43.8861],[5.6079,43.8885],[5.6042,43.8867],[5.603,43.8872],[5.6017,43.886],[5.6016,43.886],[5.6009,43.886],[5.6003,43.886],[5.5986,43.8879],[5.6005,43.8895],[5.6042,43.8891],[5.6081,43.8907],[5.6143,43.8906],[5.6166,43.8882],[5.6191,43.8886],[5.619,43.8873],[5.6178,43.8877]],[[5.6004,43.8864],[5.6011,43.8864],[5.6005,43.8868],[5.6004,43.8864]]],[[[5.979,43.9118],[5.9794,43.9086],[5.9777,43.9092],[5.9784,43.9114],[5.9771,43.9114],[5.9746,43.9097],[5.9749,43.907],[5.9724,43.9071],[5.9702,43.9089],[5.9699,43.9062],[5.9682,43.9063],[5.9694,43.9081],[5.9681,43.9081],[5.9625,43.906],[5.9631,43.9051],[5.9548,43.9008],[5.9544,43.8978],[5.957,43.8945],[5.9569,43.8932],[5.9547,43.8932],[5.9498,43.9011],[5.9516,43.9019],[5.954,43.9014],[5.9553,43.9027],[5.9538,43.9081],[5.9558,43.9094],[5.9589,43.9093],[5.9591,43.9125],[5.961,43.9123],[5.961,43.9114],[5.9641,43.9118],[5.9648,43.9136],[5.9666,43.9135],[5.9667,43.9149],[5.9661,43.9149],[5.9662,43.9163],[5.9681,43.9162],[5.9681,43.9175],[5.9712,43.9174],[5.972,43.9201],[5.9809,43.9221],[5.9858,43.9216],[5.987,43.9206],[5.9863,43.9193],[5.9851,43.9207],[5.9838,43.9203],[5.985,43.9184],[5.9849,43.9165],[5.9886,43.9164],[5.9873,43.9147],[5.9842,43.9153],[5.981,43.9136],[5.9814,43.9118],[5.979,43.9118]],[[5.9826,43.9207],[5.9826,43.9203],[5.9838,43.9203],[5.9826,43.9207]],[[5.9792,43.915],[5.9799,43.9168],[5.983,43.917],[5.9844,43.9188],[5.9819,43.9185],[5.9807,43.9199],[5.9805,43.9172],[5.9781,43.9168],[5.9792,43.915]],[[5.9792,43.9141],[5.9785,43.9141],[5.9791,43.9136],[5.9792,43.9141]],[[5.978,43.915],[5.9779,43.9141],[5.9786,43.915],[5.978,43.915]],[[5.976,43.9137],[5.9742,43.9156],[5.9717,43.9138],[5.976,43.9137]],[[5.9668,43.9158],[5.9668,43.9162],[5.9662,43.9158],[5.9668,43.9158]]],[[[5.9941,43.9059],[5.993,43.9077],[5.9901,43.9088],[5.9899,43.9074],[5.9849,43.9075],[5.9889,43.911],[5.9913,43.91],[5.995,43.9099],[5.9957,43.9108],[5.9994,43.9102],[5.9985,43.9053],[5.9941,43.9059]]],[[[5.5843,43.9153],[5.5854,43.9183],[5.587,43.9191],[5.5864,43.9205],[5.5884,43.9231],[5.5893,43.9219],[5.5921,43.9223],[5.5917,43.9196],[5.5883,43.9195],[5.5884,43.9161],[5.5843,43.9153]],[[5.5902,43.9213],[5.5902,43.9217],[5.5896,43.9213],[5.5902,43.9213]]],[[[5.9775,43.9303],[5.9714,43.9305],[5.9722,43.9323],[5.9806,43.9369],[5.9831,43.9368],[5.9828,43.9356],[5.9815,43.9356],[5.9802,43.9348],[5.9802,43.9334],[5.9783,43.9344],[5.977,43.9331],[5.9833,43.931],[5.9832,43.9302],[5.9813,43.9307],[5.9812,43.9293],[5.983,43.9288],[5.9818,43.9275],[5.9786,43.9281],[5.9775,43.9303]]],[[[5.6915,43.9561],[5.6913,43.9516],[5.693,43.9484],[5.691,43.9476],[5.6902,43.944],[5.6864,43.9432],[5.6867,43.9477],[5.6886,43.949],[5.6864,43.954],[5.6817,43.9578],[5.6841,43.9573],[5.6858,43.9546],[5.6902,43.9548],[5.6897,43.9562],[5.6915,43.9561]],[[5.6883,43.954],[5.6883,43.9545],[5.6877,43.9545],[5.6883,43.954]]],[[[5.5105,43.9589],[5.5092,43.9594],[5.5108,43.9638],[5.5115,43.9596],[5.5136,43.9592],[5.5127,43.9569],[5.5139,43.9568],[5.5138,43.9552],[5.5113,43.9552],[5.5098,43.9578],[5.5105,43.9589]]],[[[5.5329,43.9596],[5.5329,43.9587],[5.5328,43.96],[5.5309,43.9596],[5.5302,43.9551],[5.5284,43.9574],[5.5301,43.9641],[5.5324,43.9659],[5.5329,43.9632],[5.5341,43.9631],[5.5343,43.9672],[5.537,43.9662],[5.5379,43.963],[5.536,43.9631],[5.5361,43.9658],[5.5349,43.9658],[5.5347,43.9622],[5.5366,43.9622],[5.5365,43.9604],[5.5329,43.9596]]],[[[5.7419,43.9793],[5.7412,43.9748],[5.7425,43.9743],[5.741,43.9708],[5.7432,43.9676],[5.743,43.9648],[5.7444,43.9644],[5.7433,43.9567],[5.7421,43.9586],[5.7408,43.9577],[5.739,43.9582],[5.7392,43.9614],[5.7341,43.9692],[5.7344,43.9746],[5.7332,43.9755],[5.7353,43.9791],[5.7355,43.9831],[5.7395,43.9866],[5.7412,43.9843],[5.7403,43.9803],[5.7419,43.9793]]],[[[5.8941,43.9934],[5.8919,43.9921],[5.8891,43.9926],[5.8896,43.9912],[5.8881,43.9913],[5.8863,43.9922],[5.8864,43.9945],[5.8892,43.9948],[5.8941,43.9934]]],[[[5.6824,44.0221],[5.6836,44.0216],[5.6823,44.0212],[5.6799,44.0222],[5.6812,44.0235],[5.68,44.024],[5.6794,44.0299],[5.6761,44.0318],[5.6768,44.0335],[5.6795,44.0322],[5.6774,44.0412],[5.6816,44.0406],[5.6816,44.038],[5.6827,44.0379],[5.6825,44.0347],[5.6837,44.0342],[5.6829,44.0311],[5.6841,44.0298],[5.6838,44.0252],[5.6825,44.0248],[5.6824,44.0221]]],[[[5.8981,44.036],[5.8982,44.0333],[5.9054,44.029],[5.9078,44.029],[5.9084,44.0275],[5.9036,44.0295],[5.9017,44.0295],[5.9004,44.0282],[5.8954,44.0288],[5.8936,44.0303],[5.8938,44.0325],[5.8956,44.0324],[5.8958,44.0342],[5.8945,44.0347],[5.8971,44.0351],[5.8971,44.0355],[5.8977,44.0355],[5.8977,44.036],[5.8981,44.036]]],[[[5.6194,44.0422],[5.623,44.0415],[5.6216,44.0397],[5.6155,44.0412],[5.6156,44.0426],[5.6156,44.0435],[5.6169,44.0434],[5.617,44.0461],[5.6149,44.0525],[5.6162,44.0529],[5.6199,44.0524],[5.6198,44.0512],[5.6211,44.0511],[5.6198,44.051],[5.6209,44.0478],[5.6194,44.0422]]],[[[5.6014,44.0453],[5.5996,44.0449],[5.6003,44.0462],[5.5984,44.0472],[5.601,44.048],[5.6011,44.0503],[5.5993,44.0521],[5.6025,44.0533],[5.6028,44.0488],[5.6046,44.0479],[5.604,44.047],[5.6058,44.0469],[5.607,44.0455],[5.605,44.0429],[5.6019,44.0434],[5.6014,44.0453]]],[[[5.7322,44.053],[5.7303,44.0517],[5.7278,44.0522],[5.728,44.0562],[5.7307,44.058],[5.7322,44.053]]],[[[5.8855,44.0823],[5.8842,44.0814],[5.8845,44.0832],[5.8868,44.0836],[5.8878,44.0858],[5.8899,44.0835],[5.8932,44.0825],[5.8918,44.0808],[5.8911,44.0817],[5.8874,44.0818],[5.8885,44.0804],[5.886,44.08],[5.8855,44.0823]]],[[[5.8627,44.1042],[5.8645,44.1041],[5.8651,44.1023],[5.8677,44.1013],[5.8658,44.1004],[5.8677,44.1003],[5.8701,44.1026],[5.8702,44.1044],[5.8721,44.1043],[5.8738,44.1025],[5.8729,44.0975],[5.8766,44.097],[5.8805,44.0995],[5.8797,44.0964],[5.8815,44.0959],[5.8808,44.0946],[5.8783,44.0947],[5.8776,44.0933],[5.872,44.0935],[5.8712,44.0913],[5.8701,44.0922],[5.8693,44.0909],[5.8698,44.0886],[5.8654,44.0883],[5.8606,44.0912],[5.8602,44.0943],[5.8584,44.0958],[5.8535,44.0964],[5.8517,44.0982],[5.8512,44.1009],[5.8526,44.1027],[5.8588,44.1016],[5.8627,44.1042]],[[5.8799,44.0955],[5.8793,44.0955],[5.8799,44.0951],[5.8799,44.0955]],[[5.8778,44.0969],[5.8778,44.0965],[5.8791,44.0969],[5.8778,44.0969]],[[5.8715,44.102],[5.8709,44.1021],[5.8715,44.1016],[5.8715,44.102]],[[5.8713,44.0984],[5.8707,44.0985],[5.8713,44.098],[5.8713,44.0984]],[[5.8599,44.1002],[5.8599,44.0993],[5.8612,44.1002],[5.8599,44.1002]],[[5.8606,44.096],[5.86,44.096],[5.8606,44.0956],[5.8606,44.096]]],[[[5.8664,44.1031],[5.8616,44.1069],[5.8629,44.1082],[5.8631,44.1109],[5.8674,44.1099],[5.8648,44.1086],[5.8673,44.1076],[5.8683,44.104],[5.8664,44.1031]]],[[[5.8288,44.1234],[5.8326,44.1247],[5.8357,44.1241],[5.8377,44.1259],[5.8382,44.1232],[5.8419,44.1226],[5.842,44.124],[5.8432,44.1239],[5.845,44.1225],[5.8431,44.1205],[5.8418,44.1206],[5.8413,44.1222],[5.8369,44.1223],[5.835,44.121],[5.8195,44.1244],[5.8202,44.1258],[5.8214,44.1257],[5.8208,44.1245],[5.8239,44.1258],[5.8232,44.124],[5.8288,44.1234]]],[[[5.8911,44.1194],[5.8905,44.1195],[5.8896,44.1259],[5.8922,44.1272],[5.8914,44.124],[5.8926,44.1235],[5.8936,44.1194],[5.8924,44.1198],[5.8924,44.1194],[5.8911,44.1194]]],[[[5.5856,44.1299],[5.5844,44.1295],[5.5845,44.1321],[5.5858,44.133],[5.5927,44.1333],[5.5925,44.1301],[5.5906,44.1284],[5.583,44.1272],[5.5783,44.1224],[5.5782,44.1197],[5.5763,44.1193],[5.5765,44.1229],[5.5741,44.1253],[5.5812,44.1286],[5.5849,44.1276],[5.5856,44.1299]]],[[[5.7411,44.1283],[5.7356,44.1302],[5.7358,44.1334],[5.7334,44.1353],[5.7354,44.137],[5.7342,44.1388],[5.7373,44.1383],[5.7359,44.1361],[5.7371,44.1342],[5.739,44.1342],[5.737,44.132],[5.7381,44.1311],[5.74,44.1315],[5.7399,44.1297],[5.743,44.1282],[5.7428,44.126],[5.7477,44.1231],[5.7468,44.1191],[5.7485,44.1168],[5.7479,44.1168],[5.7467,44.1169],[5.7456,44.1205],[5.7444,44.1205],[5.7452,44.1241],[5.7427,44.1237],[5.7428,44.1251],[5.7409,44.1251],[5.741,44.1265],[5.7411,44.1283]]],[[[5.8229,44.1303],[5.8273,44.1298],[5.8253,44.1285],[5.8229,44.129],[5.8179,44.1272],[5.8166,44.1272],[5.8161,44.1287],[5.8229,44.1303]]],[[[5.666,44.1373],[5.666,44.136],[5.6678,44.1359],[5.6706,44.1399],[5.6718,44.1399],[5.6729,44.1363],[5.6703,44.1345],[5.6688,44.1314],[5.6671,44.1346],[5.6636,44.1374],[5.6637,44.1392],[5.666,44.1373]]],[[[5.573,44.1271],[5.573,44.1266],[5.5717,44.1267],[5.5682,44.1308],[5.5689,44.1322],[5.5653,44.1345],[5.563,44.1382],[5.563,44.1386],[5.5632,44.1409],[5.559,44.1442],[5.5604,44.1473],[5.5593,44.1491],[5.5695,44.1481],[5.5737,44.1499],[5.578,44.149],[5.5781,44.1503],[5.5793,44.1499],[5.5786,44.149],[5.5811,44.1484],[5.5808,44.1435],[5.579,44.1449],[5.5753,44.1455],[5.5751,44.1423],[5.572,44.1433],[5.5695,44.1429],[5.5694,44.1402],[5.5742,44.1379],[5.5729,44.1356],[5.5725,44.1303],[5.5739,44.1325],[5.5758,44.132],[5.5731,44.1298],[5.5737,44.1293],[5.573,44.128],[5.573,44.1271]]],[[[5.604,44.1343],[5.6027,44.1325],[5.6014,44.133],[5.6015,44.1348],[5.5979,44.1367],[5.5987,44.1389],[5.5962,44.1403],[5.5969,44.1417],[5.5945,44.1427],[5.5947,44.1454],[5.5961,44.1467],[5.6033,44.1433],[5.6007,44.1416],[5.5992,44.1367],[5.6017,44.1379],[5.6017,44.137],[5.6023,44.137],[5.6022,44.1361],[5.6029,44.1361],[5.6028,44.1352],[5.604,44.1343]],[[5.5965,44.1422],[5.5972,44.1431],[5.5972,44.1445],[5.5954,44.144],[5.5965,44.1422]],[[5.596,44.1445],[5.596,44.1449],[5.5954,44.1445],[5.596,44.1445]]],[[[5.6526,44.1431],[5.6524,44.1396],[5.6544,44.1408],[5.6535,44.1373],[5.651,44.1364],[5.65,44.1414],[5.6526,44.1431]]],[[[5.6141,44.1367],[5.6117,44.1376],[5.6086,44.1373],[5.6087,44.14],[5.6107,44.1417],[5.6089,44.1427],[5.6089,44.1436],[5.609,44.1454],[5.6109,44.1449],[5.6136,44.1484],[5.616,44.147],[5.6171,44.1442],[5.6202,44.1446],[5.6214,44.1436],[5.6187,44.1397],[5.6192,44.137],[5.6149,44.138],[5.6141,44.1367]]],[[[6.0101,43.6903],[6.0089,43.6912],[6.0095,43.6916],[6.009,43.6926],[6.0096,43.6925],[6.0096,43.693],[6.0097,43.6939],[6.0087,43.6949],[6.0105,43.6944],[6.0137,43.6982],[6.0124,43.6939],[6.0142,43.6924],[6.0129,43.6915],[6.0111,43.693],[6.0104,43.6917],[6.0116,43.6911],[6.0101,43.6903]]],[[[6.0124,43.7069],[6.0106,43.7074],[6.0099,43.7061],[6.0117,43.7052],[6.0117,43.7038],[6.0123,43.7047],[6.0172,43.7041],[6.0165,43.7032],[6.0154,43.7037],[6.017,43.7019],[6.0073,43.703],[6.0082,43.7093],[6.0069,43.708],[6.0072,43.7025],[6.0059,43.7026],[6.0054,43.7044],[6.0042,43.7044],[6.0061,43.7049],[6.0051,43.7098],[6.0038,43.708],[6.0026,43.709],[5.9995,43.7086],[5.9984,43.7105],[5.9965,43.7105],[5.9965,43.7101],[5.9952,43.7101],[5.9922,43.7111],[5.9922,43.712],[5.9891,43.7108],[5.9892,43.7134],[5.9929,43.712],[6.0009,43.7122],[6.0009,43.7113],[6.0083,43.7111],[6.01,43.7087],[6.0144,43.709],[6.0149,43.7081],[6.0125,43.7083],[6.0124,43.7069]],[[6.01,43.7079],[6.01,43.7075],[6.0106,43.7074],[6.01,43.7079]],[[6.0086,43.7052],[6.0092,43.7052],[6.0087,43.7057],[6.0086,43.7052]],[[6.0104,43.7043],[6.0099,43.7052],[6.0092,43.7052],[6.0104,43.7043]],[[6.0057,43.7094],[6.0064,43.7094],[6.0058,43.7103],[6.0057,43.7094]],[[5.9966,43.7119],[5.9953,43.7115],[5.9965,43.7105],[5.9966,43.7119]]],[[[6.2643,43.781],[6.2626,43.7831],[6.2662,43.7812],[6.2695,43.7837],[6.272,43.7837],[6.27,43.7824],[6.2693,43.7802],[6.2643,43.781]]],[[[6.2566,43.8306],[6.2604,43.8317],[6.2598,43.8323],[6.2666,43.8311],[6.2683,43.8297],[6.2697,43.831],[6.2715,43.8305],[6.2732,43.8282],[6.2724,43.8255],[6.2754,43.8236],[6.2758,43.8209],[6.2777,43.8213],[6.2794,43.8189],[6.2702,43.8206],[6.2681,43.8261],[6.2626,43.8281],[6.2589,43.8282],[6.2594,43.8264],[6.2582,43.8265],[6.2565,43.8283],[6.2566,43.8306]]],[[[6.0425,43.884],[6.0405,43.8827],[6.0393,43.8832],[6.0394,43.8841],[6.0357,43.8842],[6.0353,43.8874],[6.042,43.8863],[6.0425,43.884]]],[[[6.2235,43.8831],[6.2237,43.8858],[6.227,43.8883],[6.2284,43.8919],[6.2295,43.8891],[6.2331,43.889],[6.23,43.8878],[6.2286,43.8854],[6.2323,43.8859],[6.2341,43.884],[6.2329,43.8841],[6.2328,43.8825],[6.229,43.8827],[6.2248,43.8846],[6.2265,43.8823],[6.2327,43.8821],[6.2339,43.8809],[6.2301,43.8801],[6.2296,43.881],[6.2283,43.8811],[6.2265,43.8812],[6.2235,43.8831]]],[[[6.0179,43.9168],[6.0193,43.9193],[6.0211,43.9179],[6.0198,43.9161],[6.0185,43.9166],[6.0197,43.9145],[6.0178,43.9139],[6.0154,43.9173],[6.0161,43.9182],[6.0179,43.9168]]],[[[6.2427,43.9188],[6.2463,43.9155],[6.2492,43.9136],[6.2492,43.9132],[6.2436,43.9138],[6.243,43.913],[6.2409,43.9184],[6.2417,43.9211],[6.2429,43.9211],[6.2427,43.9188]]],[[[6.035,43.9215],[6.0319,43.9217],[6.0358,43.9252],[6.0389,43.9246],[6.0394,43.9228],[6.0376,43.9229],[6.0375,43.9219],[6.0357,43.9224],[6.0356,43.9207],[6.035,43.9215]]],[[[6.0698,43.9213],[6.069,43.9283],[6.0726,43.9255],[6.0698,43.9213]]],[[[6.0919,43.9345],[6.0911,43.9327],[6.0934,43.9295],[6.0922,43.9295],[6.0908,43.9282],[6.0902,43.9283],[6.089,43.9304],[6.09,43.9346],[6.0919,43.9345]]],[[[6.001,43.9511],[5.9979,43.9509],[5.9975,43.949],[5.9963,43.9499],[5.9929,43.9497],[5.9999,43.954],[6.001,43.9511]]],[[[6.0011,43.9664],[6.0029,43.9735],[6.0009,43.9729],[6.0004,43.9747],[5.9996,43.9709],[5.9971,43.9706],[5.9967,43.9742],[5.9986,43.9759],[6.0024,43.9753],[6.0043,43.9762],[6.005,43.978],[6.0027,43.9812],[6.004,43.9811],[6.004,43.982],[6.0059,43.982],[6.0077,43.9806],[6.0075,43.9783],[6.005,43.9771],[6.0054,43.9748],[6.0035,43.974],[6.0034,43.9717],[6.0046,43.9721],[6.0058,43.9712],[6.0062,43.968],[6.0049,43.9667],[6.003,43.9668],[6.0035,43.965],[6.0009,43.9628],[5.9994,43.9563],[5.9982,43.9563],[5.9958,43.9603],[5.9964,43.9602],[5.9991,43.9633],[5.9992,43.9656],[6.0011,43.9664]]],[[[6.263,43.969],[6.2599,43.9686],[6.2581,43.97],[6.2583,43.9723],[6.2614,43.9731],[6.2632,43.9712],[6.263,43.969]]],[[[6.037,43.9814],[6.042,43.9817],[6.0419,43.9803],[6.0388,43.98],[6.0386,43.9768],[6.0366,43.9755],[6.0317,43.9762],[6.037,43.9814]]],[[[6.0605,44.1682],[6.0548,44.1675],[6.0538,44.1707],[6.0525,44.1708],[6.0583,44.1724],[6.0607,44.1718],[6.0619,44.1709],[6.0605,44.1682]]],[[[6.1894,44.1786],[6.1867,44.1765],[6.1861,44.1765],[6.1855,44.1765],[6.1855,44.177],[6.1868,44.1774],[6.1869,44.1792],[6.1845,44.1801],[6.1835,44.1838],[6.1804,44.1843],[6.1836,44.1856],[6.1838,44.1878],[6.1918,44.1857],[6.1923,44.1844],[6.1879,44.1836],[6.1871,44.181],[6.1895,44.18],[6.1894,44.1786]]],[[[6.0876,44.1898],[6.0869,44.1885],[6.0824,44.1873],[6.0818,44.1882],[6.0805,44.1869],[6.0793,44.1879],[6.0774,44.1875],[6.0763,44.1893],[6.0838,44.1891],[6.0839,44.1904],[6.0876,44.1898]]],[[[6.0789,44.2099],[6.0807,44.2085],[6.0808,44.2054],[6.0767,44.2046],[6.0769,44.2077],[6.0789,44.2099]]],[[[6.055,44.2089],[6.055,44.2076],[6.0574,44.2066],[6.0577,44.2106],[6.0615,44.2114],[6.0578,44.2124],[6.0579,44.2147],[6.0617,44.2155],[6.0652,44.2117],[6.0626,44.21],[6.0631,44.2078],[6.0612,44.2078],[6.0611,44.2065],[6.0574,44.2062],[6.0585,44.2048],[6.0578,44.2025],[6.0553,44.2026],[6.0547,44.2035],[6.0522,44.2036],[6.052,44.2052],[6.0499,44.2064],[6.0521,44.2066],[6.0512,44.2075],[6.0522,44.209],[6.055,44.2089]]],[[[6.0924,44.2158],[6.0949,44.2152],[6.095,44.2166],[6.0931,44.2166],[6.0938,44.218],[6.0963,44.2179],[6.0986,44.2146],[6.0966,44.2129],[6.0935,44.2135],[6.0897,44.2127],[6.0879,44.2137],[6.0847,44.2133],[6.0837,44.2165],[6.0825,44.2166],[6.0818,44.2157],[6.0761,44.215],[6.0728,44.2128],[6.0666,44.2135],[6.0695,44.2197],[6.0733,44.2196],[6.0763,44.2177],[6.0842,44.2237],[6.0867,44.2236],[6.0885,44.2226],[6.0858,44.22],[6.0867,44.2146],[6.0911,44.2145],[6.0924,44.2158]]],[[[6.1801,44.2262],[6.1752,44.2277],[6.1754,44.23],[6.1699,44.232],[6.1823,44.2302],[6.1846,44.227],[6.1801,44.2262]]],[[[6.2052,44.2451],[6.2039,44.2438],[6.2044,44.2425],[6.2005,44.2408],[6.2017,44.2399],[6.208,44.2396],[6.2065,44.2365],[6.2046,44.2362],[6.2064,44.2352],[6.2049,44.2312],[6.2012,44.2322],[6.2005,44.2313],[6.1974,44.2319],[6.1968,44.2315],[6.1969,44.2333],[6.2,44.2327],[6.1995,44.2345],[6.1951,44.2342],[6.1944,44.2334],[6.1881,44.2336],[6.1839,44.236],[6.1777,44.2366],[6.1771,44.2376],[6.1733,44.2368],[6.171,44.2391],[6.1835,44.2391],[6.1861,44.24],[6.1922,44.2384],[6.1943,44.2415],[6.1956,44.2414],[6.1972,44.2387],[6.2003,44.2372],[6.2,44.2426],[6.1982,44.2436],[6.1977,44.2458],[6.2022,44.2475],[6.2052,44.2541],[6.2101,44.2531],[6.2099,44.2504],[6.2123,44.248],[6.2103,44.2459],[6.2052,44.2451]]],[[[6.2252,44.2723],[6.2277,44.2713],[6.226,44.2655],[6.2197,44.2653],[6.2179,44.2663],[6.2193,44.2685],[6.2237,44.2683],[6.2238,44.2697],[6.2251,44.271],[6.2252,44.2723]]],[[[5.9913,44.2682],[5.9964,44.2694],[6.002,44.2692],[6.003,44.2724],[6.0012,44.2733],[6.0037,44.2737],[6.007,44.2691],[6.0062,44.2664],[5.9968,44.2667],[5.9955,44.2658],[5.9943,44.2668],[5.99,44.2669],[5.9913,44.2682]]],[[[6.0623,44.2713],[6.0557,44.276],[6.0662,44.2729],[6.0661,44.2716],[6.0623,44.2713]]],[[[6.2081,44.2788],[6.2056,44.278],[6.206,44.2757],[6.1986,44.2773],[6.1954,44.2761],[6.1953,44.2747],[6.1917,44.2767],[6.1918,44.2785],[6.1894,44.279],[6.1913,44.2798],[6.1907,44.2808],[6.1882,44.2804],[6.1864,44.2818],[6.1826,44.281],[6.1814,44.282],[6.1822,44.2847],[6.1811,44.2869],[6.1768,44.288],[6.1777,44.2925],[6.1821,44.2928],[6.1828,44.2936],[6.189,44.2921],[6.1895,44.2898],[6.1968,44.2877],[6.207,44.2811],[6.2081,44.2788]]],[[[6.2321,44.2896],[6.2315,44.291],[6.2354,44.2927],[6.2373,44.2926],[6.2379,44.293],[6.2391,44.2921],[6.2358,44.2886],[6.2321,44.2896]]],[[[6.2266,44.2921],[6.2254,44.2926],[6.2259,44.2912],[6.2228,44.2922],[6.2197,44.2914],[6.2195,44.2896],[6.2153,44.2911],[6.2184,44.2915],[6.2179,44.2937],[6.2217,44.2941],[6.2224,44.2954],[6.2266,44.2921]]],[[[6.2723,44.3008],[6.268,44.301],[6.2695,44.3045],[6.2731,44.3035],[6.2723,44.3008]]],[[[6.2103,44.3372],[6.212,44.3345],[6.2139,44.3353],[6.2151,44.3344],[6.2128,44.3376],[6.2165,44.3366],[6.2206,44.3409],[6.225,44.3421],[6.2286,44.3393],[6.2281,44.3415],[6.2314,44.3428],[6.2314,44.3437],[6.2308,44.3437],[6.2309,44.3446],[6.2338,44.3422],[6.2357,44.3426],[6.236,44.3458],[6.2328,44.345],[6.2322,44.3464],[6.2338,44.3508],[6.2321,44.354],[6.2335,44.3558],[6.2359,44.3539],[6.2349,44.349],[6.2374,44.3489],[6.2402,44.3524],[6.2421,44.3528],[6.2417,44.3568],[6.24,44.3587],[6.2443,44.3572],[6.244,44.3536],[6.2457,44.3504],[6.2495,44.3516],[6.251,44.3542],[6.2505,44.3565],[6.2518,44.3574],[6.2549,44.3568],[6.2523,44.3546],[6.2521,44.3524],[6.2565,44.3527],[6.2583,44.3517],[6.258,44.3553],[6.2599,44.3562],[6.2617,44.3548],[6.2609,44.3521],[6.2645,44.3497],[6.2619,44.3489],[6.2618,44.3476],[6.2642,44.3461],[6.264,44.3434],[6.2615,44.3431],[6.261,44.3449],[6.2578,44.3441],[6.2558,44.3424],[6.2555,44.3388],[6.2568,44.3383],[6.256,44.3361],[6.2591,44.3359],[6.2603,44.3345],[6.2564,44.3324],[6.2557,44.3325],[6.2526,44.3326],[6.2499,44.3304],[6.2468,44.3305],[6.2461,44.3297],[6.2443,44.3306],[6.2429,44.3289],[6.2459,44.3261],[6.2451,44.3238],[6.2475,44.3229],[6.2469,44.3224],[6.2468,44.322],[6.2468,44.3215],[6.2493,44.3214],[6.248,44.3201],[6.2531,44.3213],[6.2544,44.3231],[6.2588,44.322],[6.2595,44.3238],[6.2607,44.3233],[6.2609,44.3255],[6.264,44.3254],[6.2664,44.3231],[6.2656,44.3218],[6.2625,44.3214],[6.2623,44.3192],[6.2627,44.3151],[6.2663,44.3132],[6.2666,44.3078],[6.2614,44.3061],[6.2597,44.308],[6.2565,44.3077],[6.2555,44.3014],[6.2572,44.2991],[6.2538,44.2956],[6.2536,44.2929],[6.2499,44.294],[6.25,44.2958],[6.2452,44.2986],[6.2454,44.3013],[6.2442,44.3023],[6.2451,44.3054],[6.2428,44.3086],[6.2462,44.313],[6.2457,44.3148],[6.2477,44.3161],[6.2453,44.318],[6.2461,44.3198],[6.2418,44.3208],[6.2354,44.3201],[6.2359,44.3183],[6.2296,44.3167],[6.2272,44.3182],[6.2275,44.3231],[6.2244,44.3241],[6.2227,44.3264],[6.2217,44.3301],[6.2192,44.3306],[6.2193,44.332],[6.2149,44.3321],[6.2126,44.334],[6.2113,44.3336],[6.2103,44.3372]],[[6.2606,44.3485],[6.2595,44.3503],[6.2557,44.3505],[6.2543,44.3474],[6.2606,44.3485]]],[[[6.1271,44.35],[6.1322,44.3517],[6.1308,44.3486],[6.1256,44.3469],[6.1271,44.35]]],[[[6.2257,44.352],[6.2224,44.3499],[6.2222,44.3472],[6.2203,44.3468],[6.2186,44.3482],[6.2212,44.3499],[6.2195,44.3522],[6.2142,44.3488],[6.213,44.3493],[6.2158,44.3537],[6.2195,44.3532],[6.2202,44.354],[6.2213,44.3517],[6.2257,44.352]]],[[[6.0688,44.3408],[6.0674,44.3395],[6.0636,44.3387],[6.0644,44.3405],[6.0669,44.3404],[6.0638,44.3414],[6.0639,44.3428],[6.0645,44.3427],[6.0646,44.3436],[6.0646,44.3441],[6.0652,44.3441],[6.0654,44.3472],[6.0648,44.3477],[6.0688,44.3511],[6.0714,44.3515],[6.0702,44.3525],[6.0715,44.3533],[6.0717,44.3565],[6.0699,44.3579],[6.0725,44.3587],[6.0713,44.3596],[6.0713,44.3605],[6.0725,44.36],[6.0741,44.3645],[6.0753,44.364],[6.0776,44.3702],[6.0802,44.371],[6.0803,44.3724],[6.0821,44.3719],[6.0842,44.3745],[6.0843,44.3767],[6.083,44.3763],[6.0838,44.3781],[6.0932,44.3787],[6.0923,44.3747],[6.0938,44.3739],[6.0974,44.3747],[6.0994,44.3737],[6.1008,44.3755],[6.0987,44.3762],[6.1039,44.3783],[6.1074,44.3746],[6.1112,44.3749],[6.1136,44.373],[6.1193,44.3737],[6.1194,44.376],[6.1211,44.3732],[6.1249,44.374],[6.1261,44.3726],[6.1235,44.3713],[6.1246,44.369],[6.1208,44.3683],[6.1177,44.3693],[6.1157,44.3675],[6.1126,44.3681],[6.1112,44.3655],[6.1097,44.3658],[6.1098,44.3632],[6.1059,44.362],[6.1019,44.3581],[6.0996,44.3613],[6.0896,44.3621],[6.0864,44.3609],[6.088,44.3653],[6.0828,44.3637],[6.0836,44.3655],[6.0804,44.3656],[6.0803,44.3629],[6.0745,44.3604],[6.0755,44.3572],[6.0811,44.3566],[6.0804,44.3553],[6.0822,44.3547],[6.0827,44.352],[6.0888,44.3514],[6.0893,44.3492],[6.088,44.3479],[6.0891,44.3452],[6.0864,44.3426],[6.087,44.3412],[6.0888,44.341],[6.0863,44.3398],[6.0861,44.3367],[6.0801,44.3328],[6.079,44.335],[6.081,44.3354],[6.0805,44.3386],[6.0818,44.3386],[6.082,44.3412],[6.0739,44.3429],[6.07,44.3403],[6.0688,44.3408]],[[6.1091,44.3662],[6.109,44.3658],[6.1097,44.3658],[6.1091,44.3662]],[[6.0824,44.3381],[6.0824,44.3385],[6.0818,44.3386],[6.0824,44.3381]],[[6.1045,44.3745],[6.1046,44.3758],[6.1007,44.3741],[6.1051,44.374],[6.1063,44.3735],[6.1045,44.3745]],[[6.0815,44.3534],[6.0816,44.3543],[6.0803,44.3535],[6.0815,44.3534]]],[[[6.2231,44.3588],[6.2211,44.3603],[6.2187,44.3599],[6.2178,44.364],[6.2184,44.3649],[6.2222,44.3647],[6.2223,44.3665],[6.2198,44.3662],[6.2205,44.3679],[6.2269,44.3691],[6.2255,44.3673],[6.2272,44.3641],[6.2238,44.3602],[6.2275,44.36],[6.2287,44.3586],[6.2235,44.3557],[6.2231,44.3588]]],[[[6.2055,44.3685],[6.2097,44.3656],[6.2083,44.3639],[6.2041,44.3663],[6.2055,44.3685]]],[[[6.2156,44.3695],[6.2126,44.3718],[6.2108,44.3719],[6.21,44.3701],[6.2081,44.3697],[6.2142,44.3763],[6.2192,44.3752],[6.219,44.3734],[6.2178,44.373],[6.2199,44.3684],[6.2185,44.3662],[6.2154,44.3663],[6.2156,44.3695]],[[6.2146,44.3726],[6.2127,44.3727],[6.2139,44.3718],[6.2146,44.3726]]],[[[6.0431,44.3804],[6.0432,44.3817],[6.0457,44.3816],[6.0493,44.3788],[6.05,44.3801],[6.0471,44.3829],[6.052,44.3814],[6.0524,44.3778],[6.0487,44.3784],[6.0497,44.3757],[6.0478,44.3744],[6.0483,44.3735],[6.0471,44.3735],[6.0466,44.3762],[6.041,44.3768],[6.0412,44.38],[6.0431,44.3804]]],[[[6.0457,44.3911],[6.0467,44.3965],[6.0517,44.3958],[6.0512,44.3986],[6.054,44.4016],[6.0583,44.4001],[6.0593,44.3974],[6.0606,44.3973],[6.062,44.3991],[6.0607,44.3996],[6.0598,44.4041],[6.0611,44.4059],[6.0674,44.4057],[6.0713,44.4082],[6.0736,44.4069],[6.0736,44.4077],[6.0751,44.4077],[6.0746,44.4099],[6.0757,44.4081],[6.0802,44.4088],[6.0807,44.4066],[6.0832,44.4065],[6.0829,44.402],[6.0753,44.4022],[6.0733,44.4001],[6.067,44.3994],[6.0649,44.3958],[6.0629,44.395],[6.0612,44.3883],[6.0637,44.3873],[6.0616,44.3847],[6.0626,44.3802],[6.0612,44.3775],[6.0593,44.3785],[6.0606,44.3789],[6.0607,44.3807],[6.059,44.383],[6.0546,44.3827],[6.0564,44.3907],[6.0552,44.3917],[6.0489,44.3919],[6.0457,44.3911]],[[6.081,44.404],[6.0816,44.4039],[6.0811,44.4058],[6.081,44.404]]],[[[6.118,44.4021],[6.1205,44.4007],[6.1255,44.4005],[6.1254,44.4001],[6.1253,44.3987],[6.1184,44.3976],[6.1174,44.4026],[6.1143,44.4032],[6.1145,44.4054],[6.122,44.4056],[6.125,44.4037],[6.1224,44.402],[6.1199,44.4025],[6.118,44.4021]]],[[[6.0994,44.4149],[6.0975,44.4145],[6.0968,44.4128],[6.0949,44.4128],[6.0948,44.4115],[6.0942,44.4115],[6.0935,44.4115],[6.0923,44.4111],[6.0924,44.4125],[6.0868,44.414],[6.0869,44.4158],[6.0889,44.4171],[6.0884,44.4185],[6.0897,44.4193],[6.0901,44.4166],[6.0913,44.4161],[6.0945,44.4164],[6.0946,44.4182],[6.0971,44.4182],[6.0994,44.4149]]],[[[6.381,43.7355],[6.3807,43.7396],[6.382,43.7405],[6.3904,43.7401],[6.3846,43.7359],[6.381,43.7355]]],[[[6.3944,43.7463],[6.3919,43.7428],[6.3872,43.7439],[6.3872,43.7448],[6.3944,43.7463]]],[[[6.3836,43.7543],[6.3822,43.753],[6.381,43.7535],[6.3797,43.7527],[6.3779,43.7528],[6.3787,43.7554],[6.3812,43.7558],[6.3836,43.7543]]],[[[6.3051,43.7867],[6.3038,43.7858],[6.3036,43.7831],[6.3055,43.7844],[6.304,43.7802],[6.3059,43.7802],[6.3064,43.7784],[6.3015,43.7792],[6.2997,43.7806],[6.2916,43.7804],[6.2911,43.7816],[6.2975,43.7841],[6.2996,43.7872],[6.3064,43.7874],[6.3056,43.7853],[6.3051,43.7867]],[[6.3029,43.7823],[6.303,43.7827],[6.3023,43.7823],[6.3029,43.7823]],[[6.3011,43.7832],[6.3012,43.7841],[6.2999,43.7833],[6.3011,43.7832]],[[6.2998,43.7815],[6.2998,43.7819],[6.2992,43.7815],[6.2998,43.7815]]],[[[6.2849,43.7814],[6.2829,43.7797],[6.2725,43.7823],[6.2738,43.7831],[6.2763,43.7826],[6.2757,43.784],[6.2776,43.7835],[6.2789,43.7848],[6.2832,43.7842],[6.2834,43.7864],[6.2865,43.7872],[6.2898,43.7898],[6.2922,43.7883],[6.2908,43.7861],[6.2877,43.7862],[6.2857,43.785],[6.2867,43.7813],[6.2849,43.7814]]],[[[6.2798,43.7883],[6.2812,43.7919],[6.2788,43.7924],[6.2777,43.7952],[6.2851,43.7931],[6.285,43.7917],[6.2818,43.791],[6.2816,43.7887],[6.2798,43.7883]]],[[[6.281,43.8153],[6.2797,43.8144],[6.2802,43.8122],[6.2783,43.8122],[6.2785,43.8145],[6.2703,43.8134],[6.273,43.8169],[6.281,43.8153]]],[[[6.3308,43.8688],[6.3345,43.8687],[6.3346,43.8705],[6.3358,43.8704],[6.3357,43.8686],[6.3382,43.8681],[6.3365,43.8614],[6.3339,43.8606],[6.3296,43.8617],[6.3298,43.8639],[6.3266,43.8631],[6.3256,43.8659],[6.3294,43.8666],[6.3308,43.8688]]],[[[6.297,43.8845],[6.2952,43.8854],[6.2977,43.8853],[6.2996,43.8857],[6.2997,43.8875],[6.3016,43.8874],[6.3056,43.8828],[6.3054,43.8805],[6.303,43.8811],[6.3023,43.8802],[6.3015,43.878],[6.3028,43.8779],[6.3027,43.8766],[6.3013,43.8753],[6.3025,43.8735],[6.3043,43.8734],[6.3047,43.8702],[6.3065,43.8693],[6.3076,43.8665],[6.3031,43.8653],[6.3026,43.8667],[6.2946,43.8679],[6.2938,43.8652],[6.2918,43.8639],[6.2871,43.8673],[6.2859,43.8768],[6.2915,43.8766],[6.2932,43.8738],[6.2969,43.8737],[6.2986,43.8713],[6.297,43.8845]]],[[[6.3885,43.8842],[6.3821,43.8822],[6.3804,43.885],[6.379,43.8828],[6.3778,43.8828],[6.378,43.8864],[6.3799,43.8859],[6.3813,43.8886],[6.3802,43.8904],[6.3821,43.8903],[6.3839,43.8898],[6.3838,43.8885],[6.3861,43.8866],[6.3886,43.886],[6.3885,43.8842]]],[[[6.3748,43.8847],[6.3717,43.8853],[6.3704,43.8845],[6.3687,43.8859],[6.3683,43.8895],[6.3701,43.8881],[6.3726,43.8884],[6.3748,43.8847]]],[[[6.3703,43.9],[6.3702,43.8993],[6.3659,43.8999],[6.3627,43.8987],[6.3651,43.8968],[6.3643,43.895],[6.3655,43.8932],[6.3679,43.8922],[6.3677,43.8904],[6.3677,43.89],[6.3642,43.8932],[6.3624,43.8933],[6.3606,43.8947],[6.3593,43.8948],[6.3594,43.8952],[6.3581,43.8953],[6.3575,43.8957],[6.3592,43.9011],[6.3554,43.9008],[6.3555,43.9021],[6.3588,43.9042],[6.3667,43.9021],[6.3703,43.9]]],[[[6.3094,43.902],[6.3088,43.902],[6.3069,43.9007],[6.3028,43.9049],[6.303,43.9076],[6.3068,43.9084],[6.3057,43.9107],[6.3082,43.9106],[6.308,43.9084],[6.311,43.9069],[6.3086,43.9074],[6.3085,43.9061],[6.311,43.906],[6.3139,43.9041],[6.3131,43.901],[6.3107,43.902],[6.3094,43.902]]],[[[6.3125,43.9095],[6.3106,43.9101],[6.312,43.9114],[6.32,43.9111],[6.3193,43.9093],[6.3148,43.9072],[6.3147,43.9054],[6.314,43.9054],[6.3141,43.9059],[6.3134,43.9059],[6.3125,43.9095]]],[[[6.3301,43.9219],[6.333,43.9187],[6.3361,43.9186],[6.3371,43.915],[6.3342,43.9142],[6.3328,43.9156],[6.3271,43.9149],[6.3174,43.9179],[6.3172,43.9157],[6.3125,43.919],[6.3126,43.9203],[6.3164,43.9211],[6.3184,43.9233],[6.3186,43.9255],[6.3209,43.9236],[6.3254,43.9248],[6.3264,43.9221],[6.3301,43.9219]]],[[[6.3067,43.9246],[6.3086,43.9259],[6.3111,43.9258],[6.3128,43.923],[6.3089,43.9214],[6.3059,43.9233],[6.3067,43.9246]]],[[[6.3013,43.928],[6.2994,43.9271],[6.2983,43.9299],[6.3009,43.932],[6.3041,43.9324],[6.3013,43.928]]],[[[6.3248,43.9334],[6.3252,43.932],[6.3235,43.9334],[6.321,43.9335],[6.321,43.9344],[6.3179,43.9345],[6.3188,43.9372],[6.32,43.9376],[6.3136,43.9442],[6.3139,43.9473],[6.3175,43.9458],[6.3178,43.9418],[6.3203,43.9421],[6.3209,43.9412],[6.3205,43.9349],[6.3248,43.9334]]],[[[6.3043,43.9449],[6.3072,43.9417],[6.3033,43.9387],[6.3025,43.9365],[6.3006,43.9365],[6.3009,43.9397],[6.2971,43.9394],[6.2966,43.9412],[6.2991,43.9406],[6.2985,43.942],[6.3012,43.9442],[6.3043,43.9449]]],[[[6.2915,43.9724],[6.2892,43.9685],[6.2879,43.9685],[6.2878,43.9672],[6.2891,43.9676],[6.287,43.9636],[6.288,43.9608],[6.2843,43.961],[6.2802,43.9656],[6.2817,43.9683],[6.2809,43.9728],[6.2851,43.9731],[6.2822,43.9755],[6.2823,43.9777],[6.2893,43.9788],[6.2891,43.9766],[6.2909,43.9756],[6.2934,43.9762],[6.294,43.9746],[6.292,43.9731],[6.291,43.9745],[6.2891,43.9745],[6.2915,43.9724]],[[6.2858,43.9701],[6.2864,43.9701],[6.2858,43.9715],[6.2858,43.9701]]],[[[6.2895,44.0184],[6.2873,44.0225],[6.2836,44.0236],[6.2844,44.0249],[6.2875,44.0252],[6.2881,44.0243],[6.2906,44.0242],[6.291,44.0211],[6.2946,44.0191],[6.3014,44.0193],[6.3022,44.0211],[6.2973,44.0222],[6.2981,44.0248],[6.295,44.0254],[6.2951,44.0272],[6.2976,44.0271],[6.2977,44.028],[6.2935,44.0309],[6.2931,44.0331],[6.2944,44.0344],[6.2963,44.0344],[6.2961,44.0326],[6.298,44.032],[6.2984,44.0298],[6.3052,44.0282],[6.3044,44.0255],[6.3086,44.024],[6.3079,44.0218],[6.3122,44.0216],[6.3115,44.0199],[6.3132,44.018],[6.3117,44.0149],[6.313,44.0148],[6.3134,44.0117],[6.316,44.0138],[6.3177,44.0111],[6.315,44.0085],[6.3114,44.0095],[6.3124,44.0072],[6.3093,44.0069],[6.308,44.0056],[6.3083,44.0015],[6.3063,44.0002],[6.3046,44.0017],[6.3061,44.0052],[6.303,44.0062],[6.3037,44.0075],[6.3026,44.0085],[6.304,44.0116],[6.3092,44.0145],[6.3093,44.0154],[6.3024,44.0152],[6.2997,44.0122],[6.2985,44.0122],[6.2937,44.0151],[6.2938,44.0169],[6.292,44.0183],[6.2901,44.0184],[6.2895,44.0184]]],[[[6.4038,44.0894],[6.4007,44.0904],[6.3991,44.0936],[6.4006,44.0967],[6.405,44.0983],[6.4065,44.1005],[6.4082,44.0991],[6.4075,44.0978],[6.4056,44.0978],[6.4055,44.0965],[6.4068,44.0965],[6.4062,44.0974],[6.4106,44.0972],[6.4107,44.0986],[6.4125,44.0976],[6.4109,44.0936],[6.4071,44.0928],[6.4082,44.0897],[6.4038,44.0894]]],[[[6.3745,44.0999],[6.3753,44.0931],[6.3703,44.0933],[6.3704,44.0947],[6.3673,44.0948],[6.3649,44.0967],[6.3657,44.0989],[6.3701,44.0987],[6.3708,44.1],[6.3745,44.0999]]],[[[6.4034,44.1447],[6.4066,44.1464],[6.4065,44.1536],[6.4086,44.1567],[6.4099,44.1567],[6.4101,44.1603],[6.412,44.1606],[6.4138,44.1597],[6.4145,44.1605],[6.4176,44.1604],[6.4206,44.1581],[6.4157,44.1506],[6.4154,44.1466],[6.4135,44.1457],[6.4111,44.1476],[6.4085,44.1459],[6.4069,44.1415],[6.4036,44.1384],[6.4034,44.1447]],[[6.4135,44.1556],[6.4129,44.1556],[6.4135,44.1552],[6.4135,44.1556]]],[[[6.4544,44.1496],[6.4562,44.1491],[6.4567,44.1468],[6.4495,44.1511],[6.447,44.1512],[6.4424,44.1487],[6.4406,44.1488],[6.4371,44.1529],[6.4265,44.1538],[6.4311,44.1559],[6.4353,44.1544],[6.4405,44.156],[6.4394,44.1587],[6.4351,44.1598],[6.437,44.1597],[6.4423,44.1635],[6.4439,44.1684],[6.4465,44.1701],[6.4521,44.1704],[6.4536,44.173],[6.4555,44.1739],[6.4586,44.1737],[6.4592,44.1724],[6.4709,44.171],[6.4741,44.1718],[6.475,44.1749],[6.4813,44.176],[6.4831,44.1751],[6.4839,44.1687],[6.4808,44.1693],[6.4776,44.1685],[6.4756,44.1663],[6.4765,44.1614],[6.4714,44.1606],[6.4687,44.1576],[6.4685,44.154],[6.4613,44.1498],[6.4594,44.1494],[6.4589,44.1521],[6.4559,44.1531],[6.4544,44.1496]]],[[[6.4134,44.1624],[6.4103,44.162],[6.408,44.1657],[6.4049,44.1663],[6.4068,44.1687],[6.4069,44.1676],[6.4094,44.1675],[6.413,44.1655],[6.4134,44.1624]]],[[[6.4189,44.195],[6.4241,44.198],[6.4234,44.1962],[6.4246,44.1956],[6.4214,44.1939],[6.4213,44.1921],[6.423,44.1911],[6.4218,44.1894],[6.4221,44.1877],[6.4264,44.1871],[6.4268,44.1839],[6.4256,44.184],[6.4261,44.1826],[6.4242,44.1813],[6.424,44.1795],[6.4201,44.1774],[6.417,44.1776],[6.4173,44.1735],[6.4144,44.1716],[6.4146,44.1704],[6.4121,44.1705],[6.4122,44.1714],[6.4148,44.1736],[6.4159,44.1789],[6.4129,44.1809],[6.4131,44.1836],[6.4089,44.183],[6.4102,44.1843],[6.4097,44.1857],[6.4183,44.1836],[6.42,44.1842],[6.4201,44.1855],[6.422,44.1855],[6.4177,44.187],[6.4175,44.1915],[6.4193,44.1923],[6.4189,44.195]],[[6.4216,44.1961],[6.4215,44.1957],[6.4222,44.1961],[6.4216,44.1961]]],[[[6.4089,44.1869],[6.409,44.1844],[6.4088,44.186],[6.402,44.1859],[6.4002,44.1876],[6.404,44.1884],[6.406,44.1872],[6.4065,44.1883],[6.4089,44.1869]],[[6.4047,44.1868],[6.4053,44.1867],[6.4054,44.1872],[6.4047,44.1868]]],[[[6.3399,44.211],[6.3362,44.2112],[6.3341,44.2085],[6.3304,44.2091],[6.3305,44.2109],[6.3324,44.2108],[6.3363,44.2134],[6.3399,44.211]]],[[[6.2915,44.2159],[6.2907,44.2137],[6.2839,44.2153],[6.2864,44.2157],[6.2878,44.2179],[6.2915,44.2159]]],[[[6.4608,44.2286],[6.4628,44.2303],[6.4665,44.2302],[6.4689,44.2287],[6.4739,44.2281],[6.4738,44.2272],[6.4776,44.227],[6.4774,44.2252],[6.4799,44.2252],[6.4779,44.2239],[6.4749,44.2244],[6.4731,44.2263],[6.47,44.226],[6.4658,44.2284],[6.4589,44.2282],[6.4589,44.2287],[6.4608,44.2286]]],[[[6.4411,44.2595],[6.4415,44.2644],[6.438,44.2601],[6.4371,44.2646],[6.4434,44.2657],[6.445,44.2616],[6.4437,44.2526],[6.4456,44.2521],[6.4472,44.2665],[6.4541,44.2666],[6.449,44.2641],[6.4494,44.2619],[6.4525,44.2609],[6.4563,44.2621],[6.4567,44.267],[6.4598,44.2673],[6.4582,44.262],[6.4606,44.2606],[6.4607,44.2529],[6.4625,44.2519],[6.4629,44.2497],[6.4598,44.2498],[6.4587,44.2516],[6.4562,44.2522],[6.4565,44.2558],[6.4521,44.2555],[6.4523,44.2501],[6.449,44.2479],[6.44,44.2528],[6.4349,44.2516],[6.4313,44.254],[6.4294,44.2541],[6.4293,44.2523],[6.4324,44.2513],[6.4289,44.2464],[6.4319,44.2454],[6.4318,44.2441],[6.4267,44.2425],[6.4254,44.2335],[6.4233,44.2304],[6.422,44.2296],[6.4183,44.2297],[6.4139,44.2303],[6.4115,44.2318],[6.4085,44.2247],[6.4046,44.2221],[6.406,44.2252],[6.4025,44.2281],[6.4015,44.2322],[6.4065,44.232],[6.4067,44.2338],[6.4019,44.2366],[6.4021,44.2398],[6.411,44.2417],[6.4111,44.243],[6.4123,44.2426],[6.4125,44.2452],[6.4101,44.2462],[6.4102,44.2485],[6.4121,44.2484],[6.4126,44.2556],[6.4139,44.2556],[6.4146,44.2573],[6.4165,44.2577],[6.4215,44.249],[6.4248,44.2502],[6.4238,44.2547],[6.4213,44.2548],[6.4196,44.2562],[6.4191,44.259],[6.4204,44.2594],[6.4205,44.2612],[6.4187,44.2612],[6.4226,44.2638],[6.4243,44.2705],[6.4263,44.2708],[6.4274,44.269],[6.431,44.2675],[6.4309,44.2662],[6.4327,44.2652],[6.4314,44.2635],[6.433,44.2607],[6.4311,44.2603],[6.4336,44.2602],[6.4335,44.258],[6.4365,44.2561],[6.4373,44.2592],[6.4397,44.2577],[6.4411,44.2595]],[[6.4261,44.2605],[6.4278,44.2577],[6.4297,44.2581],[6.429,44.2649],[6.4266,44.2668],[6.4261,44.2605]],[[6.4209,44.231],[6.4217,44.2341],[6.4173,44.2334],[6.4171,44.2311],[6.4209,44.231]]],[[[6.4388,44.2704],[6.4363,44.2705],[6.4355,44.2687],[6.4342,44.2687],[6.4313,44.2711],[6.4315,44.2734],[6.4341,44.2751],[6.4366,44.275],[6.4388,44.2717],[6.4388,44.2704]]],[[[6.4517,44.2676],[6.4492,44.2682],[6.4518,44.2685],[6.4532,44.2703],[6.4529,44.2748],[6.4498,44.2754],[6.4501,44.2794],[6.4526,44.2793],[6.4512,44.278],[6.4517,44.2762],[6.456,44.2751],[6.4556,44.2697],[6.4517,44.2676]]],[[[6.302,44.3132],[6.297,44.3134],[6.2991,44.316],[6.3029,44.3164],[6.3046,44.3145],[6.302,44.3132]]],[[[6.3132,44.3119],[6.3091,44.3148],[6.3111,44.3174],[6.3101,44.3201],[6.3119,44.3201],[6.312,44.3205],[6.3131,44.3182],[6.3162,44.3181],[6.3156,44.31],[6.3131,44.3106],[6.3132,44.3119]]],[[[6.2914,44.3141],[6.2883,44.3137],[6.2854,44.3174],[6.29,44.3204],[6.291,44.3172],[6.2934,44.3154],[6.2921,44.3145],[6.2915,44.3145],[6.2914,44.3141]]],[[[6.4532,44.3738],[6.4481,44.3727],[6.444,44.3764],[6.4391,44.3784],[6.4376,44.3839],[6.4401,44.3842],[6.4438,44.3832],[6.4443,44.3814],[6.4469,44.3817],[6.4503,44.3771],[6.4533,44.3756],[6.4532,44.3738]]],[[[6.3991,44.3979],[6.3947,44.3985],[6.3966,44.3985],[6.3979,44.3993],[6.4048,44.3991],[6.41,44.4011],[6.4162,44.4],[6.4192,44.3981],[6.4254,44.3974],[6.4274,44.3991],[6.4331,44.3998],[6.434,44.4029],[6.4364,44.4019],[6.4369,44.4001],[6.435,44.4002],[6.4342,44.398],[6.433,44.398],[6.4332,44.393],[6.4313,44.3918],[6.4296,44.3855],[6.4312,44.3823],[6.4286,44.3811],[6.4282,44.3757],[6.4306,44.3742],[6.4337,44.3741],[6.4323,44.3715],[6.4298,44.3711],[6.4275,44.3748],[6.4244,44.3749],[6.4219,44.3746],[6.4191,44.3711],[6.4122,44.3718],[6.4147,44.3802],[6.4166,44.3797],[6.4179,44.381],[6.4181,44.3837],[6.4169,44.3842],[6.417,44.386],[6.4158,44.386],[6.4133,44.3861],[6.4133,44.3866],[6.4083,44.3863],[6.4052,44.3873],[6.4026,44.3856],[6.4001,44.3862],[6.3997,44.3889],[6.3936,44.3923],[6.3944,44.3945],[6.3989,44.3961],[6.3991,44.3979]]],[[[6.4515,44.4446],[6.452,44.4437],[6.4483,44.4438],[6.449,44.446],[6.446,44.447],[6.4449,44.4498],[6.4469,44.4511],[6.45,44.45],[6.448,44.4488],[6.4528,44.4454],[6.4515,44.4446]]],[[[6.4311,44.4674],[6.4328,44.4642],[6.4365,44.4641],[6.4392,44.4658],[6.4423,44.4661],[6.4441,44.4638],[6.4529,44.4639],[6.452,44.4608],[6.4476,44.4605],[6.445,44.4592],[6.4446,44.4543],[6.4414,44.4531],[6.4412,44.4508],[6.4362,44.451],[6.4411,44.4571],[6.4385,44.4572],[6.4353,44.4556],[6.4335,44.4565],[6.4326,44.462],[6.4296,44.4639],[6.4287,44.4684],[6.4311,44.4674]],[[6.4394,44.4604],[6.4393,44.4595],[6.4407,44.4603],[6.4394,44.4604]]],[[[6.6386,43.8836],[6.6383,43.8796],[6.6365,43.8805],[6.6301,43.8785],[6.63,43.8772],[6.6282,43.8773],[6.6251,43.8774],[6.6272,43.8805],[6.6329,43.882],[6.6362,43.8842],[6.6386,43.8836]]],[[[6.587,43.9107],[6.5807,43.91],[6.5784,43.9109],[6.5817,43.9138],[6.5779,43.9148],[6.5799,43.9147],[6.5801,43.9165],[6.5826,43.9169],[6.582,43.9178],[6.5839,43.9177],[6.585,43.9159],[6.5881,43.9158],[6.5875,43.9153],[6.5874,43.9144],[6.5874,43.914],[6.5841,43.9148],[6.5836,43.9132],[6.5885,43.9126],[6.5889,43.9099],[6.5907,43.9094],[6.5927,43.9106],[6.5928,43.9124],[6.591,43.9129],[6.5911,43.9141],[6.594,43.9136],[6.5948,43.9158],[6.5905,43.9146],[6.5901,43.917],[6.5882,43.9167],[6.5877,43.9185],[6.5928,43.9201],[6.5957,43.9173],[6.5984,43.9199],[6.6044,43.9201],[6.605,43.9191],[6.6012,43.9183],[6.5979,43.9153],[6.5984,43.9143],[6.6016,43.9147],[6.6026,43.9119],[6.6058,43.9123],[6.6071,43.9141],[6.6134,43.9138],[6.6144,43.9111],[6.6169,43.911],[6.6211,43.9176],[6.6272,43.9161],[6.6338,43.9123],[6.6335,43.9163],[6.6316,43.9173],[6.6332,43.9225],[6.6358,43.9211],[6.6362,43.9175],[6.641,43.9155],[6.6459,43.9159],[6.6471,43.913],[6.6437,43.9104],[6.6456,43.9103],[6.6467,43.9081],[6.643,43.9086],[6.6416,43.9065],[6.6404,43.9074],[6.6372,43.9067],[6.6361,43.9076],[6.6304,43.9069],[6.6297,43.906],[6.6293,43.9093],[6.628,43.9093],[6.6284,43.9061],[6.6266,43.9057],[6.6218,43.909],[6.6226,43.9104],[6.6195,43.9105],[6.6116,43.9058],[6.6098,43.9059],[6.6078,43.9042],[6.6065,43.9042],[6.6065,43.9038],[6.6046,43.9039],[6.6046,43.9034],[6.6034,43.9035],[6.6034,43.9044],[6.6003,43.9045],[6.5993,43.9072],[6.5962,43.9069],[6.5954,43.9059],[6.5962,43.9086],[6.5931,43.9087],[6.5914,43.9021],[6.5932,43.9003],[6.5975,43.8996],[6.6014,43.8932],[6.6038,43.8922],[6.6024,43.8904],[6.6035,43.889],[6.606,43.8885],[6.6059,43.8876],[6.6058,43.8867],[6.6076,43.8853],[6.6062,43.8831],[6.6031,43.8832],[6.6013,43.8846],[6.601,43.8859],[6.6023,43.8863],[6.597,43.891],[6.5939,43.892],[6.5934,43.8938],[6.5902,43.8934],[6.5855,43.8963],[6.5808,43.9019],[6.5817,43.9054],[6.5842,43.9058],[6.5853,43.904],[6.5878,43.9039],[6.5912,43.9087],[6.5894,43.9088],[6.587,43.9107]],[[6.5999,43.9084],[6.6025,43.9102],[6.6026,43.9115],[6.5982,43.9103],[6.5975,43.909],[6.5999,43.9084]],[[6.5995,43.8928],[6.5988,43.8928],[6.5994,43.8919],[6.5995,43.8928]]],[[[6.6346,43.9244],[6.639,43.9247],[6.6437,43.9209],[6.6447,43.9176],[6.6393,43.9178],[6.6382,43.9187],[6.6391,43.9228],[6.6339,43.923],[6.6346,43.9244]]],[[[6.6178,43.9542],[6.6189,43.9528],[6.6208,43.9532],[6.6204,43.9555],[6.6231,43.959],[6.626,43.9561],[6.6241,43.9553],[6.6239,43.9526],[6.627,43.9525],[6.6264,43.9517],[6.6276,43.9517],[6.628,43.9498],[6.6325,43.95],[6.6342,43.9478],[6.6345,43.9424],[6.6332,43.9411],[6.6344,43.9406],[6.6348,43.9373],[6.6318,43.9415],[6.6339,43.9455],[6.6315,43.9465],[6.6314,43.9451],[6.6288,43.9434],[6.6276,43.9439],[6.6272,43.9475],[6.6285,43.9475],[6.6286,43.9493],[6.6268,43.9494],[6.6254,43.9481],[6.6243,43.9499],[6.62,43.9501],[6.6188,43.9515],[6.6163,43.9516],[6.6156,43.9507],[6.6121,43.9535],[6.6096,43.9536],[6.6104,43.9554],[6.6092,43.9559],[6.6098,43.9563],[6.6092,43.9568],[6.6094,43.9586],[6.6113,43.9594],[6.6156,43.9592],[6.6162,43.9583],[6.6182,43.9596],[6.6194,43.9591],[6.6199,43.9568],[6.6178,43.9542]]],[[[6.5004,44.0015],[6.5022,44.0015],[6.5024,44.0033],[6.5042,44.0032],[6.5026,43.9976],[6.5049,43.996],[6.5041,43.9928],[6.5002,43.9988],[6.5003,44.0002],[6.5003,44.0006],[6.5004,44.0015]]],[[[6.4988,44.0061],[6.4972,44.0089],[6.4979,44.0106],[6.5021,44.0098],[6.5028,44.0111],[6.5093,44.0127],[6.5092,44.0111],[6.5091,44.0098],[6.5071,44.0085],[6.5028,44.0086],[6.5033,44.0068],[6.4988,44.0061]]],[[[6.553,44.0801],[6.5489,44.0762],[6.5435,44.0787],[6.541,44.0783],[6.5402,44.0765],[6.5373,44.0789],[6.5399,44.0801],[6.54,44.0815],[6.5464,44.0839],[6.5501,44.0834],[6.5512,44.0806],[6.553,44.0801]],[[6.5468,44.0808],[6.5462,44.0808],[6.5468,44.0803],[6.5468,44.0808]]],[[[6.6018,44.0899],[6.5974,44.0892],[6.5982,44.0914],[6.5957,44.0915],[6.5933,44.0925],[6.5927,44.0939],[6.5896,44.094],[6.5877,44.0927],[6.5859,44.0941],[6.5861,44.0968],[6.588,44.0976],[6.5935,44.0961],[6.5951,44.092],[6.597,44.0919],[6.5983,44.0936],[6.5996,44.0931],[6.6003,44.0949],[6.6027,44.0939],[6.6018,44.0899]]],[[[6.6002,44.1093],[6.5958,44.1099],[6.5935,44.1118],[6.6034,44.1114],[6.6044,44.1078],[6.6007,44.1079],[6.6002,44.1093]]],[[[6.6479,44.1286],[6.6546,44.127],[6.655,44.1243],[6.6538,44.1243],[6.6526,44.1176],[6.655,44.1157],[6.653,44.114],[6.658,44.1138],[6.6553,44.1116],[6.6549,44.1058],[6.6685,44.1044],[6.6687,44.1066],[6.6692,44.1057],[6.6683,44.1012],[6.6694,44.0998],[6.6661,44.0973],[6.6599,44.0984],[6.6546,44.0941],[6.6427,44.0932],[6.6419,44.0919],[6.6443,44.09],[6.6429,44.0878],[6.6405,44.0888],[6.6342,44.0886],[6.6343,44.09],[6.6319,44.091],[6.6232,44.0918],[6.6227,44.0931],[6.6278,44.0943],[6.6267,44.0975],[6.625,44.0989],[6.6219,44.099],[6.6218,44.0981],[6.6193,44.0978],[6.6176,44.101],[6.6165,44.1019],[6.6146,44.1016],[6.6117,44.1048],[6.6085,44.104],[6.6071,44.1108],[6.6108,44.1103],[6.615,44.1069],[6.6243,44.107],[6.6284,44.1024],[6.6327,44.1022],[6.6413,44.1082],[6.6415,44.1113],[6.6398,44.1132],[6.6335,44.113],[6.6293,44.114],[6.6273,44.1132],[6.6237,44.1147],[6.622,44.1175],[6.6229,44.1206],[6.621,44.1202],[6.6213,44.1247],[6.6283,44.1262],[6.6272,44.1281],[6.6253,44.1281],[6.6233,44.1264],[6.6215,44.1269],[6.6215,44.1278],[6.6216,44.1283],[6.6223,44.1292],[6.6217,44.1296],[6.6224,44.131],[6.6281,44.1321],[6.6284,44.1352],[6.6242,44.1376],[6.625,44.1399],[6.6315,44.1356],[6.632,44.1337],[6.6351,44.1336],[6.6383,44.1348],[6.642,44.1342],[6.6431,44.1319],[6.6468,44.1304],[6.6479,44.1286]]],[[[6.6164,44.1253],[6.6132,44.125],[6.6128,44.1273],[6.6141,44.1286],[6.6184,44.1271],[6.6171,44.1262],[6.6181,44.1239],[6.6164,44.1253]]],[[[6.475,44.133],[6.4773,44.1298],[6.477,44.1262],[6.4746,44.1263],[6.4737,44.1227],[6.4701,44.1251],[6.4705,44.131],[6.4718,44.1314],[6.4734,44.1363],[6.4752,44.1357],[6.475,44.133]]],[[[6.538,44.1387],[6.5384,44.1356],[6.5362,44.1321],[6.5336,44.1304],[6.5337,44.1317],[6.5307,44.1336],[6.5321,44.1349],[6.5339,44.1344],[6.5359,44.1357],[6.5354,44.1375],[6.538,44.1387]]],[[[6.5094,44.1407],[6.5093,44.1394],[6.5005,44.1397],[6.5013,44.142],[6.5019,44.141],[6.5044,44.1414],[6.505,44.1405],[6.5094,44.1407]]],[[[6.4828,44.1454],[6.4833,44.1435],[6.478,44.1392],[6.4761,44.1384],[6.4749,44.1403],[6.4828,44.1454]]],[[[6.5239,44.1519],[6.5258,44.1518],[6.5249,44.1483],[6.5181,44.1485],[6.5225,44.1497],[6.5239,44.1519]]],[[[6.5482,44.1505],[6.5507,44.1504],[6.5506,44.1491],[6.55,44.1491],[6.55,44.1486],[6.5499,44.1482],[6.5461,44.1465],[6.5436,44.1471],[6.5439,44.1507],[6.5371,44.1527],[6.5372,44.1541],[6.5329,44.1542],[6.5334,44.1619],[6.5366,44.1622],[6.5365,44.1613],[6.5434,44.161],[6.5432,44.1588],[6.545,44.1578],[6.5443,44.157],[6.5447,44.1533],[6.5482,44.1505]]],[[[6.4957,44.1584],[6.4974,44.1565],[6.5005,44.1559],[6.5003,44.1532],[6.4954,44.1552],[6.4957,44.1584]]],[[[6.5765,44.1611],[6.5734,44.1608],[6.573,44.1644],[6.5742,44.1639],[6.5756,44.1652],[6.578,44.1633],[6.5761,44.1638],[6.5765,44.1611]]],[[[6.5214,44.1682],[6.5264,44.168],[6.5268,44.1648],[6.5211,44.1637],[6.5193,44.1651],[6.5214,44.1682]]],[[[6.6803,44.2331],[6.6795,44.2314],[6.6838,44.2303],[6.6793,44.2291],[6.6792,44.2269],[6.6772,44.2256],[6.6744,44.2302],[6.6747,44.2338],[6.6791,44.2345],[6.6803,44.2331]]],[[[6.4953,44.2723],[6.4952,44.2619],[6.4898,44.2567],[6.4879,44.2573],[6.4901,44.2612],[6.4876,44.2613],[6.4874,44.2672],[6.4953,44.2723]]],[[[6.5149,44.3598],[6.5173,44.3579],[6.5247,44.3567],[6.5254,44.3576],[6.5286,44.3575],[6.5285,44.3561],[6.5352,44.3541],[6.5399,44.3503],[6.5433,44.3529],[6.5437,44.3506],[6.5476,44.3513],[6.5482,44.3522],[6.5445,44.3528],[6.5516,44.3548],[6.5523,44.3566],[6.5492,44.3567],[6.5478,44.3549],[6.5427,44.3533],[6.541,44.3561],[6.545,44.3586],[6.538,44.358],[6.5356,44.3599],[6.5358,44.3621],[6.5379,44.3643],[6.5404,44.3647],[6.5411,44.3664],[6.5436,44.3659],[6.5431,44.3668],[6.5443,44.3672],[6.5442,44.365],[6.5423,44.3646],[6.5421,44.3628],[6.5439,44.3609],[6.5458,44.3618],[6.5459,44.3631],[6.5522,44.3624],[6.5547,44.3632],[6.555,44.3664],[6.5513,44.3683],[6.5516,44.3714],[6.5547,44.3718],[6.5549,44.3745],[6.5568,44.3744],[6.558,44.373],[6.5575,44.3757],[6.5613,44.3756],[6.5611,44.3724],[6.5586,44.3725],[6.5573,44.364],[6.5598,44.3644],[6.56,44.3662],[6.5643,44.366],[6.565,44.3669],[6.568,44.365],[6.5659,44.361],[6.5614,44.3607],[6.5607,44.3598],[6.5606,44.358],[6.5656,44.3574],[6.562,44.3517],[6.5644,44.3502],[6.565,44.3493],[6.5643,44.3489],[6.5643,44.3484],[6.5642,44.348],[6.5667,44.3479],[6.5667,44.3474],[6.5667,44.347],[6.564,44.3448],[6.5602,44.3445],[6.5591,44.3383],[6.5579,44.3383],[6.558,44.3401],[6.5562,44.3415],[6.5558,44.3443],[6.5527,44.3444],[6.5501,44.3431],[6.5482,44.3437],[6.5483,44.345],[6.5458,44.3446],[6.5455,44.3402],[6.5428,44.338],[6.5459,44.337],[6.5469,44.3341],[6.5461,44.3316],[6.5455,44.3316],[6.5448,44.3316],[6.5435,44.3312],[6.5409,44.3295],[6.5406,44.3259],[6.5423,44.3232],[6.5384,44.3215],[6.5395,44.3188],[6.5365,44.3207],[6.5334,44.3213],[6.5388,44.3184],[6.5379,44.3139],[6.5388,44.3102],[6.5369,44.309],[6.5367,44.3067],[6.5335,44.3055],[6.5345,44.3023],[6.5335,44.2974],[6.5347,44.2969],[6.5351,44.2937],[6.5164,44.2953],[6.515,44.2936],[6.5153,44.2882],[6.5122,44.2897],[6.5085,44.2893],[6.5058,44.2868],[6.5048,44.2823],[6.5089,44.279],[6.5153,44.2796],[6.5238,44.2771],[6.5258,44.2779],[6.525,44.2757],[6.5288,44.2769],[6.5297,44.2795],[6.5333,44.2785],[6.5332,44.2762],[6.5349,44.2748],[6.5351,44.269],[6.5283,44.2607],[6.5272,44.2553],[6.5404,44.2548],[6.5427,44.2525],[6.5413,44.2507],[6.5388,44.2504],[6.5386,44.2486],[6.543,44.248],[6.5417,44.2471],[6.5422,44.2457],[6.5491,44.2464],[6.5527,44.244],[6.5548,44.2475],[6.5673,44.247],[6.5701,44.2501],[6.5745,44.2508],[6.5716,44.2459],[6.5699,44.2474],[6.5685,44.2465],[6.5694,44.2415],[6.5652,44.2435],[6.5637,44.2404],[6.5584,44.237],[6.548,44.2392],[6.5475,44.241],[6.5456,44.2416],[6.5422,44.2381],[6.5384,44.2373],[6.5377,44.2356],[6.5351,44.2343],[6.5371,44.2284],[6.5415,44.2278],[6.5416,44.2291],[6.5447,44.229],[6.5483,44.2275],[6.5503,44.2288],[6.5504,44.2306],[6.5476,44.2347],[6.5545,44.2345],[6.5561,44.2308],[6.5597,44.2284],[6.5602,44.2266],[6.5644,44.2251],[6.5637,44.2323],[6.5712,44.2316],[6.5754,44.2287],[6.5751,44.226],[6.5706,44.2239],[6.5747,44.2197],[6.5774,44.2228],[6.5773,44.2291],[6.5786,44.2304],[6.5805,44.2303],[6.5853,44.2274],[6.5839,44.2261],[6.5871,44.2264],[6.5882,44.2241],[6.5875,44.2233],[6.585,44.2238],[6.5818,44.223],[6.5801,44.2249],[6.579,44.2195],[6.5752,44.2183],[6.5758,44.2174],[6.577,44.2178],[6.5763,44.2165],[6.5779,44.2128],[6.583,44.2135],[6.5821,44.2181],[6.5833,44.2185],[6.5836,44.2216],[6.5861,44.222],[6.5882,44.2165],[6.5932,44.2163],[6.5949,44.214],[6.598,44.2139],[6.5978,44.2103],[6.6007,44.2079],[6.5998,44.2048],[6.601,44.2034],[6.6029,44.2033],[6.603,44.2051],[6.6062,44.2063],[6.6111,44.2043],[6.6131,44.2061],[6.6149,44.2051],[6.6103,44.2026],[6.611,44.1949],[6.6128,44.1935],[6.6096,44.1936],[6.6089,44.1923],[6.607,44.1923],[6.6052,44.1929],[6.6065,44.1937],[6.6068,44.1978],[6.6036,44.197],[6.6035,44.1947],[6.6022,44.1948],[6.6005,44.1967],[6.6001,44.1998],[6.5961,44.1973],[6.5954,44.1955],[6.5936,44.1965],[6.5929,44.1956],[6.5898,44.1957],[6.5897,44.2034],[6.5864,44.2004],[6.5852,44.2013],[6.5808,44.201],[6.5806,44.1983],[6.5787,44.198],[6.5775,44.1993],[6.5783,44.2007],[6.5764,44.2012],[6.5748,44.2044],[6.5694,44.2073],[6.569,44.2109],[6.5709,44.2113],[6.5711,44.2131],[6.5687,44.2154],[6.5669,44.2155],[6.5667,44.2137],[6.5574,44.2145],[6.5573,44.2136],[6.5536,44.2138],[6.5535,44.2129],[6.551,44.2134],[6.5509,44.2121],[6.5478,44.2113],[6.5456,44.2069],[6.5504,44.2044],[6.5561,44.2051],[6.5585,44.2041],[6.5635,44.2044],[6.5653,44.203],[6.5652,44.2012],[6.5694,44.1988],[6.5663,44.1917],[6.5637,44.1904],[6.5654,44.1872],[6.564,44.1864],[6.5597,44.1865],[6.5589,44.1843],[6.5613,44.1838],[6.5652,44.185],[6.5676,44.1835],[6.5662,44.1818],[6.57,44.183],[6.5731,44.182],[6.5757,44.1837],[6.5755,44.1805],[6.5734,44.1779],[6.5745,44.176],[6.5732,44.1748],[6.5591,44.1703],[6.5523,44.1711],[6.5515,44.1697],[6.5485,44.1703],[6.5459,44.1695],[6.5429,44.1714],[6.5367,44.1726],[6.5358,44.1762],[6.5296,44.1769],[6.5324,44.1813],[6.535,44.1825],[6.536,44.1874],[6.5386,44.1891],[6.5343,44.1902],[6.5299,44.1895],[6.5081,44.1908],[6.5056,44.1918],[6.5077,44.1944],[6.506,44.1967],[6.4894,44.2009],[6.4854,44.206],[6.4768,44.2086],[6.4728,44.2133],[6.4748,44.2154],[6.4786,44.2153],[6.4781,44.2171],[6.4768,44.2172],[6.4782,44.2189],[6.4807,44.2193],[6.4844,44.2178],[6.4864,44.22],[6.4889,44.219],[6.4899,44.2162],[6.4918,44.2166],[6.4922,44.213],[6.4964,44.211],[6.4979,44.2137],[6.5035,44.2139],[6.5037,44.2166],[6.5007,44.2185],[6.4975,44.2263],[6.4987,44.2249],[6.5018,44.2248],[6.5057,44.226],[6.5083,44.2286],[6.5053,44.2291],[6.5038,44.2351],[6.4989,44.2361],[6.4993,44.242],[6.4947,44.239],[6.4858,44.2375],[6.4852,44.238],[6.4879,44.2402],[6.4948,44.2408],[6.5028,44.2463],[6.5077,44.2457],[6.5123,44.2478],[6.5195,44.2525],[6.5217,44.2573],[6.5218,44.2587],[6.5188,44.2601],[6.5187,44.2669],[6.5134,44.2712],[6.5085,44.2727],[6.5095,44.2781],[6.5022,44.281],[6.4991,44.2812],[6.4975,44.2853],[6.4883,44.2883],[6.4841,44.2912],[6.4809,44.2981],[6.4767,44.3014],[6.4699,44.3021],[6.4688,44.3044],[6.4696,44.3061],[6.4654,44.309],[6.4634,44.3158],[6.465,44.3203],[6.4631,44.3212],[6.4664,44.3225],[6.4614,44.3231],[6.4591,44.3259],[6.4605,44.3281],[6.4536,44.336],[6.4705,44.3358],[6.4707,44.3394],[6.4747,44.3415],[6.4743,44.3447],[6.4681,44.3467],[6.4682,44.3481],[6.467,44.3481],[6.4716,44.3511],[6.4725,44.3546],[6.4694,44.3557],[6.4679,44.3602],[6.4619,44.3641],[6.4622,44.3685],[6.4649,44.3702],[6.4657,44.3734],[6.467,44.3738],[6.4682,44.3728],[6.4687,44.371],[6.4787,44.3711],[6.487,44.3645],[6.4895,44.3639],[6.4934,44.3656],[6.4994,44.3626],[6.5032,44.3625],[6.5045,44.3633],[6.5113,44.3613],[6.5145,44.3621],[6.5149,44.3598]],[[6.6104,44.203],[6.611,44.203],[6.6104,44.2035],[6.6104,44.203]],[[6.5499,44.2234],[6.5534,44.2201],[6.5572,44.2208],[6.5562,44.2231],[6.553,44.2233],[6.5489,44.2261],[6.5499,44.2234]],[[6.5539,44.185],[6.5544,44.1831],[6.5557,44.1831],[6.5558,44.1853],[6.5539,44.185]],[[6.5448,44.1885],[6.5442,44.1894],[6.5436,44.1885],[6.5448,44.1885]],[[6.5346,44.219],[6.5332,44.2263],[6.5313,44.2259],[6.5298,44.2228],[6.5334,44.2209],[6.5295,44.2179],[6.5346,44.219]],[[6.5189,44.2273],[6.5218,44.2245],[6.5243,44.2244],[6.5276,44.2269],[6.532,44.2263],[6.5341,44.2303],[6.53,44.2331],[6.5278,44.2373],[6.5221,44.2362],[6.5206,44.2335],[6.5147,44.2292],[6.5151,44.2274],[6.5189,44.2273]],[[6.5312,44.2074],[6.5333,44.2105],[6.5308,44.2106],[6.5287,44.208],[6.5312,44.2074]],[[6.5333,44.2519],[6.5314,44.252],[6.5325,44.2506],[6.5333,44.2519]],[[6.5082,44.2092],[6.5099,44.2074],[6.5124,44.2077],[6.5142,44.2063],[6.524,44.2037],[6.5239,44.2019],[6.5201,44.2011],[6.5171,44.2035],[6.5146,44.2031],[6.5151,44.2013],[6.5194,44.2007],[6.5212,44.1993],[6.533,44.1979],[6.5307,44.2007],[6.531,44.2052],[6.5286,44.2066],[6.5164,44.2103],[6.5089,44.2105],[6.5082,44.2092]],[[6.5129,44.205],[6.5129,44.2059],[6.5104,44.206],[6.5104,44.2051],[6.5129,44.205]],[[6.5055,44.2071],[6.5061,44.2062],[6.508,44.2065],[6.5074,44.2075],[6.5055,44.2071]],[[6.4979,44.2051],[6.4967,44.207],[6.4948,44.2066],[6.4953,44.2043],[6.4979,44.2051]],[[6.497,44.3375],[6.495,44.3362],[6.4938,44.3367],[6.4936,44.3349],[6.4975,44.3361],[6.497,44.3375]],[[6.4929,44.3161],[6.491,44.3166],[6.4891,44.3153],[6.4901,44.3126],[6.4933,44.3133],[6.4929,44.3161]],[[6.4873,44.3082],[6.4885,44.3077],[6.4884,44.3059],[6.4871,44.3059],[6.4863,44.3028],[6.4887,44.3014],[6.49,44.3022],[6.4897,44.3067],[6.4916,44.3076],[6.4906,44.3112],[6.4881,44.3104],[6.4873,44.3082]],[[6.4797,44.3687],[6.4803,44.3686],[6.4797,44.3691],[6.4797,44.3687]],[[6.4809,44.3682],[6.481,44.3686],[6.4803,44.3686],[6.4809,44.3682]]],[[[6.615,44.2726],[6.6086,44.2715],[6.607,44.2747],[6.6127,44.2754],[6.6126,44.2736],[6.615,44.2726]]],[[[6.6141,44.2857],[6.6139,44.283],[6.6119,44.2813],[6.6123,44.2786],[6.616,44.278],[6.6186,44.2788],[6.6191,44.2765],[6.6246,44.2758],[6.6263,44.2735],[6.6188,44.2729],[6.6162,44.2717],[6.617,44.2748],[6.6153,44.2762],[6.6121,44.2763],[6.611,44.2777],[6.6078,44.2774],[6.6089,44.2832],[6.6073,44.2873],[6.6136,44.2866],[6.6141,44.2857]]],[[[6.5263,44.2851],[6.528,44.2827],[6.5261,44.2819],[6.526,44.2806],[6.524,44.2793],[6.5209,44.2799],[6.5211,44.2821],[6.5244,44.2847],[6.5263,44.2851]]],[[[6.5221,44.2875],[6.5254,44.2896],[6.5298,44.2894],[6.5252,44.2865],[6.5221,44.2875]]],[[[6.6994,44.2778],[6.7007,44.2782],[6.7036,44.2763],[6.7064,44.2794],[6.7096,44.2801],[6.7097,44.2815],[6.7073,44.2825],[6.7033,44.2799],[6.7014,44.28],[6.7009,44.2818],[6.6973,44.2838],[6.6922,44.2817],[6.6926,44.2795],[6.6889,44.2801],[6.6898,44.2836],[6.6874,44.2855],[6.6876,44.2873],[6.6907,44.2872],[6.6933,44.2889],[6.6958,44.2888],[6.6975,44.286],[6.7014,44.2872],[6.7011,44.2926],[6.7,44.2936],[6.6987,44.2936],[6.696,44.291],[6.6948,44.2911],[6.6947,44.2906],[6.6941,44.2907],[6.6942,44.2925],[6.6913,44.2948],[6.6845,44.2964],[6.6819,44.2957],[6.679,44.2976],[6.6758,44.2968],[6.6759,44.299],[6.6726,44.2965],[6.672,44.2965],[6.6707,44.2965],[6.6683,44.298],[6.6658,44.2981],[6.6639,44.2968],[6.666,44.3003],[6.6704,44.3006],[6.6705,44.302],[6.6687,44.3025],[6.6689,44.3056],[6.6652,44.3067],[6.6676,44.3052],[6.6675,44.3034],[6.6648,44.3004],[6.661,44.3001],[6.6568,44.2944],[6.6506,44.2951],[6.6499,44.2942],[6.6467,44.2943],[6.6472,44.2925],[6.6428,44.2927],[6.6422,44.2918],[6.6384,44.292],[6.6429,44.2927],[6.6449,44.2944],[6.6493,44.2947],[6.6513,44.2964],[6.6523,44.3013],[6.6502,44.3073],[6.6484,44.3073],[6.6481,44.3042],[6.6442,44.3025],[6.6446,44.307],[6.6423,44.3103],[6.6387,44.3122],[6.6392,44.3108],[6.6391,44.3091],[6.6379,44.3096],[6.6326,44.3062],[6.633,44.3039],[6.6318,44.3039],[6.6295,44.3067],[6.6283,44.3068],[6.6292,44.3108],[6.6224,44.3129],[6.6209,44.3179],[6.6172,44.3176],[6.6148,44.3199],[6.6098,44.3201],[6.6131,44.3218],[6.6131,44.3222],[6.6131,44.3227],[6.6145,44.324],[6.6176,44.3234],[6.6199,44.3206],[6.6268,44.3203],[6.6287,44.3212],[6.6286,44.3203],[6.6405,44.3194],[6.6406,44.3211],[6.6537,44.3202],[6.6528,44.3166],[6.6485,44.3168],[6.649,44.3154],[6.644,44.3161],[6.6438,44.3134],[6.6463,44.3128],[6.6477,44.3146],[6.6502,44.3145],[6.6543,44.3112],[6.6569,44.3124],[6.6568,44.3106],[6.6596,44.3073],[6.6617,44.3091],[6.6605,44.3109],[6.6614,44.3145],[6.6667,44.3174],[6.6702,44.3137],[6.6714,44.3136],[6.6725,44.3113],[6.6738,44.3117],[6.6736,44.3099],[6.6761,44.3098],[6.6768,44.3107],[6.6806,44.3101],[6.6822,44.3073],[6.6861,44.309],[6.6865,44.3063],[6.6896,44.3057],[6.6909,44.3066],[6.692,44.3047],[6.6895,44.3048],[6.6894,44.3026],[6.6911,44.3007],[6.693,44.3006],[6.6943,44.3019],[6.6956,44.3014],[6.6963,44.3027],[6.7007,44.3026],[6.6988,44.3031],[6.6977,44.3054],[6.694,44.3055],[6.6936,44.3091],[6.6956,44.3104],[6.7013,44.3102],[6.7075,44.3014],[6.7072,44.2973],[6.7039,44.2961],[6.7017,44.2917],[6.7069,44.2865],[6.7095,44.2869],[6.7099,44.2918],[6.7132,44.294],[6.7133,44.2962],[6.7166,44.2979],[6.7175,44.301],[6.72,44.3013],[6.7224,44.2994],[6.7233,44.2954],[6.7287,44.292],[6.7308,44.2869],[6.7355,44.2832],[6.736,44.2813],[6.7378,44.2808],[6.7358,44.2786],[6.7346,44.2796],[6.7327,44.2792],[6.7322,44.2734],[6.7284,44.2717],[6.7283,44.2704],[6.7312,44.2676],[6.7344,44.2683],[6.7358,44.2701],[6.7413,44.269],[6.7415,44.2631],[6.7386,44.2535],[6.7357,44.2539],[6.7342,44.2521],[6.7319,44.2527],[6.7314,44.2549],[6.7265,44.2565],[6.7255,44.2588],[6.7218,44.2594],[6.7197,44.2577],[6.7154,44.2583],[6.7165,44.2641],[6.709,44.264],[6.7086,44.2671],[6.7029,44.2669],[6.7018,44.2692],[6.7059,44.2735],[6.7034,44.2736],[6.6994,44.2778]]],[[[6.614,44.301],[6.608,44.304],[6.607,44.3072],[6.6088,44.3071],[6.6105,44.3039],[6.613,44.3038],[6.6132,44.3065],[6.6151,44.3073],[6.6154,44.3028],[6.6184,44.3009],[6.6188,44.2977],[6.6156,44.2974],[6.6148,44.2947],[6.6129,44.2948],[6.6136,44.2961],[6.6118,44.2971],[6.6111,44.2957],[6.6079,44.2954],[6.6078,44.2932],[6.6053,44.2937],[6.6047,44.2942],[6.6048,44.2946],[6.6048,44.2951],[6.6082,44.2981],[6.6101,44.2989],[6.6144,44.2983],[6.614,44.301]]],[[[6.6703,44.3321],[6.674,44.3315],[6.6721,44.3312],[6.6738,44.3284],[6.6751,44.3283],[6.6742,44.3248],[6.6716,44.324],[6.6732,44.3208],[6.6632,44.3216],[6.6603,44.3159],[6.6565,44.316],[6.6544,44.3202],[6.6614,44.3221],[6.6631,44.3275],[6.6675,44.3282],[6.6678,44.3313],[6.6703,44.3321]]],[[[6.5597,44.3297],[6.5618,44.3319],[6.5627,44.3359],[6.5684,44.3366],[6.5691,44.3379],[6.5704,44.3374],[6.5651,44.334],[6.5655,44.3317],[6.5694,44.3329],[6.5702,44.3361],[6.5734,44.3359],[6.5748,44.3377],[6.5823,44.3374],[6.5843,44.3391],[6.5852,44.3436],[6.5883,44.3426],[6.5882,44.3417],[6.5902,44.3429],[6.5927,44.3428],[6.5957,44.3414],[6.5917,44.3379],[6.5927,44.3347],[6.5954,44.3369],[6.597,44.3409],[6.6024,44.3384],[6.6049,44.3383],[6.6073,44.3364],[6.6069,44.331],[6.6056,44.3306],[6.6031,44.3312],[6.6018,44.3299],[6.598,44.33],[6.5968,44.3305],[6.5976,44.3323],[6.5932,44.3329],[6.5907,44.3321],[6.5889,44.334],[6.5864,44.3341],[6.5806,44.332],[6.5792,44.3303],[6.5724,44.3319],[6.5729,44.3296],[6.5716,44.3288],[6.5678,44.3289],[6.5677,44.3267],[6.5651,44.3259],[6.5637,44.3237],[6.5618,44.3238],[6.5592,44.3221],[6.558,44.3226],[6.5572,44.3212],[6.5548,44.3227],[6.558,44.3239],[6.5582,44.3262],[6.5552,44.3276],[6.5543,44.3322],[6.5581,44.3325],[6.5588,44.3342],[6.5597,44.3297]]],[[[6.5738,44.3499],[6.575,44.3498],[6.5743,44.3476],[6.5687,44.3483],[6.5713,44.3504],[6.5722,44.3535],[6.5759,44.3534],[6.5733,44.3517],[6.5738,44.3499]]],[[[6.513,44.368],[6.516,44.3661],[6.5145,44.3625],[6.5102,44.3636],[6.5109,44.3653],[6.5099,44.3681],[6.513,44.368]]],[[[6.5371,44.3792],[6.5404,44.3845],[6.5457,44.3852],[6.5477,44.3815],[6.5448,44.3816],[6.5446,44.3794],[6.5433,44.379],[6.5371,44.3792]]],[[[6.5229,44.3824],[6.5187,44.3858],[6.5197,44.3859],[6.5192,44.3872],[6.5214,44.3884],[6.5239,44.3874],[6.527,44.3877],[6.5279,44.3827],[6.5229,44.3824]]],[[[6.4725,44.4141],[6.474,44.4172],[6.4766,44.4189],[6.4796,44.4174],[6.4801,44.4156],[6.4775,44.4143],[6.4725,44.4141]]],[[[6.4679,44.421],[6.4653,44.4198],[6.4662,44.4224],[6.4636,44.4212],[6.4623,44.4217],[6.4635,44.4293],[6.4616,44.4294],[6.4609,44.4357],[6.459,44.4367],[6.4552,44.4354],[6.4542,44.4395],[6.4579,44.4385],[6.4598,44.4384],[6.4599,44.4393],[6.4648,44.4387],[6.4656,44.44],[6.4649,44.44],[6.465,44.4414],[6.4652,44.4432],[6.464,44.4446],[6.4659,44.4449],[6.466,44.4463],[6.4678,44.4449],[6.4703,44.4448],[6.4729,44.4451],[6.4749,44.4469],[6.4805,44.4471],[6.4826,44.4497],[6.4828,44.452],[6.4816,44.4525],[6.4841,44.4533],[6.4871,44.4509],[6.4921,44.4507],[6.4913,44.448],[6.4936,44.4457],[6.4864,44.441],[6.485,44.4388],[6.4854,44.4361],[6.4848,44.4361],[6.4841,44.4353],[6.4839,44.433],[6.4855,44.4293],[6.4831,44.4299],[6.4777,44.426],[6.4775,44.4229],[6.4726,44.4244],[6.4675,44.4237],[6.4679,44.421]]],[[[6.5774,44.4389],[6.5763,44.4416],[6.5815,44.4441],[6.5827,44.4436],[6.5829,44.4378],[6.581,44.4369],[6.5808,44.4343],[6.5782,44.4339],[6.5762,44.4322],[6.5774,44.4389]]],[[[6.6768,44.4728],[6.6773,44.4715],[6.6799,44.4723],[6.683,44.4717],[6.6827,44.4681],[6.6865,44.4684],[6.6866,44.4693],[6.6911,44.4709],[6.6914,44.4673],[6.6888,44.466],[6.6886,44.4634],[6.6898,44.4624],[6.6876,44.4589],[6.6864,44.4594],[6.6844,44.4581],[6.6856,44.4572],[6.6848,44.4549],[6.6816,44.4533],[6.6829,44.4469],[6.6805,44.4475],[6.6809,44.4447],[6.6781,44.4417],[6.6731,44.4419],[6.6691,44.4385],[6.6653,44.4386],[6.6647,44.4386],[6.6635,44.4391],[6.6633,44.4445],[6.6658,44.4453],[6.6621,44.4459],[6.6642,44.4481],[6.6633,44.4531],[6.6647,44.4548],[6.6672,44.4552],[6.6697,44.4542],[6.6701,44.451],[6.6743,44.4491],[6.6735,44.4473],[6.6776,44.4512],[6.6801,44.4511],[6.679,44.4525],[6.6797,44.4538],[6.666,44.4557],[6.6641,44.4639],[6.6686,44.4646],[6.6694,44.4664],[6.6699,44.4654],[6.6725,44.4658],[6.6749,44.4725],[6.6768,44.4728]]],[[[6.6497,44.4644],[6.6477,44.4627],[6.6493,44.4595],[6.6467,44.4497],[6.6423,44.4499],[6.6412,44.4513],[6.6427,44.4544],[6.6414,44.4549],[6.6433,44.4552],[6.6429,44.4571],[6.6448,44.4583],[6.6412,44.4603],[6.6464,44.4623],[6.6441,44.4651],[6.6449,44.4673],[6.6425,44.4683],[6.6426,44.4697],[6.6432,44.4696],[6.6433,44.4705],[6.6452,44.4714],[6.6453,44.4732],[6.6441,44.4732],[6.6474,44.4758],[6.6538,44.4769],[6.6546,44.4791],[6.6509,44.4793],[6.6522,44.4801],[6.6547,44.4805],[6.6587,44.483],[6.6619,44.4833],[6.663,44.4815],[6.6578,44.4803],[6.6571,44.479],[6.6589,44.4776],[6.6598,44.4735],[6.6573,44.4727],[6.6576,44.4695],[6.655,44.4674],[6.6547,44.4642],[6.6497,44.4644]]],[[[6.6701,44.4859],[6.6764,44.4862],[6.6758,44.4841],[6.6714,44.4843],[6.6713,44.4839],[6.6707,44.4839],[6.6707,44.4834],[6.67,44.4835],[6.6701,44.4859]]],[[[6.6939,43.8584],[6.6971,43.8588],[6.697,43.8574],[6.689,43.8591],[6.6891,43.8609],[6.6904,43.8613],[6.6946,43.8593],[6.6939,43.8584]]],[[[6.9105,43.9054],[6.9103,43.9032],[6.9075,43.9051],[6.9032,43.9057],[6.9075,43.9068],[6.9076,43.9086],[6.907,43.9087],[6.9071,43.9096],[6.9105,43.9054]]],[[[6.7368,44.0431],[6.7343,44.0428],[6.7336,44.041],[6.7298,44.0407],[6.7287,44.0421],[6.7351,44.0445],[6.7368,44.0431]]],[[[6.7531,44.0749],[6.753,44.0744],[6.7482,44.0764],[6.7471,44.0787],[6.7484,44.0791],[6.7537,44.0757],[6.7531,44.0749]]],[[[6.6748,44.0641],[6.6779,44.0635],[6.6794,44.067],[6.6775,44.0671],[6.6752,44.0694],[6.6726,44.0686],[6.6728,44.0709],[6.6735,44.0722],[6.6761,44.0726],[6.6776,44.0756],[6.6865,44.0789],[6.6856,44.0825],[6.687,44.0852],[6.6858,44.0857],[6.6982,44.0838],[6.6966,44.0875],[6.6892,44.0887],[6.693,44.0899],[6.6926,44.0931],[6.6958,44.0934],[6.696,44.0965],[6.6917,44.0967],[6.6905,44.0981],[6.6886,44.0977],[6.6887,44.0991],[6.6906,44.099],[6.6907,44.1008],[6.6895,44.1013],[6.6876,44.1005],[6.6841,44.1033],[6.6797,44.103],[6.676,44.1045],[6.678,44.1053],[6.6783,44.1094],[6.6804,44.1134],[6.6861,44.1131],[6.6875,44.1153],[6.6831,44.1159],[6.6805,44.1138],[6.6755,44.1144],[6.6738,44.1163],[6.6719,44.1164],[6.6712,44.1146],[6.673,44.1145],[6.6717,44.1133],[6.6667,44.1134],[6.6689,44.1179],[6.6715,44.1187],[6.669,44.1192],[6.6686,44.1215],[6.665,44.1243],[6.6647,44.1279],[6.6692,44.1296],[6.6687,44.1314],[6.6699,44.1313],[6.6701,44.1327],[6.6689,44.1345],[6.6734,44.1352],[6.6754,44.137],[6.6755,44.1388],[6.6732,44.1416],[6.6739,44.1415],[6.6739,44.142],[6.6783,44.1418],[6.6783,44.1423],[6.6827,44.1421],[6.6834,44.1439],[6.6816,44.1448],[6.6797,44.144],[6.6748,44.1451],[6.6768,44.1477],[6.6756,44.1482],[6.6764,44.15],[6.6746,44.151],[6.6579,44.1534],[6.6563,44.1575],[6.6507,44.1573],[6.6497,44.1605],[6.6437,44.1648],[6.6417,44.1631],[6.6408,44.1667],[6.6426,44.1666],[6.6426,44.1657],[6.6444,44.1657],[6.6445,44.167],[6.6464,44.1669],[6.6475,44.1655],[6.657,44.1661],[6.6597,44.1687],[6.6614,44.1672],[6.6607,44.1664],[6.6675,44.1652],[6.6701,44.1664],[6.6745,44.1667],[6.6741,44.1685],[6.676,44.1698],[6.6797,44.1692],[6.6803,44.1683],[6.6799,44.1629],[6.6875,44.1644],[6.6911,44.162],[6.6885,44.1617],[6.6889,44.1576],[6.6932,44.157],[6.6947,44.1601],[6.6974,44.1554],[6.6952,44.151],[6.7,44.1477],[6.6984,44.1433],[6.7027,44.1422],[6.7026,44.1413],[6.7057,44.1412],[6.7043,44.1396],[6.7049,44.1308],[6.7061,44.1303],[6.7052,44.1268],[6.7086,44.1221],[6.7079,44.1204],[6.701,44.1202],[6.6996,44.1184],[6.702,44.117],[6.7046,44.1182],[6.7083,44.1181],[6.7125,44.1161],[6.7121,44.1112],[6.7184,44.1114],[6.7221,44.1103],[6.7226,44.1085],[6.7244,44.1084],[6.7242,44.1053],[6.7292,44.1055],[6.7297,44.1042],[6.7322,44.1041],[6.7375,44.0998],[6.7379,44.0966],[6.7403,44.0956],[6.7415,44.0794],[6.7439,44.0775],[6.7382,44.0768],[6.7346,44.0707],[6.7314,44.0699],[6.7274,44.0664],[6.727,44.0615],[6.7231,44.059],[6.7222,44.055],[6.7106,44.0595],[6.7108,44.0608],[6.712,44.0603],[6.7127,44.0612],[6.7114,44.0612],[6.7121,44.0626],[6.7109,44.0626],[6.7104,44.0649],[6.7049,44.0656],[6.7031,44.067],[6.7012,44.067],[6.7018,44.0661],[6.6993,44.0667],[6.6987,44.0658],[6.6998,44.0649],[6.699,44.0626],[6.7003,44.0626],[6.6989,44.0608],[6.7012,44.0589],[6.705,44.0588],[6.7016,44.0553],[6.6972,44.0555],[6.699,44.0536],[6.6975,44.0505],[6.7056,44.0502],[6.7081,44.051],[6.7111,44.0495],[6.7161,44.0493],[6.7207,44.0528],[6.7256,44.0512],[6.7173,44.0403],[6.7176,44.0367],[6.7151,44.0359],[6.7139,44.0364],[6.7166,44.0394],[6.7156,44.0422],[6.71,44.0433],[6.7095,44.0447],[6.7064,44.0452],[6.7026,44.044],[6.7002,44.045],[6.6994,44.0437],[6.6957,44.0443],[6.6932,44.0435],[6.6901,44.0441],[6.6866,44.0474],[6.6809,44.0458],[6.6817,44.0489],[6.6805,44.0494],[6.6808,44.0526],[6.6822,44.0548],[6.6784,44.0536],[6.6766,44.055],[6.6773,44.0558],[6.676,44.0559],[6.6782,44.0594],[6.6739,44.0605],[6.6735,44.0632],[6.6748,44.0641]],[[6.7147,44.0881],[6.7103,44.0874],[6.7147,44.0872],[6.7139,44.0854],[6.7189,44.0848],[6.7242,44.0819],[6.7255,44.0818],[6.7256,44.0836],[6.7286,44.0822],[6.7299,44.0826],[6.7287,44.0831],[6.7296,44.0862],[6.7365,44.0863],[6.7209,44.0874],[6.7224,44.0901],[6.72,44.092],[6.7102,44.0946],[6.7085,44.096],[6.6998,44.0968],[6.6996,44.0946],[6.7014,44.0932],[6.705,44.0917],[6.7094,44.0915],[6.7147,44.0881]],[[6.7352,44.0936],[6.7345,44.0936],[6.7345,44.0932],[6.7352,44.0936]],[[6.6983,44.1185],[6.6953,44.1191],[6.6892,44.1135],[6.693,44.1142],[6.6983,44.1185]],[[6.698,44.0654],[6.6948,44.0646],[6.6947,44.0633],[6.6965,44.0627],[6.6979,44.0636],[6.698,44.0654]],[[6.6933,44.0611],[6.6944,44.0592],[6.6963,44.0591],[6.6933,44.0611]],[[6.6942,44.1452],[6.691,44.1453],[6.6903,44.144],[6.6941,44.1448],[6.6942,44.1452]],[[6.6896,44.0698],[6.6915,44.0697],[6.6922,44.071],[6.6897,44.0711],[6.6896,44.0698]],[[6.6882,44.1491],[6.6865,44.1518],[6.6834,44.152],[6.6821,44.1511],[6.6844,44.1483],[6.6882,44.1491]],[[6.6872,44.1446],[6.6854,44.1447],[6.6853,44.1438],[6.6878,44.1437],[6.6872,44.1446]],[[6.6807,44.1274],[6.6811,44.1242],[6.6832,44.1273],[6.6827,44.1291],[6.6807,44.1274]],[[6.6817,44.1237],[6.6811,44.1238],[6.6811,44.1233],[6.6817,44.1237]],[[6.6523,44.1626],[6.6536,44.1626],[6.6537,44.1635],[6.6523,44.1626]]],[[[6.6949,44.188],[6.6983,44.1892],[6.7021,44.1841],[6.6994,44.1806],[6.6971,44.1829],[6.6883,44.1828],[6.6871,44.1838],[6.6881,44.1891],[6.6949,44.188]]],[[[6.7056,44.1967],[6.7011,44.1954],[6.6998,44.1936],[6.6929,44.1935],[6.6861,44.1951],[6.6817,44.1948],[6.6839,44.1988],[6.6856,44.1969],[6.6937,44.1966],[6.6982,44.1973],[6.7002,44.199],[6.7014,44.1985],[6.7015,44.1999],[6.7034,44.1998],[6.7056,44.1967]]],[[[6.7106,44.2045],[6.7081,44.2041],[6.7067,44.2024],[6.7033,44.207],[6.6985,44.2094],[6.6992,44.2112],[6.6981,44.2122],[6.7027,44.2156],[6.707,44.2149],[6.7109,44.2157],[6.7117,44.2184],[6.7105,44.2193],[6.7067,44.219],[6.7062,44.2199],[6.7037,44.22],[6.7038,44.2214],[6.6963,44.2217],[6.6937,44.2209],[6.6925,44.2218],[6.6926,44.2232],[6.6915,44.2241],[6.6933,44.2398],[6.6896,44.2409],[6.6904,44.2431],[6.6875,44.2454],[6.6877,44.2481],[6.6853,44.2496],[6.6815,44.2497],[6.6807,44.2475],[6.6743,44.2451],[6.6742,44.2433],[6.668,44.2444],[6.666,44.2436],[6.6642,44.2437],[6.6629,44.2437],[6.663,44.2451],[6.6649,44.245],[6.6664,44.2481],[6.6703,44.2497],[6.6765,44.2495],[6.6798,44.2512],[6.6847,44.2505],[6.6867,44.2513],[6.6879,44.2504],[6.6985,44.25],[6.6977,44.2486],[6.6913,44.2466],[6.6969,44.2464],[6.6979,44.2419],[6.7059,44.2407],[6.7147,44.2417],[6.7105,44.2432],[6.7106,44.245],[6.7195,44.2469],[6.7225,44.2445],[6.7154,44.2421],[6.7236,44.2427],[6.725,44.2417],[6.7217,44.2345],[6.7222,44.2324],[6.719,44.232],[6.7193,44.228],[6.7211,44.227],[6.7181,44.2202],[6.7142,44.2187],[6.7135,44.2174],[6.7139,44.2147],[6.7169,44.2128],[6.7159,44.2083],[6.7108,44.2071],[6.7106,44.2045]]],[[[6.7129,44.2507],[6.716,44.2493],[6.7146,44.2475],[6.7019,44.2462],[6.702,44.2476],[6.711,44.2504],[6.7107,44.2544],[6.7138,44.2534],[6.7129,44.2507]]],[[[6.69,44.262],[6.686,44.259],[6.6836,44.2605],[6.6815,44.2651],[6.6846,44.2654],[6.6858,44.264],[6.6895,44.2638],[6.69,44.262]]],[[[6.685,44.2703],[6.6842,44.2676],[6.6831,44.2699],[6.6845,44.2712],[6.6823,44.2758],[6.6855,44.2761],[6.6876,44.2716],[6.685,44.2703]]],[[[6.7225,44.326],[6.7155,44.3317],[6.7217,44.3314],[6.7225,44.326]]],[[[6.7266,44.3294],[6.7288,44.3339],[6.7334,44.3364],[6.7371,44.3358],[6.7399,44.3393],[6.7401,44.342],[6.7425,44.341],[6.7424,44.3392],[6.7487,44.3394],[6.7503,44.3361],[6.7483,44.3349],[6.742,44.3342],[6.7371,44.3353],[6.7363,44.3336],[6.7344,44.3336],[6.733,44.3319],[6.7305,44.3315],[6.7304,44.3306],[6.7353,44.3291],[6.7357,44.3259],[6.7351,44.3259],[6.7345,44.326],[6.7332,44.3256],[6.7326,44.326],[6.7312,44.3248],[6.7276,44.3262],[6.7266,44.3294]]],[[[6.7662,44.3472],[6.7722,44.3515],[6.7707,44.356],[6.7746,44.3572],[6.7741,44.3586],[6.776,44.3594],[6.7836,44.36],[6.7853,44.3581],[6.7839,44.3564],[6.7848,44.3519],[6.7816,44.3515],[6.7822,44.3502],[6.7803,44.3507],[6.7802,44.3484],[6.7807,44.3475],[6.7832,44.3479],[6.7825,44.3461],[6.785,44.3464],[6.7862,44.345],[6.7849,44.3447],[6.7854,44.3361],[6.7816,44.3277],[6.7773,44.3278],[6.7753,44.3261],[6.7736,44.3289],[6.7705,44.3295],[6.7691,44.3277],[6.7641,44.3279],[6.7621,44.3258],[6.759,44.3268],[6.7562,44.3237],[6.7564,44.326],[6.7551,44.3247],[6.7544,44.3247],[6.7538,44.3247],[6.7527,44.3261],[6.7477,44.3263],[6.7465,44.3273],[6.747,44.3255],[6.7457,44.3255],[6.7452,44.3269],[6.7498,44.329],[6.7468,44.3309],[6.7449,44.3305],[6.7463,44.3327],[6.7519,44.332],[6.7542,44.3301],[6.7556,44.3319],[6.7519,44.3329],[6.7522,44.3356],[6.7574,44.3305],[6.7631,44.3307],[6.7677,44.3332],[6.766,44.336],[6.7679,44.3444],[6.7662,44.3472]]],[[[6.7532,44.3567],[6.7525,44.3554],[6.7555,44.3548],[6.7554,44.3535],[6.751,44.3532],[6.749,44.352],[6.7502,44.351],[6.754,44.3509],[6.7545,44.349],[6.7506,44.3483],[6.7489,44.3502],[6.7464,44.3498],[6.7444,44.3481],[6.7425,44.3491],[6.7425,44.3563],[6.7552,44.358],[6.7551,44.3571],[6.7551,44.3567],[6.7532,44.3567]]],[[[6.8127,44.3471],[6.8127,44.3476],[6.8121,44.3476],[6.8121,44.348],[6.8147,44.3488],[6.8148,44.3502],[6.8112,44.3517],[6.8079,44.3496],[6.8048,44.3501],[6.8036,44.3515],[6.7999,44.3526],[6.7971,44.3559],[6.799,44.3571],[6.8065,44.3568],[6.8073,44.3581],[6.8078,44.3563],[6.8096,44.3563],[6.8063,44.3618],[6.8142,44.3669],[6.8139,44.3709],[6.8102,44.3715],[6.8083,44.3707],[6.8066,44.373],[6.8092,44.3738],[6.8093,44.3761],[6.8081,44.3766],[6.8093,44.3909],[6.805,44.3929],[6.8035,44.397],[6.7998,44.399],[6.8008,44.403],[6.8062,44.4082],[6.8056,44.4159],[6.8106,44.4161],[6.8124,44.4147],[6.8149,44.4146],[6.8225,44.408],[6.8298,44.405],[6.8303,44.4027],[6.8333,44.4012],[6.8373,44.3957],[6.8457,44.3917],[6.8462,44.389],[6.8479,44.3876],[6.8504,44.387],[6.8524,44.3883],[6.8533,44.3918],[6.8503,44.3933],[6.8515,44.4009],[6.8485,44.4024],[6.8487,44.4051],[6.8469,44.4056],[6.847,44.4079],[6.8366,44.411],[6.8356,44.4146],[6.8369,44.415],[6.8371,44.4168],[6.8317,44.4206],[6.8318,44.422],[6.8287,44.4217],[6.827,44.4244],[6.8245,44.4245],[6.8222,44.4269],[6.8203,44.4265],[6.8184,44.4275],[6.8096,44.4346],[6.8028,44.4367],[6.8024,44.4385],[6.7979,44.4373],[6.7912,44.4412],[6.7914,44.4435],[6.7915,44.4439],[6.7915,44.4448],[6.7924,44.4475],[6.797,44.45],[6.7965,44.4523],[6.8028,44.4525],[6.8036,44.4538],[6.8096,44.4508],[6.8123,44.453],[6.818,44.4536],[6.8146,44.4497],[6.8203,44.4504],[6.8202,44.449],[6.8233,44.4489],[6.8197,44.4437],[6.8318,44.4454],[6.833,44.4445],[6.8315,44.4409],[6.8454,44.4426],[6.8458,44.4399],[6.8439,44.4386],[6.8444,44.4372],[6.8532,44.4378],[6.8539,44.4387],[6.8558,44.4381],[6.8545,44.4305],[6.8526,44.4301],[6.8531,44.4283],[6.8588,44.429],[6.8615,44.4311],[6.8598,44.4339],[6.8624,44.4343],[6.8676,44.4295],[6.8719,44.428],[6.8723,44.4253],[6.8759,44.4224],[6.8846,44.4212],[6.8906,44.4106],[6.8908,44.4051],[6.8949,44.4023],[6.8929,44.3997],[6.8969,44.3951],[6.8947,44.3888],[6.896,44.3845],[6.8951,44.3796],[6.8971,44.3754],[6.8957,44.3712],[6.8925,44.3713],[6.8923,44.3695],[6.8871,44.3675],[6.8873,44.3616],[6.8777,44.3602],[6.8775,44.3575],[6.8731,44.3572],[6.8718,44.3559],[6.868,44.3557],[6.8663,44.3584],[6.8626,44.3586],[6.8612,44.3577],[6.8611,44.3559],[6.8635,44.3549],[6.8661,44.3557],[6.8673,44.3552],[6.8647,44.3535],[6.8678,44.3534],[6.8683,44.3516],[6.8625,44.35],[6.8629,44.3473],[6.8603,44.3456],[6.8584,44.3457],[6.8589,44.3443],[6.8545,44.3438],[6.8516,44.346],[6.8489,44.3458],[6.8472,44.3475],[6.8377,44.3461],[6.8357,44.3444],[6.8319,44.3436],[6.8335,44.3412],[6.8267,44.3357],[6.8223,44.3341],[6.818,44.3347],[6.8166,44.333],[6.8125,44.3326],[6.8084,44.33],[6.8061,44.3256],[6.8073,44.3214],[6.805,44.3213],[6.8051,44.3231],[6.802,44.3228],[6.8018,44.3205],[6.803,44.3201],[6.7991,44.3186],[6.7953,44.3142],[6.7946,44.3073],[6.7964,44.2985],[6.7902,44.2948],[6.7864,44.2897],[6.7884,44.2854],[6.7883,44.2764],[6.7899,44.2746],[6.7901,44.2733],[6.785,44.2748],[6.787,44.2757],[6.7795,44.276],[6.7765,44.2788],[6.7671,44.2783],[6.763,44.2796],[6.7581,44.2744],[6.7587,44.2711],[6.7577,44.2703],[6.7578,44.271],[6.754,44.2716],[6.7536,44.2743],[6.7581,44.2759],[6.7571,44.2782],[6.7545,44.2779],[6.7574,44.2823],[6.757,44.2854],[6.7616,44.2884],[6.7618,44.2906],[6.7607,44.292],[6.7582,44.2921],[6.7573,44.2967],[6.7537,44.2991],[6.7557,44.3008],[6.754,44.3036],[6.7628,44.3028],[6.7628,44.3037],[6.7679,44.3039],[6.7663,44.3076],[6.7665,44.3103],[6.7678,44.3107],[6.7674,44.3134],[6.7649,44.3139],[6.7651,44.3171],[6.7677,44.3183],[6.7859,44.318],[6.788,44.3202],[6.7875,44.3225],[6.7894,44.3224],[6.7895,44.3233],[6.7878,44.3265],[6.786,44.3266],[6.7862,44.3297],[6.7958,44.3316],[6.7991,44.3346],[6.8081,44.3369],[6.8102,44.34],[6.8028,44.3417],[6.803,44.3435],[6.8049,44.3443],[6.806,44.342],[6.813,44.3431],[6.8139,44.3471],[6.8127,44.3471]],[[6.8542,44.4265],[6.854,44.4247],[6.8553,44.4246],[6.8554,44.4264],[6.8542,44.4265]]],[[[6.7547,44.3603],[6.744,44.3598],[6.7443,44.3639],[6.7457,44.3647],[6.7494,44.3641],[6.7514,44.3663],[6.7553,44.3679],[6.7572,44.3674],[6.7571,44.3665],[6.7552,44.3666],[6.7557,44.3647],[6.7525,44.3644],[6.7561,44.3625],[6.7547,44.3603]]],[[[6.7777,44.3723],[6.7806,44.37],[6.7809,44.3655],[6.7741,44.3676],[6.7751,44.3721],[6.7764,44.372],[6.774,44.3744],[6.7754,44.3757],[6.7773,44.3756],[6.7777,44.3723]]],[[[6.7552,44.3738],[6.7564,44.3742],[6.7575,44.3719],[6.7511,44.3699],[6.7491,44.3682],[6.7484,44.3682],[6.7473,44.3691],[6.7493,44.3713],[6.7537,44.3711],[6.7538,44.3729],[6.7557,44.3729],[6.7552,44.3738]]],[[[6.8058,44.4181],[6.7996,44.4193],[6.7976,44.418],[6.794,44.4199],[6.7941,44.4213],[6.8053,44.4199],[6.8058,44.4181]]],[[[6.7742,44.4324],[6.7756,44.4337],[6.7807,44.4349],[6.7812,44.434],[6.7792,44.4318],[6.776,44.431],[6.7742,44.4324]]],[[[6.7853,44.4536],[6.7884,44.4535],[6.7889,44.4512],[6.7902,44.4512],[6.7893,44.4489],[6.7861,44.4477],[6.7858,44.4441],[6.7839,44.4438],[6.7798,44.4471],[6.7806,44.4502],[6.7819,44.4502],[6.7827,44.4528],[6.784,44.4528],[6.7829,44.4551],[6.7853,44.4536]]],[[[6.8773,44.4846],[6.8758,44.4823],[6.8851,44.4756],[6.8838,44.4739],[6.8863,44.4738],[6.887,44.4746],[6.8917,44.4719],[6.902,44.4702],[6.9064,44.4676],[6.9078,44.4606],[6.9121,44.4537],[6.9117,44.4516],[6.9204,44.4459],[6.9252,44.445],[6.9321,44.4422],[6.9335,44.4403],[6.9368,44.4399],[6.9396,44.4338],[6.9442,44.4326],[6.9482,44.4298],[6.9465,44.4271],[6.9337,44.43],[6.9324,44.4281],[6.933,44.4251],[6.9311,44.424],[6.9271,44.4241],[6.925,44.4225],[6.9224,44.4233],[6.9182,44.4275],[6.9158,44.4267],[6.9159,44.4284],[6.9135,44.4299],[6.9119,44.4331],[6.9063,44.4333],[6.9029,44.4308],[6.9026,44.4263],[6.895,44.4257],[6.8895,44.4273],[6.8891,44.4309],[6.8931,44.4339],[6.8942,44.4388],[6.8921,44.4447],[6.8947,44.4455],[6.8948,44.4473],[6.8917,44.4474],[6.8916,44.4465],[6.8879,44.4467],[6.8827,44.4447],[6.8802,44.4448],[6.8784,44.4466],[6.8802,44.4524],[6.8784,44.4534],[6.8786,44.457],[6.8769,44.4584],[6.8731,44.4586],[6.8721,44.4618],[6.8677,44.4615],[6.8651,44.4603],[6.8633,44.4621],[6.8583,44.4623],[6.863,44.4653],[6.8654,44.4643],[6.868,44.4655],[6.8705,44.465],[6.8694,44.4673],[6.8609,44.4708],[6.86,44.4749],[6.8601,44.4771],[6.862,44.477],[6.8622,44.4797],[6.8604,44.4807],[6.8608,44.4852],[6.8639,44.4846],[6.8678,44.4863],[6.8679,44.4881],[6.8698,44.488],[6.8695,44.4922],[6.8709,44.4908],[6.8744,44.4898],[6.873,44.4888],[6.8741,44.4869],[6.8761,44.4877],[6.8756,44.4894],[6.8768,44.4887],[6.8773,44.4846]],[[6.8761,44.4715],[6.8759,44.4697],[6.8783,44.4678],[6.8839,44.4671],[6.8852,44.468],[6.8847,44.4698],[6.878,44.4719],[6.8761,44.4715]]],[[[6.7225,44.4949],[6.7218,44.4936],[6.7136,44.493],[6.7116,44.4917],[6.708,44.4946],[6.7099,44.494],[6.7088,44.4963],[6.7189,44.4968],[6.7194,44.4955],[6.7225,44.4949]]],[[[6.7865,44.5085],[6.7867,44.5103],[6.7881,44.5121],[6.7899,44.512],[6.7929,44.5096],[6.7927,44.5069],[6.7977,44.5072],[6.8021,44.5061],[6.7986,44.5017],[6.7949,44.5037],[6.7916,44.5016],[6.7834,44.501],[6.7829,44.5028],[6.7799,44.5038],[6.7794,44.5061],[6.777,44.5075],[6.7771,44.5093],[6.7809,44.5096],[6.7876,44.5062],[6.7884,44.508],[6.7865,44.5085]]],[[[6.6842,44.5041],[6.6817,44.5042],[6.6782,44.4989],[6.6751,44.4999],[6.6725,44.4996],[6.6726,44.5005],[6.6751,44.5004],[6.6727,44.5014],[6.6729,44.5045],[6.6759,44.5102],[6.6748,44.5121],[6.6761,44.5125],[6.6763,44.5161],[6.6813,44.5154],[6.6796,44.5101],[6.6809,44.5096],[6.6859,44.5094],[6.6892,44.5111],[6.685,44.5058],[6.6868,44.5049],[6.6848,44.504],[6.6842,44.5041]]],[[[6.7083,44.5063],[6.7086,44.5098],[6.7187,44.5108],[6.7101,44.5053],[6.7069,44.505],[6.7083,44.5063]]],[[[6.7807,44.5146],[6.7826,44.5141],[6.7823,44.5109],[6.7804,44.5106],[6.778,44.512],[6.7781,44.5138],[6.7763,44.5152],[6.7771,44.5166],[6.7796,44.5169],[6.7807,44.5146]]],[[[6.6993,44.5201],[6.705,44.5208],[6.7055,44.519],[6.7043,44.519],[6.7022,44.5164],[6.7003,44.516],[6.6987,44.512],[6.6967,44.5112],[6.6951,44.514],[6.6959,44.5171],[6.6992,44.5188],[6.6993,44.5201]]],[[[6.688,44.5206],[6.6827,44.5167],[6.6789,44.5173],[6.6806,44.5218],[6.6831,44.5226],[6.688,44.5206]]],[[[6.7171,44.5217],[6.7121,44.5223],[6.71,44.5206],[6.7077,44.5234],[6.7079,44.5256],[6.7116,44.5246],[6.7118,44.5264],[6.7143,44.5263],[6.7155,44.5258],[6.7159,44.5231],[6.727,44.5195],[6.7225,44.5187],[6.7218,44.5174],[6.7229,44.5165],[6.721,44.5161],[6.7212,44.5183],[6.7171,44.5217]]],[[[6.7817,44.5948],[6.7857,44.5945],[6.7907,44.5926],[6.7916,44.588],[6.7987,44.5832],[6.7956,44.5834],[6.7885,44.5809],[6.7854,44.5815],[6.7846,44.5802],[6.7857,44.5779],[6.7872,44.5801],[6.7903,44.58],[6.792,44.5772],[6.7968,44.5743],[6.799,44.5702],[6.7949,44.5667],[6.7892,44.5661],[6.7872,44.5648],[6.7877,44.563],[6.7792,44.5588],[6.7791,44.5575],[6.7809,44.5569],[6.7842,44.559],[6.7881,44.5598],[6.7915,44.5561],[6.7965,44.5549],[6.8005,44.5575],[6.8028,44.5556],[6.8026,44.5529],[6.7985,44.549],[6.798,44.5499],[6.7961,44.5496],[6.7933,44.5465],[6.7921,44.547],[6.7936,44.5501],[6.7923,44.5502],[6.7888,44.5458],[6.7838,44.5456],[6.7802,44.548],[6.7804,44.5506],[6.7798,44.5507],[6.7793,44.552],[6.7786,44.5521],[6.7794,44.5543],[6.7763,44.5549],[6.775,44.554],[6.7773,44.5517],[6.7748,44.5509],[6.7733,44.5487],[6.7787,44.5444],[6.7799,44.5448],[6.7798,44.543],[6.7828,44.5415],[6.7826,44.5388],[6.7813,44.538],[6.78,44.538],[6.7802,44.5398],[6.7784,44.5413],[6.7735,44.5424],[6.7677,44.5417],[6.7672,44.5431],[6.7641,44.5436],[6.7594,44.5479],[6.7563,44.5485],[6.7561,44.5462],[6.7579,44.5452],[6.7568,44.5385],[6.7599,44.538],[6.7613,44.5397],[6.7632,44.5396],[6.7618,44.5388],[6.7622,44.5356],[6.7634,44.5351],[6.7626,44.5329],[6.7582,44.5322],[6.7572,44.5363],[6.7523,44.5383],[6.7492,44.5384],[6.7475,44.5412],[6.7445,44.5426],[6.7448,44.5458],[6.7486,44.5465],[6.75,44.5487],[6.7476,44.5502],[6.7444,44.5498],[6.7442,44.5472],[6.7429,44.5467],[6.743,44.5476],[6.738,44.5474],[6.7375,44.5497],[6.7432,44.5499],[6.7438,44.5571],[6.749,44.56],[6.7508,44.5667],[6.7534,44.5675],[6.7537,44.5708],[6.7556,44.5715],[6.7579,44.5682],[6.7622,44.5671],[6.7627,44.5653],[6.7652,44.5657],[6.7677,44.5647],[6.769,44.566],[6.7741,44.5671],[6.7719,44.5704],[6.7722,44.5744],[6.7769,44.5783],[6.7725,44.5784],[6.7722,44.5821],[6.7692,44.5844],[6.7694,44.5871],[6.7676,44.5879],[6.7768,44.5901],[6.7817,44.5948]],[[6.7849,44.5518],[6.7825,44.5533],[6.78,44.5529],[6.7798,44.5507],[6.7804,44.5506],[6.781,44.5502],[6.782,44.5474],[6.7853,44.5491],[6.7849,44.5518]],[[6.777,44.5787],[6.7763,44.5787],[6.7769,44.5783],[6.777,44.5787]],[[6.7544,44.5558],[6.7513,44.5572],[6.7486,44.5551],[6.7523,44.5531],[6.7544,44.5558]]],[[[6.9315,44.6503],[6.9506,44.6496],[6.9538,44.6435],[6.9528,44.6381],[6.9541,44.6359],[6.9594,44.6314],[6.9623,44.6264],[6.9662,44.6253],[6.9692,44.6259],[6.9674,44.6227],[6.9684,44.62],[6.9642,44.6188],[6.9589,44.6213],[6.9505,44.6198],[6.949,44.6243],[6.9452,44.6249],[6.9426,44.6237],[6.9424,44.6205],[6.9388,44.6162],[6.9437,44.6142],[6.9499,44.6143],[6.9504,44.6103],[6.9463,44.6063],[6.938,44.6038],[6.9366,44.6013],[6.9383,44.5993],[6.9337,44.5969],[6.9327,44.5928],[6.9334,44.5871],[6.9347,44.5861],[6.9311,44.5813],[6.9331,44.5795],[6.9329,44.5731],[6.9202,44.5694],[6.9128,44.5691],[6.9132,44.5655],[6.9166,44.5616],[6.9158,44.5591],[6.9065,44.5574],[6.902,44.5538],[6.8989,44.5555],[6.8947,44.5555],[6.8922,44.5548],[6.8904,44.5523],[6.8843,44.5519],[6.8787,44.5544],[6.8759,44.5508],[6.877,44.5467],[6.8722,44.5458],[6.8699,44.5371],[6.8587,44.5347],[6.8555,44.532],[6.8552,44.5293],[6.8535,44.5279],[6.8577,44.5216],[6.8562,44.5167],[6.8595,44.5098],[6.8581,44.5069],[6.8608,44.5046],[6.8616,44.5003],[6.8643,44.4988],[6.8654,44.4952],[6.8672,44.494],[6.8653,44.494],[6.8648,44.4954],[6.8616,44.4955],[6.8583,44.4934],[6.8582,44.4921],[6.8505,44.4897],[6.85,44.4834],[6.8518,44.4829],[6.852,44.477],[6.8482,44.4767],[6.8445,44.4778],[6.8431,44.4846],[6.8406,44.4847],[6.8408,44.4865],[6.8357,44.4858],[6.8362,44.484],[6.8329,44.4828],[6.8305,44.4838],[6.8307,44.486],[6.832,44.4868],[6.8332,44.4863],[6.8334,44.489],[6.8312,44.4923],[6.8314,44.495],[6.8289,44.496],[6.8292,44.4987],[6.8242,44.4998],[6.8238,44.502],[6.8206,44.5022],[6.8165,44.5059],[6.812,44.5048],[6.8067,44.5086],[6.8042,44.5087],[6.8037,44.5105],[6.7986,44.5107],[6.7976,44.513],[6.7951,44.5136],[6.7941,44.5168],[6.7922,44.5168],[6.7922,44.5173],[6.7916,44.5173],[6.791,44.5173],[6.7863,44.522],[6.7909,44.5236],[6.7909,44.5245],[6.7878,44.5251],[6.7886,44.5269],[6.7972,44.5247],[6.8031,44.5277],[6.8194,44.5265],[6.8258,44.5276],[6.8333,44.5264],[6.8347,44.5291],[6.8336,44.5309],[6.8357,44.5331],[6.8332,44.5341],[6.8307,44.5333],[6.8291,44.537],[6.8261,44.5389],[6.8263,44.5411],[6.8231,44.5413],[6.8225,44.5413],[6.82,44.5418],[6.8172,44.5455],[6.8173,44.5473],[6.8143,44.5493],[6.8144,44.5502],[6.8176,44.5505],[6.8222,44.5539],[6.8241,44.5534],[6.8248,44.5547],[6.8306,44.5567],[6.8296,44.5599],[6.826,44.5619],[6.8281,44.564],[6.8269,44.5654],[6.8277,44.5667],[6.8302,44.5671],[6.8351,44.5655],[6.8373,44.569],[6.8423,44.5688],[6.8435,44.5679],[6.8453,44.5741],[6.8503,44.5735],[6.852,44.5797],[6.8555,44.5836],[6.8579,44.5826],[6.8607,44.578],[6.865,44.5769],[6.868,44.5741],[6.8705,44.574],[6.8716,44.5717],[6.8765,44.571],[6.8773,44.5724],[6.8737,44.5748],[6.8803,44.5781],[6.8772,44.5791],[6.8767,44.5814],[6.8812,44.5817],[6.8829,44.5802],[6.8823,44.5798],[6.8828,44.5784],[6.8904,44.579],[6.8894,44.5818],[6.8914,44.5835],[6.8917,44.5866],[6.8863,44.5909],[6.8866,44.5936],[6.8853,44.5932],[6.8857,44.599],[6.8827,44.601],[6.8843,44.6045],[6.893,44.6032],[6.8954,44.6013],[6.8992,44.6016],[6.8985,44.6003],[6.8902,44.6002],[6.8881,44.5971],[6.8949,44.5959],[6.9009,44.5916],[6.9078,44.5918],[6.9107,44.5957],[6.9046,44.5978],[6.9035,44.6001],[6.9042,44.6014],[6.9074,44.6017],[6.9101,44.6039],[6.9132,44.6033],[6.9145,44.6041],[6.9134,44.606],[6.915,44.6095],[6.9132,44.611],[6.9145,44.6118],[6.9202,44.6116],[6.9207,44.6106],[6.9289,44.6107],[6.9363,44.6154],[6.9347,44.6195],[6.9386,44.6207],[6.9388,44.6234],[6.9391,44.627],[6.9373,44.628],[6.9354,44.628],[6.9339,44.625],[6.9309,44.6269],[6.9245,44.6262],[6.9199,44.6233],[6.9198,44.6219],[6.9216,44.621],[6.9208,44.6192],[6.9184,44.6211],[6.9134,44.6209],[6.9068,44.618],[6.906,44.6158],[6.9027,44.6141],[6.8976,44.613],[6.8917,44.61],[6.8892,44.6106],[6.8888,44.6133],[6.8876,44.6138],[6.8883,44.6156],[6.8848,44.6189],[6.8856,44.6207],[6.8844,44.6212],[6.8845,44.623],[6.8833,44.623],[6.8807,44.6222],[6.8779,44.6187],[6.8784,44.6101],[6.8733,44.6086],[6.8751,44.608],[6.8771,44.6093],[6.8776,44.6075],[6.8737,44.6058],[6.8693,44.6069],[6.868,44.6056],[6.8648,44.6057],[6.8625,44.6085],[6.8577,44.6105],[6.8584,44.6114],[6.8554,44.6138],[6.8576,44.6178],[6.8558,44.6187],[6.8559,44.6201],[6.8599,44.6226],[6.8584,44.6294],[6.8684,44.6278],[6.8809,44.63],[6.8826,44.6304],[6.8858,44.6352],[6.89,44.6358],[6.8931,44.6415],[6.9027,44.6443],[6.9052,44.6522],[6.9161,44.655],[6.9203,44.658],[6.9229,44.6557],[6.9275,44.6545],[6.9315,44.6503]],[[6.8462,44.5308],[6.8455,44.5295],[6.8466,44.5281],[6.8509,44.5262],[6.8523,44.5283],[6.8518,44.5302],[6.8551,44.5318],[6.8533,44.5324],[6.8462,44.5308]]],[[[6.8321,44.5747],[6.831,44.577],[6.8366,44.5754],[6.8382,44.5726],[6.8363,44.5722],[6.8359,44.5745],[6.8345,44.5737],[6.8339,44.5737],[6.8308,44.5738],[6.8321,44.5747]]],[[[6.8005,44.5733],[6.7994,44.5751],[6.8007,44.5764],[6.8047,44.5785],[6.8059,44.578],[6.8056,44.5744],[6.8005,44.5733]]],[[[6.8003,44.6034],[6.8057,44.6032],[6.8077,44.6014],[6.811,44.6021],[6.8108,44.6003],[6.8126,44.5993],[6.8119,44.5976],[6.8143,44.597],[6.8159,44.5924],[6.8209,44.5922],[6.8208,44.5909],[6.8151,44.5911],[6.8138,44.5903],[6.803,44.5894],[6.7981,44.5914],[6.797,44.5932],[6.7985,44.5963],[6.7967,44.5968],[6.7969,44.6],[6.8002,44.6016],[6.8003,44.6034]]],[[[6.8283,44.6059],[6.8302,44.6058],[6.8322,44.6075],[6.8379,44.6073],[6.8366,44.6069],[6.8357,44.6042],[6.8326,44.6048],[6.8337,44.6025],[6.83,44.6031],[6.8298,44.6018],[6.8292,44.6018],[6.8286,44.6018],[6.8291,44.6],[6.8254,44.6011],[6.8232,44.6052],[6.8235,44.6087],[6.8283,44.6059]]]]}},{"type":"Feature","properties":{"d":"05","km2":875.2,"n":189},"geometry":{"type":"MultiPolygon","coordinates":[[[[5.7143,44.2124],[5.713,44.2119],[5.7118,44.2129],[5.7132,44.2151],[5.7114,44.2165],[5.7109,44.2197],[5.7072,44.2207],[5.7087,44.2247],[5.7136,44.2227],[5.7153,44.2186],[5.7178,44.2185],[5.7184,44.2194],[5.7228,44.2184],[5.7241,44.2202],[5.7285,44.22],[5.7316,44.219],[5.7345,44.2162],[5.7389,44.217],[5.7439,44.2159],[5.7488,44.214],[5.7505,44.2117],[5.7479,44.21],[5.7436,44.2105],[5.7421,44.2074],[5.7415,44.207],[5.7408,44.207],[5.7402,44.2071],[5.7385,44.2103],[5.725,44.2147],[5.7251,44.2161],[5.7226,44.2161],[5.7213,44.2148],[5.7139,44.216],[5.7137,44.2142],[5.7167,44.2118],[5.7161,44.2118],[5.7155,44.2119],[5.7155,44.2123],[5.7143,44.2124]],[[5.7164,44.2163],[5.7164,44.2168],[5.7158,44.2168],[5.7164,44.2163]]],[[[5.6926,44.2171],[5.6884,44.2195],[5.6929,44.2207],[5.697,44.2174],[5.6964,44.2174],[5.6958,44.2174],[5.6952,44.2179],[5.6926,44.2171]]],[[[5.7826,44.2143],[5.7771,44.2162],[5.7764,44.2149],[5.7739,44.215],[5.7743,44.2118],[5.7692,44.2102],[5.7654,44.2103],[5.7654,44.2094],[5.7636,44.2113],[5.7592,44.2114],[5.7593,44.2128],[5.7632,44.2149],[5.7727,44.2173],[5.7696,44.2174],[5.7672,44.2193],[5.7694,44.2241],[5.7669,44.2238],[5.7651,44.2252],[5.7644,44.2238],[5.7625,44.2239],[5.7583,44.2263],[5.759,44.2274],[5.7634,44.2279],[5.7652,44.227],[5.7708,44.2268],[5.7722,44.2286],[5.7713,44.2236],[5.7731,44.2236],[5.7769,44.2239],[5.7771,44.227],[5.7833,44.2264],[5.7847,44.2282],[5.7913,44.2243],[5.7868,44.2222],[5.7886,44.2204],[5.7878,44.2186],[5.7882,44.215],[5.7858,44.2155],[5.7826,44.2143]]],[[[5.7517,44.2319],[5.7476,44.2253],[5.7466,44.2294],[5.7479,44.2311],[5.7517,44.2319]]],[[[5.7602,44.2283],[5.7583,44.2272],[5.7584,44.229],[5.7553,44.2286],[5.7535,44.2305],[5.7536,44.2318],[5.7561,44.2322],[5.7573,44.2313],[5.7587,44.2326],[5.7592,44.2317],[5.7649,44.2319],[5.7598,44.2303],[5.7591,44.229],[5.7602,44.2283]]],[[[5.7053,44.2725],[5.7054,44.2729],[5.7022,44.273],[5.6952,44.271],[5.6973,44.2736],[5.7029,44.2744],[5.7073,44.2733],[5.7072,44.2724],[5.7066,44.2724],[5.7053,44.2725]]],[[[5.7192,44.2941],[5.7178,44.2919],[5.7102,44.2917],[5.7116,44.2934],[5.7192,44.2941]]],[[[5.5757,44.338],[5.5807,44.3379],[5.5786,44.3348],[5.5747,44.3358],[5.5757,44.338]]],[[[5.5645,44.3388],[5.5625,44.3384],[5.5614,44.3398],[5.5672,44.3428],[5.5703,44.3432],[5.5741,44.3368],[5.5734,44.3368],[5.5731,44.3368],[5.5712,44.3368],[5.5706,44.3368],[5.5645,44.3388]]],[[[5.6833,44.3551],[5.6824,44.3609],[5.6836,44.3609],[5.6865,44.3568],[5.6851,44.3546],[5.6833,44.3551]]],[[[5.6663,44.3655],[5.6702,44.3676],[5.6734,44.3675],[5.6745,44.3652],[5.6695,44.3654],[5.6705,44.3622],[5.6679,44.3605],[5.6658,44.3565],[5.6658,44.3556],[5.6677,44.3564],[5.6726,44.3549],[5.6695,44.355],[5.6675,44.3524],[5.6651,44.3552],[5.6626,44.3552],[5.6633,44.357],[5.6621,44.358],[5.6634,44.3579],[5.6641,44.3597],[5.6673,44.3596],[5.6663,44.3655]]],[[[5.813,44.383],[5.816,44.3824],[5.8171,44.3783],[5.8183,44.3779],[5.8163,44.3761],[5.8114,44.3781],[5.8071,44.3789],[5.809,44.3806],[5.8048,44.3823],[5.8044,44.3868],[5.8008,44.3888],[5.8015,44.391],[5.8052,44.3886],[5.8059,44.3904],[5.8115,44.3902],[5.8115,44.3893],[5.807,44.3881],[5.8069,44.3863],[5.813,44.383]]],[[[5.7945,44.3913],[5.7903,44.3946],[5.7908,44.3931],[5.789,44.3914],[5.794,44.3903],[5.7919,44.3877],[5.7875,44.3869],[5.7862,44.387],[5.7852,44.3902],[5.7782,44.3895],[5.7764,44.3909],[5.7849,44.3965],[5.7852,44.4001],[5.7879,44.3987],[5.7903,44.3951],[5.7922,44.395],[5.7892,44.3978],[5.7893,44.4],[5.7917,44.3995],[5.7912,44.4009],[5.7887,44.4014],[5.7863,44.4036],[5.7876,44.4045],[5.8023,44.404],[5.7991,44.4019],[5.7953,44.4024],[5.7952,44.4006],[5.7987,44.4005],[5.797,44.3916],[5.7945,44.3913]],[[5.79,44.3888],[5.7894,44.3897],[5.7888,44.3897],[5.7887,44.3888],[5.79,44.3888]],[[5.788,44.3879],[5.7875,44.3888],[5.7868,44.3888],[5.7868,44.3879],[5.788,44.3879]]],[[[5.8471,44.3967],[5.8533,44.3952],[5.8513,44.3939],[5.8513,44.393],[5.8538,44.3929],[5.8523,44.3899],[5.8505,44.3903],[5.8487,44.3931],[5.8456,44.3932],[5.8457,44.3941],[5.8355,44.3922],[5.8312,44.3932],[5.833,44.3958],[5.8357,44.3958],[5.8388,44.3974],[5.8383,44.4001],[5.8358,44.4002],[5.8363,44.3979],[5.8296,44.3973],[5.83,44.399],[5.8288,44.3995],[5.8283,44.4022],[5.827,44.4018],[5.8269,44.3995],[5.8254,44.401],[5.8197,44.3999],[5.8166,44.4004],[5.8136,44.4032],[5.8356,44.403],[5.8276,44.4068],[5.8297,44.409],[5.8496,44.407],[5.8533,44.4055],[5.8575,44.4023],[5.8555,44.401],[5.8511,44.4011],[5.8497,44.3985],[5.8472,44.3976],[5.8471,44.3967]],[[5.8457,44.3972],[5.845,44.3973],[5.8456,44.3968],[5.8457,44.3972]],[[5.8463,44.3977],[5.8457,44.3977],[5.8457,44.3972],[5.8463,44.3977]],[[5.8361,44.3943],[5.8367,44.3943],[5.8361,44.3948],[5.8361,44.3943]]],[[[5.4553,44.418],[5.4503,44.4168],[5.4513,44.4135],[5.4486,44.4108],[5.4443,44.4116],[5.443,44.4103],[5.4421,44.4171],[5.4442,44.4202],[5.4473,44.421],[5.4522,44.4181],[5.4562,44.4221],[5.4606,44.4219],[5.4624,44.4201],[5.4566,44.4176],[5.4586,44.4202],[5.4574,44.4207],[5.4553,44.418]]],[[[5.7517,44.4276],[5.753,44.429],[5.7555,44.4284],[5.7587,44.4292],[5.7585,44.427],[5.7552,44.4244],[5.7509,44.4254],[5.7522,44.4262],[5.7517,44.4276]]],[[[5.5031,44.4302],[5.4957,44.4322],[5.4983,44.4374],[5.4954,44.4388],[5.4955,44.4398],[5.4905,44.4404],[5.495,44.4421],[5.5,44.4415],[5.5004,44.4383],[5.5023,44.4378],[5.5022,44.4365],[5.5091,44.4358],[5.5131,44.4294],[5.5094,44.43],[5.5101,44.4322],[5.5075,44.4305],[5.5063,44.431],[5.5044,44.431],[5.5038,44.431],[5.5031,44.4302]]],[[[5.8517,44.4506],[5.8448,44.4508],[5.8456,44.453],[5.8437,44.4531],[5.8432,44.4545],[5.8413,44.455],[5.8433,44.4572],[5.8446,44.4567],[5.8485,44.4593],[5.8516,44.4592],[5.849,44.4574],[5.8534,44.4568],[5.8551,44.4541],[5.8614,44.4548],[5.8657,44.4529],[5.8659,44.4564],[5.8687,44.4547],[5.8737,44.4546],[5.8775,44.4514],[5.8742,44.4481],[5.8779,44.4471],[5.8778,44.4453],[5.8803,44.4456],[5.8815,44.4447],[5.8812,44.4406],[5.8825,44.4411],[5.8837,44.4401],[5.8847,44.4363],[5.8854,44.4374],[5.8872,44.4367],[5.8872,44.4351],[5.8831,44.4307],[5.8836,44.4275],[5.8848,44.4266],[5.8892,44.4269],[5.8895,44.4318],[5.8912,44.428],[5.893,44.4272],[5.892,44.4214],[5.8902,44.4228],[5.8883,44.4229],[5.8876,44.4218],[5.8853,44.4228],[5.8855,44.418],[5.8836,44.4181],[5.8844,44.4207],[5.8827,44.4235],[5.8852,44.4239],[5.8853,44.4257],[5.8828,44.4257],[5.8827,44.4244],[5.8764,44.4242],[5.8759,44.4255],[5.8746,44.4251],[5.8742,44.4283],[5.8712,44.4315],[5.8593,44.4315],[5.8586,44.4306],[5.8548,44.4302],[5.855,44.433],[5.8556,44.433],[5.8557,44.4343],[5.8602,44.4364],[5.8594,44.4427],[5.8557,44.4442],[5.8541,44.4487],[5.8517,44.4506]],[[5.8677,44.4471],[5.8702,44.447],[5.8702,44.4479],[5.8677,44.4471]],[[5.8651,44.4472],[5.8651,44.4463],[5.8657,44.4463],[5.8651,44.4472]],[[5.855,44.4321],[5.8549,44.4312],[5.8568,44.4312],[5.855,44.4321]]],[[[5.588,44.4425],[5.5911,44.4415],[5.5904,44.4402],[5.5922,44.4402],[5.5922,44.4397],[5.5922,44.4393],[5.5896,44.4384],[5.5859,44.439],[5.5853,44.4399],[5.5879,44.4412],[5.588,44.4425]]],[[[5.8331,44.4444],[5.8293,44.4441],[5.8274,44.4428],[5.8244,44.4452],[5.8245,44.4474],[5.822,44.4479],[5.8234,44.4506],[5.8316,44.4507],[5.832,44.4498],[5.8359,44.4493],[5.8358,44.4466],[5.8331,44.4444]]],[[[5.6208,44.4456],[5.623,44.45],[5.6218,44.4519],[5.6243,44.4518],[5.626,44.4477],[5.6234,44.4464],[5.624,44.4455],[5.6208,44.4456]]],[[[5.6069,44.4429],[5.6074,44.442],[5.5966,44.4399],[5.5925,44.4442],[5.5881,44.4448],[5.5901,44.4465],[5.589,44.4488],[5.5941,44.4505],[5.591,44.4519],[5.5936,44.4532],[5.5937,44.4545],[5.5882,44.4565],[5.5874,44.4543],[5.5892,44.4528],[5.5848,44.4521],[5.5843,44.4548],[5.5805,44.4536],[5.5792,44.454],[5.5793,44.4558],[5.5838,44.4571],[5.5875,44.4565],[5.5882,44.4574],[5.5938,44.4563],[5.595,44.4557],[5.5933,44.4548],[5.5943,44.4543],[5.5943,44.4531],[5.5961,44.4522],[5.5954,44.4504],[5.5979,44.4503],[5.6011,44.4525],[5.6012,44.4538],[5.6056,44.4537],[5.6058,44.4573],[5.6091,44.4599],[5.6147,44.4593],[5.616,44.4602],[5.6222,44.4586],[5.6215,44.4573],[5.6184,44.4574],[5.6183,44.4565],[5.6114,44.4567],[5.6119,44.4544],[5.6106,44.4536],[5.6125,44.4531],[5.6136,44.4503],[5.6163,44.4493],[5.6116,44.449],[5.6049,44.4519],[5.6008,44.4471],[5.6033,44.447],[5.607,44.4447],[5.6088,44.4446],[5.6069,44.4429]],[[5.6101,44.4522],[5.6095,44.4522],[5.6101,44.4517],[5.6101,44.4522]]],[[[5.5474,44.4694],[5.5501,44.4716],[5.5476,44.4725],[5.5501,44.4729],[5.5514,44.4724],[5.5506,44.4706],[5.5537,44.4687],[5.5499,44.468],[5.5474,44.4694]]],[[[5.5447,44.4767],[5.5465,44.4748],[5.5463,44.4721],[5.5413,44.4723],[5.5401,44.4736],[5.54,44.4714],[5.5388,44.4714],[5.5383,44.4737],[5.537,44.4737],[5.5403,44.4768],[5.5415,44.4754],[5.5408,44.4741],[5.542,44.474],[5.544,44.4749],[5.5428,44.4767],[5.5447,44.4767]]],[[[5.4758,44.4922],[5.4746,44.4935],[5.4683,44.4933],[5.4678,44.4946],[5.4665,44.4951],[5.4666,44.4956],[5.4678,44.4955],[5.4679,44.4973],[5.4709,44.5002],[5.4739,44.4983],[5.4743,44.494],[5.4765,44.4935],[5.4758,44.4922]]],[[[5.7654,44.5492],[5.7645,44.5551],[5.7712,44.5517],[5.7755,44.5511],[5.7762,44.552],[5.7792,44.5497],[5.7784,44.5465],[5.7759,44.5471],[5.7749,44.5503],[5.7724,44.5508],[5.7654,44.5492]]],[[[5.8371,44.5685],[5.8352,44.5686],[5.8338,44.5664],[5.8373,44.5631],[5.8354,44.5623],[5.8346,44.5601],[5.8303,44.5611],[5.8336,44.5628],[5.8285,44.5625],[5.8267,44.5639],[5.8287,44.5661],[5.8325,44.5664],[5.8321,44.5692],[5.8359,44.5699],[5.8361,44.5726],[5.8329,44.5732],[5.8349,44.5745],[5.8348,44.5736],[5.8373,44.573],[5.8371,44.5685]]],[[[5.8114,44.5712],[5.813,44.5666],[5.8092,44.5658],[5.805,44.5696],[5.8094,44.5699],[5.8114,44.5712]]],[[[5.8255,44.5748],[5.8262,44.5761],[5.8281,44.576],[5.8275,44.577],[5.8338,44.5772],[5.8311,44.5737],[5.8255,44.5748]]],[[[5.8627,44.5754],[5.8608,44.5759],[5.8607,44.5741],[5.8594,44.5741],[5.8595,44.5746],[5.857,44.5747],[5.8564,44.5751],[5.8547,44.5792],[5.8534,44.5788],[5.8529,44.5797],[5.8537,44.5824],[5.8549,44.5815],[5.86,44.5822],[5.8573,44.5805],[5.8565,44.5774],[5.8583,44.5764],[5.8628,44.5767],[5.8627,44.5754]]],[[[5.7549,44.6355],[5.7441,44.6448],[5.7454,44.6461],[5.7492,44.6456],[5.7505,44.6469],[5.7554,44.6468],[5.7534,44.6446],[5.7553,44.6431],[5.7585,44.643],[5.7597,44.6416],[5.7615,44.6416],[5.7614,44.6393],[5.7652,44.6392],[5.7665,44.6401],[5.7654,44.6428],[5.7673,44.6437],[5.771,44.6422],[5.7748,44.6421],[5.7775,44.6442],[5.777,44.6465],[5.7746,44.6488],[5.7708,44.649],[5.7696,44.6499],[5.7684,44.6513],[5.7692,44.6531],[5.768,44.6535],[5.7693,44.6552],[5.7726,44.6537],[5.7787,44.6534],[5.7778,44.6492],[5.7796,44.6478],[5.7799,44.6433],[5.785,44.6431],[5.7891,44.6394],[5.7929,44.6384],[5.7928,44.6375],[5.787,44.6349],[5.7881,44.6331],[5.7938,44.6329],[5.7978,44.636],[5.8002,44.635],[5.7981,44.6314],[5.7949,44.6311],[5.7929,44.6289],[5.7871,44.6273],[5.785,44.6224],[5.7848,44.6197],[5.7866,44.6183],[5.7966,44.6175],[5.7948,44.6086],[5.7961,44.6094],[5.798,44.6085],[5.8012,44.6093],[5.8046,44.6137],[5.8071,44.6132],[5.8062,44.6091],[5.8126,44.6103],[5.8152,44.6124],[5.8168,44.6174],[5.8201,44.6195],[5.8222,44.623],[5.828,44.626],[5.8299,44.6259],[5.8318,44.625],[5.8316,44.6223],[5.8366,44.6226],[5.8395,44.6184],[5.8388,44.6171],[5.8413,44.6166],[5.8394,44.6166],[5.8393,44.6144],[5.837,44.6181],[5.8294,44.6183],[5.828,44.6156],[5.8316,44.6128],[5.8316,44.6124],[5.8315,44.6101],[5.8395,44.6076],[5.8412,44.6049],[5.8461,44.6025],[5.8454,44.6011],[5.8471,44.5988],[5.8509,44.5978],[5.8501,44.5951],[5.8513,44.5955],[5.8524,44.5928],[5.8555,44.5918],[5.8553,44.5882],[5.8527,44.5865],[5.8532,44.5842],[5.8506,44.5839],[5.8469,44.584],[5.8488,44.5848],[5.849,44.5889],[5.8466,44.5898],[5.8457,44.5867],[5.8425,44.5859],[5.8405,44.5837],[5.8348,44.5835],[5.8322,44.5818],[5.8259,44.582],[5.8248,44.5842],[5.8199,44.5862],[5.8233,44.5901],[5.8227,44.5915],[5.8203,44.5934],[5.8185,44.5934],[5.8183,44.5907],[5.8152,44.5922],[5.8108,44.5923],[5.8149,44.5972],[5.8111,44.5968],[5.8087,44.5983],[5.8094,44.6],[5.8076,44.6019],[5.8014,44.6034],[5.7982,44.6017],[5.7945,44.6032],[5.7938,44.6019],[5.7893,44.6011],[5.7899,44.5997],[5.7865,44.5962],[5.7864,44.5945],[5.7876,44.594],[5.7866,44.5877],[5.7808,44.5861],[5.7806,44.582],[5.7774,44.5821],[5.7769,44.5837],[5.7738,44.5836],[5.7732,44.585],[5.7772,44.5889],[5.7741,44.5885],[5.7729,44.5899],[5.771,44.59],[5.7713,44.5949],[5.7673,44.6022],[5.7731,44.6034],[5.7759,44.6078],[5.7827,44.6067],[5.7848,44.6094],[5.7812,44.6126],[5.7775,44.6141],[5.777,44.6159],[5.7732,44.6156],[5.7749,44.6133],[5.7748,44.6106],[5.7686,44.6121],[5.7706,44.6152],[5.7707,44.6161],[5.7701,44.6161],[5.7701,44.617],[5.7746,44.6173],[5.7754,44.6209],[5.7774,44.6217],[5.7757,44.6229],[5.7795,44.6232],[5.7802,44.6241],[5.7696,44.628],[5.774,44.629],[5.7691,44.6315],[5.7662,44.6351],[5.7631,44.6352],[5.7598,44.6336],[5.7574,44.6354],[5.7549,44.6355]],[[5.8452,44.5876],[5.8453,44.5894],[5.8439,44.5881],[5.8452,44.5876]],[[5.8423,44.6021],[5.8423,44.6026],[5.8417,44.6022],[5.8423,44.6021]],[[5.8288,44.5877],[5.8289,44.5886],[5.8269,44.5882],[5.8288,44.5877]],[[5.793,44.6035],[5.7943,44.6035],[5.7931,44.6044],[5.793,44.6035]],[[5.7839,44.6366],[5.7815,44.6376],[5.7816,44.6403],[5.7778,44.6395],[5.7777,44.6384],[5.7826,44.6353],[5.7839,44.6353],[5.7839,44.6366]],[[5.7845,44.6348],[5.7845,44.6353],[5.7839,44.6353],[5.7845,44.6348]],[[5.7834,44.5972],[5.7829,44.5986],[5.7804,44.5991],[5.7803,44.5978],[5.7834,44.5972]],[[5.7819,44.604],[5.7744,44.6043],[5.7805,44.6009],[5.7819,44.604]],[[5.777,44.6267],[5.7771,44.6276],[5.7751,44.6268],[5.777,44.6267]]],[[[5.7656,44.6258],[5.7639,44.6268],[5.7606,44.6264],[5.7602,44.6278],[5.755,44.6278],[5.7538,44.6265],[5.7499,44.6257],[5.7504,44.6235],[5.7484,44.6231],[5.7477,44.6213],[5.7464,44.6214],[5.7465,44.6218],[5.7465,44.6223],[5.7471,44.6222],[5.7472,44.624],[5.7442,44.6255],[5.7391,44.6247],[5.7376,44.6315],[5.7452,44.6326],[5.7496,44.6316],[5.7615,44.6312],[5.7677,44.6279],[5.7656,44.6258]]],[[[5.667,44.6314],[5.6662,44.6292],[5.6644,44.6293],[5.6643,44.6288],[5.6631,44.6289],[5.663,44.6284],[5.6618,44.6284],[5.6618,44.628],[5.6611,44.628],[5.6605,44.628],[5.6605,44.6276],[5.6587,44.629],[5.6555,44.6291],[5.6496,44.6252],[5.6495,44.6239],[5.6452,44.6244],[5.6453,44.6267],[5.6429,44.6281],[5.6432,44.6344],[5.6471,44.6356],[5.6508,44.6351],[5.653,44.6292],[5.6555,44.6295],[5.6547,44.6372],[5.6614,44.6321],[5.6639,44.6329],[5.6657,44.6315],[5.6664,44.6319],[5.6695,44.6314],[5.667,44.6314]]],[[[5.8812,44.6396],[5.8733,44.6448],[5.8796,44.6442],[5.8814,44.6418],[5.8812,44.6396]]],[[[5.7584,44.6525],[5.7638,44.6474],[5.7636,44.6443],[5.7598,44.6444],[5.7562,44.6472],[5.7563,44.649],[5.7545,44.6495],[5.7533,44.6517],[5.7547,44.6526],[5.7584,44.6525]]],[[[5.8171,44.6637],[5.821,44.6649],[5.8229,44.6644],[5.8228,44.6631],[5.8189,44.6609],[5.8151,44.6611],[5.8152,44.6633],[5.8129,44.6634],[5.8153,44.6647],[5.8171,44.6637]]],[[[5.8095,44.663],[5.812,44.663],[5.8087,44.6604],[5.8056,44.6609],[5.8058,44.6636],[5.8038,44.6623],[5.8015,44.6655],[5.7978,44.6634],[5.7995,44.6665],[5.7986,44.6678],[5.8004,44.6684],[5.8003,44.666],[5.8097,44.6657],[5.8095,44.663]]],[[[5.8097,44.7059],[5.8073,44.7057],[5.8034,44.7073],[5.8035,44.7091],[5.808,44.7099],[5.8142,44.7079],[5.8141,44.7066],[5.8135,44.7075],[5.8098,44.7076],[5.8097,44.7059]]],[[[5.9045,44.4903],[5.9102,44.491],[5.9107,44.4897],[5.9133,44.4896],[5.9116,44.4937],[5.9154,44.4936],[5.915,44.4972],[5.9175,44.4971],[5.9198,44.4943],[5.9224,44.4942],[5.9294,44.4967],[5.9326,44.4966],[5.9356,44.4942],[5.9366,44.4915],[5.934,44.4898],[5.9329,44.4916],[5.9297,44.4917],[5.9288,44.4873],[5.9175,44.4876],[5.9167,44.485],[5.9184,44.4822],[5.9159,44.4823],[5.9176,44.4795],[5.9155,44.476],[5.9205,44.4754],[5.9229,44.4735],[5.9299,44.4751],[5.9317,44.4732],[5.9248,44.473],[5.9227,44.4708],[5.9221,44.4708],[5.9221,44.4713],[5.9184,44.4714],[5.9179,44.4737],[5.9147,44.4733],[5.9155,44.4751],[5.9132,44.4774],[5.915,44.4783],[5.9145,44.4796],[5.9095,44.4798],[5.9066,44.4826],[5.9067,44.4848],[5.9092,44.4852],[5.9087,44.4866],[5.8995,44.4914],[5.8956,44.4892],[5.8982,44.4914],[5.897,44.4914],[5.8972,44.4937],[5.8953,44.4951],[5.8996,44.4927],[5.904,44.4926],[5.9045,44.4903]],[[5.9121,44.4806],[5.9121,44.4802],[5.9127,44.4802],[5.9121,44.4806]]],[[[5.9419,44.603],[5.942,44.6043],[5.9459,44.6069],[5.9485,44.6068],[5.9496,44.6054],[5.9522,44.6058],[5.9527,44.604],[5.9476,44.6028],[5.9492,44.5982],[5.9477,44.5956],[5.9481,44.592],[5.945,44.5921],[5.9461,44.5898],[5.944,44.5871],[5.9402,44.5864],[5.9395,44.585],[5.9383,44.5869],[5.9369,44.5842],[5.9356,44.584],[5.9357,44.5852],[5.9326,44.5862],[5.9335,44.5895],[5.9387,44.5925],[5.9395,44.5945],[5.9407,44.5936],[5.9416,44.5992],[5.9437,44.6028],[5.9456,44.6036],[5.9431,44.6046],[5.9419,44.603]],[[5.9469,44.6049],[5.9469,44.6045],[5.9482,44.6049],[5.9469,44.6049]],[[5.9488,44.6053],[5.9482,44.6053],[5.9482,44.6049],[5.9488,44.6053]],[[5.9367,44.5905],[5.9367,44.591],[5.9361,44.5906],[5.9367,44.5905]]],[[[6.0409,44.5947],[6.0405,44.5979],[6.0355,44.5985],[6.0354,44.5972],[6.0385,44.5962],[6.0396,44.5943],[6.0396,44.5939],[6.039,44.5939],[6.0383,44.5939],[6.0383,44.5935],[6.0309,44.5964],[6.0317,44.5982],[6.0304,44.5982],[6.0306,44.6],[6.0362,44.6003],[6.0418,44.5987],[6.045,44.5995],[6.0442,44.5964],[6.0409,44.5947]]],[[[6.2492,44.6001],[6.2432,44.5954],[6.2375,44.5947],[6.2338,44.5957],[6.2318,44.5949],[6.2317,44.5935],[6.2295,44.5954],[6.2354,44.5987],[6.239,44.5982],[6.2405,44.5999],[6.243,44.5998],[6.2424,44.6008],[6.2443,44.6016],[6.2517,44.6],[6.2497,44.5987],[6.2492,44.6001]]],[[[5.8889,44.5916],[5.8873,44.5966],[5.8824,44.5982],[5.8807,44.6014],[5.8821,44.6031],[5.8852,44.603],[5.8864,44.6016],[5.8908,44.6024],[5.8901,44.6006],[5.8913,44.6006],[5.8933,44.6018],[5.8928,44.6037],[5.8967,44.6049],[5.8979,44.6049],[5.8996,44.6021],[5.9015,44.602],[5.9017,44.6047],[5.9054,44.6042],[5.9063,44.6073],[5.9033,44.6101],[5.9052,44.6105],[5.904,44.6119],[5.9055,44.6145],[5.9074,44.6149],[5.9089,44.6184],[5.9139,44.6187],[5.9166,44.6218],[5.9147,44.6106],[5.9195,44.6073],[5.9211,44.6027],[5.9254,44.6004],[5.9208,44.5983],[5.9183,44.5988],[5.9176,44.5979],[5.9152,44.5993],[5.9139,44.5989],[5.912,44.5882],[5.9101,44.5883],[5.9062,44.5844],[5.8999,44.5872],[5.8976,44.5801],[5.8953,44.5838],[5.8929,44.5848],[5.8937,44.5879],[5.8912,44.5884],[5.8898,44.5858],[5.8839,44.5823],[5.8822,44.5847],[5.8835,44.586],[5.883,44.5882],[5.8855,44.5877],[5.8881,44.5885],[5.8889,44.5916]]],[[[6.2567,44.6165],[6.2584,44.6146],[6.257,44.6124],[6.2524,44.618],[6.2531,44.6198],[6.2513,44.6203],[6.2532,44.6216],[6.2551,44.6215],[6.255,44.6202],[6.2587,44.6187],[6.2567,44.6165]]],[[[6.0248,44.6178],[6.0272,44.6154],[6.0241,44.6169],[6.0178,44.6176],[6.0134,44.6173],[6.0101,44.6147],[6.0031,44.6135],[5.9955,44.614],[5.9925,44.6153],[5.9989,44.6168],[5.9996,44.6182],[6.004,44.6171],[6.0057,44.6153],[6.0071,44.6175],[6.009,44.6174],[6.0098,44.6192],[6.0117,44.6196],[6.0112,44.6214],[6.0143,44.6213],[6.015,44.6222],[6.018,44.6207],[6.0231,44.621],[6.0257,44.6227],[6.0248,44.6178]]],[[[5.9696,44.6219],[5.975,44.6181],[5.97,44.6178],[5.9704,44.6151],[5.9767,44.6144],[5.9778,44.613],[5.9721,44.6114],[5.9677,44.6125],[5.967,44.6116],[5.9645,44.6121],[5.9613,44.6109],[5.954,44.6147],[5.9541,44.6165],[5.9579,44.6168],[5.9582,44.6204],[5.9526,44.6224],[5.9534,44.6255],[5.9542,44.6273],[5.956,44.6268],[5.9599,44.628],[5.9623,44.6262],[5.9667,44.6256],[5.9672,44.6246],[5.966,44.6242],[5.9685,44.6242],[5.9696,44.6219]]],[[[5.9433,44.6254],[5.9407,44.6242],[5.9403,44.6273],[5.9417,44.6286],[5.9457,44.629],[5.95,44.6315],[5.9538,44.6309],[5.9564,44.6327],[5.9589,44.6321],[5.9542,44.6273],[5.9473,44.6275],[5.9477,44.6248],[5.9433,44.6254]]],[[[5.9197,44.6307],[5.9242,44.6315],[5.927,44.6269],[5.9245,44.6265],[5.9197,44.6307]]],[[[5.9031,44.6375],[5.9049,44.6361],[5.9075,44.6361],[5.9092,44.6342],[5.9124,44.6345],[5.9111,44.6332],[5.9191,44.6303],[5.9097,44.631],[5.9065,44.6302],[5.9047,44.6316],[5.9048,44.6334],[5.901,44.634],[5.9005,44.6363],[5.891,44.6352],[5.8867,44.6372],[5.8845,44.6422],[5.8895,44.6416],[5.8907,44.6402],[5.8975,44.6386],[5.8981,44.6373],[5.9031,44.6375]]],[[[6.0088,44.6433],[6.0094,44.6424],[6.0062,44.6412],[5.9981,44.6418],[5.9988,44.6436],[5.9962,44.6435],[5.9975,44.6439],[5.9976,44.6457],[6.0007,44.6451],[6.0009,44.6478],[6.0072,44.6476],[6.0091,44.6485],[6.0095,44.6442],[6.0064,44.6448],[6.0013,44.6435],[6.0025,44.6426],[6.0088,44.6433]],[[6.0007,44.6431],[6.0013,44.6431],[6.0013,44.6435],[6.0007,44.6431]]],[[[5.9226,44.6455],[5.9224,44.6432],[5.9187,44.6438],[5.9187,44.6442],[5.9187,44.6447],[5.92,44.6442],[5.9214,44.6473],[5.9253,44.6485],[5.9245,44.6463],[5.9226,44.6455]]],[[[6.0227,44.6534],[6.0239,44.6525],[6.0283,44.6519],[6.0302,44.6527],[6.0314,44.6509],[6.0351,44.6503],[6.0324,44.6472],[6.0267,44.6465],[6.026,44.6456],[6.0279,44.6446],[6.0227,44.643],[6.0234,44.6448],[6.0223,44.6461],[6.021,44.6458],[6.0186,44.6477],[6.0129,44.6483],[6.0105,44.6498],[6.0113,44.6529],[6.0143,44.6501],[6.0181,44.65],[6.0189,44.6522],[6.0221,44.6543],[6.024,44.6543],[6.0227,44.6534]],[[6.0248,44.6452],[6.0247,44.6447],[6.0254,44.6451],[6.0248,44.6452]],[[6.0235,44.6456],[6.0235,44.6452],[6.0248,44.6452],[6.0235,44.6456]]],[[[6.0333,44.6603],[6.0249,44.6583],[6.0225,44.6602],[6.0258,44.6623],[6.0333,44.6612],[6.0333,44.6603]]],[[[6.2434,44.716],[6.2387,44.7112],[6.2367,44.7104],[6.2343,44.7119],[6.2322,44.7088],[6.2316,44.7088],[6.2297,44.7089],[6.2277,44.7076],[6.2227,44.7082],[6.2207,44.7069],[6.2145,44.7081],[6.2144,44.7067],[6.2118,44.7068],[6.2124,44.7054],[6.2111,44.7055],[6.211,44.7041],[6.2035,44.7053],[6.2045,44.7102],[6.2096,44.7114],[6.2229,44.7204],[6.2241,44.7203],[6.2252,44.7176],[6.2271,44.7175],[6.2295,44.7156],[6.2405,44.7193],[6.2423,44.7188],[6.2434,44.716]],[[6.2244,44.7149],[6.2231,44.7145],[6.223,44.7132],[6.2256,44.714],[6.2244,44.7149]]],[[[6.2171,44.7278],[6.2196,44.7277],[6.2175,44.7251],[6.2144,44.7256],[6.2123,44.732],[6.2139,44.736],[6.2127,44.7374],[6.2177,44.7372],[6.2208,44.7357],[6.2207,44.7344],[6.2163,44.735],[6.215,44.7341],[6.2171,44.7278]]],[[[6.2315,44.7354],[6.2284,44.7359],[6.2278,44.7364],[6.2278,44.7368],[6.2279,44.7377],[6.2272,44.7378],[6.2273,44.7387],[6.2267,44.7387],[6.2286,44.7391],[6.2292,44.7386],[6.2293,44.7404],[6.2275,44.7409],[6.2289,44.7427],[6.2306,44.7412],[6.2338,44.7411],[6.2355,44.7384],[6.2354,44.7375],[6.2336,44.7375],[6.2341,44.7362],[6.2315,44.7354]]],[[[6.2263,44.7428],[6.2227,44.7451],[6.2222,44.7474],[6.2266,44.7463],[6.2263,44.7428]]],[[[6.2079,44.7502],[6.2075,44.7542],[6.2104,44.7591],[6.2178,44.757],[6.2239,44.7536],[6.2218,44.7497],[6.2147,44.7477],[6.2079,44.7502]]],[[[6.1479,44.7504],[6.1478,44.7581],[6.1453,44.7595],[6.1493,44.7612],[6.1517,44.7607],[6.1589,44.7636],[6.1659,44.7638],[6.1685,44.765],[6.1675,44.7687],[6.1644,44.7706],[6.1587,44.7703],[6.1576,44.7722],[6.1518,44.771],[6.15,44.7729],[6.1469,44.7725],[6.1444,44.7735],[6.1431,44.7727],[6.1433,44.7673],[6.1419,44.7646],[6.1387,44.7643],[6.1288,44.7579],[6.1263,44.7588],[6.1266,44.762],[6.1236,44.7643],[6.1244,44.7675],[6.1188,44.7686],[6.1193,44.7672],[6.1161,44.7664],[6.1166,44.7641],[6.1153,44.7637],[6.1141,44.7647],[6.1115,44.7634],[6.1093,44.7599],[6.1099,44.7585],[6.1058,44.7546],[6.1003,44.7566],[6.098,44.7603],[6.0994,44.7629],[6.0958,44.7644],[6.0985,44.7679],[6.101,44.7674],[6.1023,44.7682],[6.1038,44.7713],[6.1069,44.7708],[6.1083,44.7721],[6.1084,44.7739],[6.1059,44.774],[6.1053,44.7749],[6.1082,44.7802],[6.11,44.7792],[6.1096,44.7734],[6.1134,44.7737],[6.1134,44.7827],[6.1173,44.7835],[6.1193,44.7861],[6.1177,44.7893],[6.1178,44.7911],[6.1198,44.7924],[6.1186,44.7938],[6.1194,44.7969],[6.1176,44.7974],[6.1184,44.8005],[6.1203,44.8],[6.1193,44.8037],[6.123,44.8035],[6.1252,44.8066],[6.1283,44.8065],[6.129,44.8078],[6.1328,44.8077],[6.1335,44.8086],[6.1384,44.8066],[6.1395,44.8043],[6.1446,44.8041],[6.1469,44.8005],[6.1533,44.8016],[6.155,44.7984],[6.16,44.7982],[6.1601,44.8],[6.162,44.8004],[6.1602,44.8018],[6.1605,44.8054],[6.1612,44.8063],[6.1637,44.8062],[6.1645,44.8084],[6.1678,44.8101],[6.1689,44.8087],[6.1674,44.8047],[6.1693,44.8042],[6.1728,44.8],[6.1713,44.7969],[6.1688,44.797],[6.1689,44.7988],[6.1676,44.7988],[6.1643,44.7967],[6.1662,44.7966],[6.1679,44.7939],[6.1671,44.7916],[6.1696,44.7907],[6.1736,44.7932],[6.1755,44.7932],[6.177,44.7886],[6.1828,44.7893],[6.1848,44.7906],[6.1898,44.7904],[6.1903,44.7886],[6.1882,44.7855],[6.1863,44.7851],[6.1862,44.7833],[6.1913,44.7841],[6.1939,44.7858],[6.1971,44.7857],[6.1981,44.7825],[6.197,44.7753],[6.1984,44.768],[6.1962,44.7632],[6.1957,44.7564],[6.1941,44.7515],[6.1909,44.7512],[6.1908,44.7494],[6.1881,44.7477],[6.1879,44.7446],[6.1914,44.7404],[6.1881,44.7382],[6.1873,44.736],[6.1802,44.734],[6.1802,44.7327],[6.1844,44.7303],[6.1823,44.7267],[6.1717,44.7226],[6.1738,44.7225],[6.173,44.7203],[6.1679,44.7196],[6.1703,44.7177],[6.1742,44.7189],[6.176,44.7175],[6.1722,44.7176],[6.1693,44.7119],[6.1647,44.7093],[6.1621,44.7094],[6.1614,44.7081],[6.1558,44.7092],[6.1545,44.7079],[6.1464,44.7104],[6.1466,44.7127],[6.1411,44.7156],[6.1407,44.7196],[6.137,44.7198],[6.1351,44.7207],[6.1352,44.7221],[6.1309,44.7231],[6.128,44.7277],[6.1255,44.7274],[6.1237,44.7288],[6.1192,44.728],[6.118,44.7285],[6.1181,44.7303],[6.1198,44.737],[6.1237,44.7378],[6.1261,44.7359],[6.1279,44.7358],[6.1291,44.734],[6.1396,44.7309],[6.1426,44.7277],[6.1487,44.7257],[6.1486,44.7243],[6.1506,44.7247],[6.15,44.7261],[6.1525,44.7255],[6.1542,44.7219],[6.1578,44.7195],[6.1577,44.7181],[6.1628,44.7198],[6.1618,44.7225],[6.1657,44.7246],[6.1653,44.7278],[6.1686,44.7295],[6.1688,44.7326],[6.1662,44.7322],[6.1642,44.7301],[6.1603,44.7293],[6.1573,44.7303],[6.1549,44.7331],[6.1524,44.7332],[6.1517,44.7323],[6.1512,44.7337],[6.148,44.7338],[6.1457,44.737],[6.1558,44.7371],[6.1559,44.7385],[6.1585,44.7393],[6.158,44.742],[6.1652,44.7453],[6.1641,44.7472],[6.1656,44.7503],[6.1618,44.7509],[6.1554,44.7497],[6.1537,44.7516],[6.1541,44.7489],[6.1522,44.7485],[6.1527,44.7462],[6.15,44.745],[6.1505,44.7423],[6.1459,44.7393],[6.1427,44.7389],[6.1448,44.742],[6.1422,44.7412],[6.1423,44.743],[6.1449,44.7442],[6.1451,44.746],[6.1452,44.7474],[6.1452,44.7478],[6.1459,44.7496],[6.1479,44.7504]],[[6.1452,44.7208],[6.1446,44.7208],[6.1446,44.7204],[6.1452,44.7208]]],[[[6.2109,44.7667],[6.2107,44.764],[6.2095,44.7645],[6.2095,44.765],[6.2096,44.7654],[6.2097,44.7672],[6.2066,44.7678],[6.2061,44.7696],[6.2074,44.7704],[6.2169,44.7714],[6.2168,44.7692],[6.2149,44.7693],[6.2141,44.7675],[6.2109,44.7667]]],[[[6.074,44.7701],[6.0742,44.7728],[6.0729,44.7728],[6.0732,44.7769],[6.0751,44.7768],[6.0762,44.7745],[6.0755,44.7727],[6.0804,44.7717],[6.0803,44.769],[6.0771,44.7686],[6.074,44.7701]]],[[[6.103,44.7876],[6.1074,44.787],[6.1062,44.7789],[6.1056,44.7798],[6.1025,44.7795],[6.1029,44.7768],[6.1016,44.7763],[6.1015,44.7741],[6.0995,44.7737],[6.0986,44.7697],[6.0974,44.7706],[6.0975,44.7711],[6.0975,44.772],[6.0976,44.7738],[6.0977,44.7742],[6.0977,44.7747],[6.0965,44.7752],[6.098,44.7796],[6.1032,44.7808],[6.0978,44.785],[6.098,44.7891],[6.1001,44.7917],[6.1025,44.7898],[6.103,44.7876]]],[[[6.2379,44.8085],[6.2377,44.8067],[6.2347,44.8082],[6.2339,44.806],[6.2417,44.7998],[6.2467,44.7992],[6.2445,44.7943],[6.2419,44.7944],[6.2403,44.7976],[6.2361,44.8009],[6.2323,44.8015],[6.2291,44.8003],[6.2229,44.8023],[6.2255,44.804],[6.2257,44.8058],[6.2282,44.8066],[6.2303,44.8092],[6.2341,44.8087],[6.2329,44.8101],[6.2369,44.8131],[6.2399,44.8107],[6.2398,44.8094],[6.2373,44.809],[6.2379,44.8085]],[[6.236,44.8095],[6.2348,44.8095],[6.236,44.8091],[6.236,44.8095]],[[6.2344,44.8046],[6.2338,44.8046],[6.2344,44.8037],[6.2344,44.8046]]],[[[6.0131,44.8145],[6.0157,44.8148],[6.0171,44.8175],[6.019,44.8179],[6.02,44.8138],[6.0184,44.808],[6.0221,44.8065],[6.0219,44.8038],[6.018,44.8026],[6.0178,44.799],[6.0172,44.7995],[6.0172,44.7999],[6.0166,44.7999],[6.0166,44.8008],[6.0134,44.8005],[6.0181,44.8044],[6.017,44.8071],[6.0145,44.8072],[6.0139,44.8081],[6.0133,44.8081],[6.0133,44.8077],[6.0127,44.8077],[6.0114,44.8087],[6.0116,44.8113],[6.0136,44.8126],[6.0131,44.8145]],[[6.0145,44.8076],[6.0152,44.8076],[6.0146,44.8085],[6.0145,44.8076]]],[[[6.0578,44.8107],[6.061,44.8115],[6.0609,44.8106],[6.0678,44.8099],[6.0685,44.8112],[6.0734,44.8088],[6.0773,44.81],[6.0764,44.8146],[6.0689,44.8162],[6.0696,44.8175],[6.0697,44.8197],[6.0666,44.8212],[6.0696,44.8251],[6.0739,44.825],[6.0752,44.8259],[6.0733,44.8278],[6.079,44.8286],[6.0855,44.8324],[6.087,44.8325],[6.0812,44.8297],[6.0811,44.8284],[6.0848,44.8269],[6.084,44.8251],[6.0864,44.8228],[6.0868,44.8201],[6.0917,44.8163],[6.0902,44.8141],[6.092,44.8122],[6.0907,44.8118],[6.0899,44.8092],[6.0911,44.8073],[6.0929,44.8073],[6.0903,44.806],[6.0809,44.8068],[6.0802,44.8054],[6.0783,44.8059],[6.0783,44.8046],[6.0763,44.8042],[6.0761,44.8011],[6.0704,44.8017],[6.0647,44.801],[6.0641,44.8019],[6.061,44.802],[6.0598,44.8039],[6.0606,44.8057],[6.0581,44.8066],[6.0578,44.8107]]],[[[6.1125,44.8354],[6.1113,44.835],[6.1117,44.8318],[6.1097,44.8301],[6.1094,44.8265],[6.1118,44.8237],[6.1067,44.8243],[6.1054,44.8235],[6.103,44.8254],[6.1011,44.8254],[6.0984,44.8314],[6.0914,44.8312],[6.0896,44.833],[6.0875,44.8327],[6.0892,44.8344],[6.0923,44.8352],[6.0924,44.8363],[6.0969,44.8378],[6.0961,44.836],[6.0973,44.8346],[6.1005,44.8349],[6.1027,44.8393],[6.1046,44.8402],[6.1058,44.8392],[6.1059,44.8406],[6.1092,44.8423],[6.1117,44.8408],[6.1103,44.8391],[6.1127,44.8372],[6.1125,44.8354]]],[[[6.243,44.8453],[6.242,44.8413],[6.2382,44.84],[6.2398,44.8454],[6.243,44.8453]]],[[[6.2227,44.8361],[6.2229,44.8383],[6.2193,44.8421],[6.2189,44.8448],[6.217,44.8453],[6.2111,44.8423],[6.2098,44.8424],[6.2081,44.8451],[6.2121,44.8473],[6.2142,44.8499],[6.2174,44.8507],[6.2182,44.8529],[6.2157,44.8541],[6.2231,44.8532],[6.2207,44.8524],[6.2205,44.8492],[6.2223,44.8487],[6.2281,44.8499],[6.2301,44.8522],[6.2415,44.8518],[6.2426,44.8489],[6.2394,44.8481],[6.2357,44.8496],[6.2355,44.8469],[6.232,44.8425],[6.2287,44.8408],[6.2256,44.8319],[6.2243,44.8315],[6.2213,44.8334],[6.2214,44.8352],[6.2201,44.8353],[6.2227,44.8361]]],[[[6.1891,44.835],[6.1849,44.8379],[6.1804,44.838],[6.1774,44.8399],[6.1687,44.842],[6.1688,44.8434],[6.172,44.8446],[6.1722,44.8469],[6.1703,44.8474],[6.1719,44.8518],[6.1701,44.8543],[6.1852,44.854],[6.1815,44.8528],[6.1813,44.851],[6.1863,44.8491],[6.1854,44.8459],[6.1866,44.8446],[6.1885,44.8445],[6.1885,44.8454],[6.1929,44.8448],[6.1922,44.8435],[6.1903,44.844],[6.1884,44.8431],[6.1876,44.8405],[6.188,44.8378],[6.1922,44.8345],[6.1891,44.835]]],[[[6.1306,44.8496],[6.1301,44.8519],[6.1277,44.8538],[6.1279,44.8565],[6.1299,44.8578],[6.1302,44.8623],[6.1334,44.8631],[6.1388,44.8588],[6.1414,44.8587],[6.1394,44.8574],[6.1398,44.8547],[6.1416,44.8533],[6.1408,44.8502],[6.1419,44.8488],[6.1451,44.8482],[6.1462,44.8464],[6.1477,44.8468],[6.147,44.8458],[6.1493,44.8458],[6.1493,44.845],[6.1473,44.8445],[6.1457,44.845],[6.1421,44.8416],[6.1417,44.8358],[6.1386,44.8368],[6.1379,44.8359],[6.1301,44.842],[6.1302,44.8443],[6.1277,44.8443],[6.1254,44.8471],[6.1254,44.8476],[6.1255,44.8485],[6.1262,44.8498],[6.1306,44.8496]],[[6.1464,44.8454],[6.1463,44.8449],[6.147,44.8454],[6.1464,44.8454]]],[[[6.2521,44.8495],[6.2529,44.8521],[6.2511,44.8531],[6.2525,44.8543],[6.2536,44.853],[6.2574,44.852],[6.2573,44.8511],[6.2554,44.8511],[6.2552,44.8484],[6.2521,44.8495]]],[[[6.147,44.8582],[6.1565,44.8592],[6.1585,44.8586],[6.1604,44.8558],[6.1577,44.8573],[6.147,44.8581],[6.147,44.8582]],[[6.1565,44.8582],[6.1571,44.8582],[6.1565,44.8587],[6.1565,44.8582]]],[[[6.24,45.0106],[6.2446,45.0132],[6.2449,45.0087],[6.2382,45.0039],[6.2364,45.0045],[6.2383,45.0053],[6.24,45.0106]]],[[[6.2116,45.013],[6.2117,45.0148],[6.2149,45.0151],[6.2183,45.0173],[6.2174,45.0123],[6.2135,45.0115],[6.2129,45.0129],[6.2126,45.0098],[6.2138,45.0092],[6.2054,45.0123],[6.2114,45.0101],[6.2127,45.0116],[6.2121,45.0116],[6.2122,45.013],[6.2116,45.013]]],[[[6.2451,45.0196],[6.2503,45.0217],[6.2514,45.0201],[6.2539,45.0196],[6.253,45.0151],[6.251,45.0149],[6.2514,45.0192],[6.2461,45.0172],[6.2451,45.0196]]],[[[6.2433,45.0848],[6.2403,45.0876],[6.2365,45.0884],[6.2352,45.0902],[6.2359,45.0915],[6.2419,45.0925],[6.2461,45.0892],[6.2458,45.0852],[6.2433,45.0848]]],[[[6.4826,44.4668],[6.4782,44.467],[6.4763,44.4657],[6.4786,44.4634],[6.4748,44.4635],[6.47,44.4667],[6.4732,44.4672],[6.4755,44.4729],[6.4787,44.4737],[6.4811,44.4714],[6.486,44.4699],[6.4857,44.4663],[6.4832,44.4664],[6.484,44.4685],[6.4827,44.4686],[6.4826,44.4668]],[[6.4852,44.4676],[6.4858,44.4676],[6.4858,44.468],[6.4852,44.4676]],[[6.4834,44.469],[6.4834,44.4695],[6.4828,44.4695],[6.4834,44.469]],[[6.4821,44.4687],[6.4817,44.4709],[6.476,44.4711],[6.4821,44.4687]]],[[[6.3258,44.587],[6.3225,44.5849],[6.3262,44.5843],[6.3261,44.582],[6.3193,44.5841],[6.3202,44.5877],[6.3189,44.5877],[6.3182,44.5864],[6.3169,44.5864],[6.3158,44.5883],[6.3127,44.5893],[6.3128,44.5906],[6.3103,44.5903],[6.3099,44.5934],[6.3135,44.592],[6.3149,44.5933],[6.3181,44.5936],[6.3179,44.5913],[6.3198,44.5908],[6.3212,44.5935],[6.3231,44.5934],[6.3217,44.5917],[6.3215,44.5885],[6.3227,44.5876],[6.3258,44.587]]],[[[6.2689,44.6107],[6.2702,44.6124],[6.27,44.6178],[6.2737,44.6168],[6.2735,44.6146],[6.278,44.6148],[6.2781,44.6162],[6.2762,44.6167],[6.2764,44.619],[6.2786,44.6234],[6.2805,44.6233],[6.2852,44.6195],[6.2909,44.6189],[6.2908,44.618],[6.2837,44.616],[6.2848,44.6128],[6.2906,44.6153],[6.2914,44.6175],[6.2933,44.6179],[6.2945,44.617],[6.2945,44.6165],[6.2943,44.6143],[6.2961,44.6133],[6.298,44.6132],[6.3014,44.6163],[6.3039,44.6157],[6.3077,44.6156],[6.3077,44.616],[6.3159,44.6157],[6.3143,44.6113],[6.3093,44.6124],[6.303,44.6121],[6.3142,44.6095],[6.3071,44.6084],[6.307,44.6066],[6.302,44.6072],[6.3025,44.605],[6.3011,44.6037],[6.3036,44.6022],[6.3073,44.6021],[6.3085,44.6007],[6.3141,44.6005],[6.3147,44.5996],[6.3185,44.5994],[6.3205,44.6012],[6.323,44.6011],[6.3235,44.5988],[6.3208,44.5966],[6.32,44.594],[6.3181,44.5936],[6.3176,44.5963],[6.3132,44.5965],[6.3077,44.5985],[6.3064,44.5985],[6.3064,44.5981],[6.3058,44.5981],[6.3058,44.5976],[6.3051,44.5977],[6.3051,44.5972],[6.3045,44.5972],[6.3046,44.5986],[6.2934,44.6008],[6.2904,44.6031],[6.2866,44.6037],[6.2861,44.6042],[6.2861,44.6046],[6.2861,44.6051],[6.2804,44.604],[6.2754,44.605],[6.2792,44.6049],[6.2807,44.6093],[6.2743,44.6078],[6.2736,44.606],[6.2717,44.6056],[6.2707,44.6097],[6.2689,44.6107]],[[6.2886,44.6137],[6.2885,44.6128],[6.2898,44.6133],[6.2886,44.6137]]],[[[6.3786,44.6112],[6.3825,44.6128],[6.3798,44.6107],[6.3808,44.6075],[6.377,44.6072],[6.3752,44.6082],[6.3786,44.6112]]],[[[6.4252,44.6455],[6.4308,44.6448],[6.4332,44.6434],[6.4389,44.6432],[6.441,44.6454],[6.4467,44.6456],[6.4453,44.6438],[6.4465,44.6438],[6.4464,44.642],[6.4489,44.6419],[6.4498,44.645],[6.4548,44.6448],[6.4555,44.6462],[6.4617,44.645],[6.4587,44.6379],[6.4542,44.6363],[6.4533,44.6336],[6.4521,44.6341],[6.4508,44.6333],[6.4474,44.6298],[6.4465,44.6267],[6.4482,44.6235],[6.4461,44.6208],[6.4458,44.6173],[6.4476,44.6149],[6.4409,44.6107],[6.4407,44.608],[6.4375,44.6072],[6.4381,44.6063],[6.4368,44.6063],[6.4347,44.6114],[6.4286,44.6143],[6.4239,44.6185],[6.42,44.6173],[6.4164,44.6202],[6.4113,44.619],[6.4056,44.6192],[6.4049,44.6174],[6.4024,44.6175],[6.4018,44.6189],[6.3974,44.6191],[6.396,44.6169],[6.3923,44.6174],[6.3915,44.6161],[6.389,44.6162],[6.3877,44.6149],[6.3785,44.6184],[6.3759,44.618],[6.3741,44.6195],[6.3679,44.6206],[6.3628,44.6203],[6.3607,44.6263],[6.3578,44.6286],[6.358,44.6322],[6.3638,44.6338],[6.3626,44.6343],[6.3621,44.637],[6.3597,44.6376],[6.3624,44.6411],[6.3668,44.6409],[6.3701,44.643],[6.3706,44.6493],[6.3694,44.6503],[6.3739,44.651],[6.3766,44.6536],[6.3791,44.6535],[6.3791,44.6539],[6.3836,44.6542],[6.386,44.6523],[6.3911,44.6531],[6.3915,44.6508],[6.3939,44.6489],[6.3943,44.6457],[6.3879,44.6446],[6.3878,44.6433],[6.3902,44.6418],[6.3907,44.64],[6.3932,44.6395],[6.3937,44.6372],[6.398,44.6357],[6.4011,44.6356],[6.409,44.6398],[6.4101,44.6416],[6.4093,44.6438],[6.4139,44.6468],[6.4165,44.6472],[6.4214,44.6447],[6.4184,44.6471],[6.4185,44.6493],[6.4225,44.6514],[6.422,44.6533],[6.4246,44.6541],[6.4254,44.6563],[6.4252,44.6455]]],[[[6.268,44.635],[6.2721,44.6385],[6.2707,44.6367],[6.2708,44.6332],[6.2642,44.6347],[6.2614,44.6298],[6.2602,44.6308],[6.2623,44.6343],[6.2584,44.6327],[6.2589,44.6308],[6.2559,44.6323],[6.256,44.6345],[6.2517,44.6356],[6.2531,44.6382],[6.2551,44.6391],[6.2658,44.6387],[6.2698,44.6417],[6.268,44.635]]],[[[6.4666,44.634],[6.4649,44.6364],[6.4664,44.6399],[6.4747,44.6414],[6.4748,44.6427],[6.4699,44.6443],[6.4663,44.6471],[6.4682,44.6466],[6.4701,44.6474],[6.4702,44.6488],[6.474,44.6486],[6.4739,44.6473],[6.4763,44.6458],[6.4756,44.645],[6.4793,44.6435],[6.4766,44.6409],[6.4822,44.6398],[6.4839,44.6379],[6.4883,44.6377],[6.4863,44.6356],[6.4868,44.6342],[6.4824,44.6348],[6.4824,44.6339],[6.4798,44.6335],[6.4791,44.6322],[6.4754,44.6328],[6.4753,44.6315],[6.4727,44.6307],[6.4691,44.6335],[6.4666,44.634]]],[[[6.3559,44.6557],[6.3577,44.6543],[6.3526,44.6536],[6.353,44.6504],[6.3517,44.65],[6.3516,44.6478],[6.3534,44.6472],[6.3527,44.6459],[6.3539,44.6454],[6.3531,44.6427],[6.3498,44.6402],[6.3472,44.6403],[6.342,44.6368],[6.3414,44.6378],[6.3389,44.6379],[6.3415,44.6396],[6.3373,44.6429],[6.3376,44.646],[6.3439,44.6471],[6.3453,44.6489],[6.347,44.6542],[6.3495,44.6541],[6.3496,44.6555],[6.3522,44.6567],[6.3524,44.659],[6.3567,44.6579],[6.3559,44.6557]]],[[[6.471,44.6586],[6.4694,44.6551],[6.4631,44.6544],[6.4653,44.6589],[6.471,44.6586]]],[[[6.3694,44.6588],[6.3712,44.6578],[6.3756,44.6581],[6.3754,44.655],[6.3704,44.6552],[6.3694,44.6588]]],[[[6.4732,44.6635],[6.4745,44.6635],[6.4746,44.6657],[6.4773,44.6683],[6.4769,44.6706],[6.4789,44.6719],[6.4897,44.6737],[6.4926,44.6704],[6.4891,44.6647],[6.5013,44.6674],[6.505,44.6664],[6.5048,44.6641],[6.5079,44.664],[6.507,44.6604],[6.5019,44.6597],[6.5043,44.6574],[6.5029,44.6552],[6.5003,44.6544],[6.4959,44.655],[6.4936,44.6578],[6.4938,44.66],[6.4913,44.6606],[6.4904,44.657],[6.4842,44.6581],[6.4797,44.6574],[6.4789,44.6556],[6.477,44.6557],[6.4732,44.6635]]],[[[6.4742,44.6855],[6.4836,44.6852],[6.4861,44.6842],[6.482,44.6807],[6.4802,44.6808],[6.4742,44.6855]]],[[[6.4761,44.7278],[6.4782,44.7304],[6.4807,44.7312],[6.482,44.7307],[6.4818,44.7289],[6.4856,44.7288],[6.4917,44.734],[6.4935,44.7334],[6.4975,44.7355],[6.4971,44.7383],[6.5009,44.7386],[6.5032,44.7362],[6.5058,44.737],[6.5076,44.7356],[6.5069,44.7343],[6.5125,44.7332],[6.5124,44.7327],[6.5123,44.7309],[6.5141,44.7295],[6.5173,44.7298],[6.5197,44.7284],[6.5208,44.7266],[6.5182,44.7258],[6.5181,44.724],[6.5193,44.723],[6.5231,44.7232],[6.5235,44.7197],[6.5202,44.7189],[6.5193,44.7145],[6.521,44.7121],[6.5196,44.7099],[6.5171,44.71],[6.5117,44.7062],[6.5091,44.7054],[6.5072,44.7055],[6.5066,44.7055],[6.5054,44.7055],[6.506,44.7064],[6.5049,44.7073],[6.5029,44.707],[6.5017,44.7079],[6.4992,44.7071],[6.4984,44.7053],[6.4946,44.7055],[6.492,44.7042],[6.4889,44.7048],[6.4856,44.7027],[6.4792,44.7025],[6.4791,44.7011],[6.4779,44.7016],[6.4759,44.6994],[6.4727,44.7],[6.4702,44.6992],[6.4674,44.6962],[6.4636,44.6954],[6.4628,44.6936],[6.4582,44.6906],[6.4545,44.684],[6.4512,44.6823],[6.4523,44.6801],[6.4473,44.6802],[6.4456,44.6826],[6.4398,44.6819],[6.439,44.6792],[6.4439,44.6772],[6.4465,44.678],[6.4475,44.6748],[6.4529,44.6706],[6.4586,44.6708],[6.4601,44.6744],[6.4625,44.6725],[6.4635,44.6693],[6.461,44.6689],[6.4608,44.6662],[6.4588,44.6654],[6.4586,44.6623],[6.461,44.6604],[6.4528,44.6607],[6.4524,44.6624],[6.4505,44.663],[6.4519,44.6652],[6.4506,44.6657],[6.4493,44.6649],[6.4462,44.6654],[6.4447,44.6623],[6.4417,44.6638],[6.4425,44.6665],[6.44,44.667],[6.439,44.6702],[6.4372,44.6712],[6.4374,44.6743],[6.4355,44.6748],[6.4371,44.6788],[6.4338,44.6762],[6.4366,44.6802],[6.436,44.6811],[6.4341,44.6812],[6.4327,44.6794],[6.4302,44.68],[6.4281,44.6765],[6.4254,44.6748],[6.4205,44.6758],[6.4206,44.6781],[6.4188,44.6791],[6.4196,44.6817],[6.4171,44.6818],[6.4203,44.6826],[6.423,44.6847],[6.4181,44.6867],[6.4189,44.689],[6.4152,44.6904],[6.4153,44.6913],[6.4121,44.6915],[6.4122,44.6924],[6.4079,44.6943],[6.4087,44.6961],[6.4068,44.6966],[6.4063,44.6984],[6.412,44.6978],[6.4149,44.695],[6.4175,44.6962],[6.4176,44.6976],[6.4121,44.6996],[6.4129,44.7022],[6.4074,44.7038],[6.4096,44.7087],[6.4123,44.7113],[6.4238,44.7126],[6.4252,44.7148],[6.4297,44.7156],[6.4259,44.7157],[6.4248,44.7176],[6.4229,44.7176],[6.4227,44.7145],[6.4207,44.7137],[6.4144,44.7139],[6.4111,44.7118],[6.4072,44.711],[6.4023,44.7125],[6.4049,44.7133],[6.4057,44.7151],[6.4068,44.7142],[6.4113,44.7145],[6.4391,44.7238],[6.4461,44.7244],[6.4487,44.7252],[6.4495,44.7274],[6.4508,44.7274],[6.4503,44.7292],[6.4555,44.7317],[6.4591,44.7293],[6.4589,44.7266],[6.4615,44.727],[6.4595,44.7257],[6.4599,44.7234],[6.4625,44.7238],[6.4673,44.7286],[6.4674,44.7304],[6.4706,44.7312],[6.4744,44.731],[6.4723,44.7284],[6.4729,44.7275],[6.4761,44.7278]],[[6.4103,44.7074],[6.4109,44.7074],[6.411,44.7083],[6.4103,44.7074]],[[6.4116,44.7082],[6.4117,44.7087],[6.411,44.7087],[6.411,44.7083],[6.4116,44.7082]],[[6.4095,44.7073],[6.4101,44.7073],[6.4102,44.7077],[6.4095,44.7073]]],[[[6.2798,44.721],[6.2848,44.7204],[6.2822,44.7192],[6.2853,44.7186],[6.2826,44.7169],[6.2809,44.7187],[6.2764,44.718],[6.2746,44.719],[6.279,44.7197],[6.2798,44.721]]],[[[6.3694,44.7291],[6.3719,44.7294],[6.372,44.7308],[6.3746,44.7316],[6.3737,44.7275],[6.3705,44.7272],[6.3694,44.7291]]],[[[6.4753,44.7427],[6.4722,44.7442],[6.4806,44.7461],[6.4811,44.7447],[6.4778,44.743],[6.4777,44.7417],[6.4764,44.7413],[6.4745,44.7414],[6.4753,44.7427]]],[[[6.4324,44.761],[6.438,44.7603],[6.4419,44.7611],[6.4458,44.7636],[6.4515,44.7638],[6.4555,44.7664],[6.4612,44.7666],[6.4631,44.7657],[6.4707,44.7667],[6.4738,44.7653],[6.4745,44.7666],[6.4777,44.7669],[6.4852,44.7662],[6.4841,44.7676],[6.486,44.7684],[6.4859,44.7671],[6.4884,44.767],[6.4891,44.7674],[6.4911,44.7606],[6.493,44.7605],[6.493,44.76],[6.4949,44.76],[6.4966,44.7581],[6.4997,44.7575],[6.5002,44.7553],[6.4983,44.7544],[6.4932,44.7551],[6.4956,44.7523],[6.4942,44.7514],[6.4944,44.7532],[6.4912,44.7533],[6.4907,44.7547],[6.4832,44.7559],[6.4828,44.7586],[6.479,44.7588],[6.4759,44.7602],[6.4708,44.7595],[6.4707,44.7573],[6.4737,44.7558],[6.4748,44.7535],[6.4773,44.753],[6.4765,44.7512],[6.4709,44.7519],[6.467,44.7511],[6.4659,44.7525],[6.4634,44.7526],[6.4625,44.7499],[6.4662,44.7489],[6.4655,44.7471],[6.4673,44.7461],[6.4665,44.7439],[6.4703,44.7438],[6.4701,44.7411],[6.4656,44.7408],[6.4613,44.7419],[6.4611,44.7396],[6.4573,44.7389],[6.4566,44.7375],[6.454,44.7372],[6.4484,44.7387],[6.4431,44.7353],[6.4369,44.7365],[6.4358,44.7388],[6.4327,44.7398],[6.4302,44.7394],[6.4296,44.7403],[6.42,44.7389],[6.4174,44.7381],[6.4173,44.7367],[6.4141,44.736],[6.4112,44.7302],[6.41,44.7316],[6.4075,44.7317],[6.403,44.7305],[6.4029,44.7292],[6.4067,44.7299],[6.4104,44.7289],[6.404,44.7273],[6.4019,44.7247],[6.3969,44.7249],[6.3964,44.7272],[6.3927,44.7286],[6.3935,44.73],[6.3973,44.7312],[6.3956,44.733],[6.3918,44.7327],[6.3911,44.7328],[6.3905,44.7328],[6.3905,44.7332],[6.3824,44.7335],[6.3818,44.7345],[6.3798,44.7336],[6.3755,44.7347],[6.3679,44.7341],[6.3617,44.7356],[6.3578,44.7349],[6.3566,44.7358],[6.3593,44.7384],[6.3612,44.7384],[6.3602,44.7415],[6.3621,44.7424],[6.3653,44.7418],[6.3637,44.7383],[6.3656,44.7373],[6.367,44.7395],[6.3726,44.7384],[6.374,44.7406],[6.3717,44.7438],[6.3748,44.7433],[6.3793,44.7444],[6.384,44.7474],[6.3885,44.7482],[6.3919,44.7516],[6.3998,44.7563],[6.3986,44.7577],[6.3961,44.7578],[6.3935,44.7561],[6.3923,44.757],[6.3903,44.7567],[6.3724,44.7452],[6.3699,44.7452],[6.3694,44.7462],[6.3721,44.7497],[6.3801,44.7543],[6.3802,44.7566],[6.379,44.7575],[6.3778,44.7576],[6.3771,44.7576],[6.3766,44.7585],[6.3816,44.7583],[6.3855,44.7595],[6.3873,44.7581],[6.393,44.7579],[6.3963,44.7605],[6.3995,44.7604],[6.4006,44.759],[6.4045,44.7597],[6.4059,44.7624],[6.4112,44.7658],[6.4122,44.7617],[6.4173,44.7624],[6.4216,44.7605],[6.4261,44.7621],[6.4285,44.7597],[6.431,44.7597],[6.4324,44.761]],[[6.4869,44.763],[6.4888,44.7629],[6.4869,44.7634],[6.4869,44.763]],[[6.403,44.74],[6.4036,44.7391],[6.405,44.7404],[6.403,44.74]]],[[[6.364,44.75],[6.3666,44.7521],[6.3679,44.7516],[6.3669,44.7476],[6.365,44.7472],[6.364,44.75]]],[[[6.4995,44.7625],[6.5051,44.7621],[6.5087,44.7585],[6.4994,44.7616],[6.4995,44.7625]]],[[[6.459,44.7883],[6.4571,44.788],[6.4592,44.791],[6.4618,44.7918],[6.4627,44.7949],[6.4646,44.7953],[6.4645,44.794],[6.467,44.7939],[6.467,44.793],[6.4644,44.7926],[6.4617,44.7896],[6.4591,44.7897],[6.459,44.7883]]],[[[6.2591,44.8407],[6.2617,44.841],[6.2665,44.8381],[6.2645,44.8369],[6.2683,44.8367],[6.2688,44.8345],[6.2713,44.8344],[6.2712,44.8335],[6.2643,44.8337],[6.2604,44.8316],[6.2571,44.8308],[6.2577,44.8299],[6.2551,44.8291],[6.2543,44.835],[6.2569,44.8367],[6.2564,44.838],[6.2591,44.8407]]],[[[6.4016,44.8413],[6.4031,44.8458],[6.4052,44.8475],[6.4102,44.8469],[6.4096,44.8393],[6.4083,44.8379],[6.4094,44.8366],[6.4068,44.8349],[6.4049,44.8349],[6.4037,44.8359],[6.4045,44.839],[6.4016,44.8413]]],[[[6.2937,44.8462],[6.2932,44.848],[6.2976,44.8487],[6.3004,44.8522],[6.3055,44.8529],[6.3095,44.8551],[6.3114,44.855],[6.3113,44.8532],[6.3137,44.8522],[6.3206,44.8515],[6.3219,44.8519],[6.3214,44.8535],[6.3234,44.8523],[6.3281,44.8519],[6.3263,44.8513],[6.328,44.8485],[6.3265,44.8454],[6.3288,44.8418],[6.3256,44.8414],[6.3242,44.8392],[6.3273,44.8382],[6.3292,44.839],[6.3298,44.8377],[6.3271,44.8364],[6.3246,44.8365],[6.3247,44.8374],[6.3165,44.8377],[6.3147,44.8391],[6.3142,44.8418],[6.3048,44.8422],[6.3011,44.8437],[6.3005,44.845],[6.2986,44.8446],[6.2987,44.8464],[6.2937,44.8462]]],[[[6.285,44.8667],[6.2852,44.8694],[6.2832,44.8709],[6.2882,44.874],[6.2942,44.8742],[6.2959,44.874],[6.2943,44.8732],[6.2952,44.8682],[6.292,44.8669],[6.2938,44.866],[6.2942,44.8633],[6.2891,44.8616],[6.2875,44.8581],[6.2857,44.8586],[6.2865,44.8608],[6.2847,44.8623],[6.2862,44.8662],[6.285,44.8667]]],[[[6.2337,44.7668],[6.238,44.7658],[6.2363,44.7595],[6.2324,44.7569],[6.2248,44.7572],[6.2228,44.7645],[6.2231,44.7685],[6.2263,44.7693],[6.2313,44.7682],[6.2314,44.7705],[6.2291,44.7733],[6.2229,44.7748],[6.2187,44.779],[6.2162,44.7791],[6.2098,44.7866],[6.2118,44.7883],[6.2219,44.7879],[6.2227,44.7902],[6.2177,44.7908],[6.214,44.7923],[6.214,44.7932],[6.2108,44.7928],[6.2065,44.7943],[6.2031,44.8003],[6.2056,44.7989],[6.2051,44.8011],[6.2076,44.8001],[6.2102,44.8019],[6.2147,44.8026],[6.2148,44.8039],[6.2167,44.8039],[6.2185,44.8025],[6.221,44.8024],[6.219,44.8015],[6.2202,44.7997],[6.2245,44.7982],[6.2263,44.7963],[6.2333,44.797],[6.235,44.7951],[6.2348,44.792],[6.2411,44.7918],[6.2467,44.7898],[6.2452,44.7867],[6.2471,44.7861],[6.2504,44.7892],[6.2508,44.7946],[6.2529,44.7972],[6.2519,44.8017],[6.2558,44.8029],[6.2559,44.8043],[6.2511,44.8072],[6.2525,44.8094],[6.252,44.8112],[6.2476,44.8127],[6.2477,44.8136],[6.2515,44.8135],[6.249,44.8144],[6.2497,44.8153],[6.2529,44.8161],[6.2573,44.8155],[6.2606,44.8176],[6.2638,44.8171],[6.264,44.8207],[6.2628,44.8212],[6.2628,44.8216],[6.2665,44.8206],[6.2675,44.816],[6.2693,44.8151],[6.2697,44.8119],[6.271,44.8114],[6.2674,44.8052],[6.2711,44.8046],[6.2717,44.8033],[6.2773,44.8031],[6.2774,44.804],[6.2793,44.8035],[6.2812,44.8043],[6.2813,44.8061],[6.2784,44.8093],[6.2806,44.8129],[6.2825,44.8132],[6.2832,44.815],[6.2902,44.8152],[6.2897,44.8175],[6.2873,44.8189],[6.2887,44.8202],[6.2882,44.8221],[6.2894,44.822],[6.2956,44.811],[6.2962,44.8015],[6.298,44.8001],[6.3024,44.8004],[6.303,44.7995],[6.3027,44.7959],[6.3002,44.796],[6.3001,44.7946],[6.2982,44.7947],[6.2972,44.7893],[6.2983,44.7861],[6.2995,44.7852],[6.3026,44.7855],[6.3041,44.7886],[6.3054,44.7886],[6.3046,44.7859],[6.3077,44.7858],[6.3117,44.7888],[6.3149,44.7882],[6.3187,44.789],[6.3292,44.794],[6.3306,44.7958],[6.337,44.7978],[6.339,44.7991],[6.3386,44.8013],[6.3329,44.8015],[6.328,44.804],[6.3185,44.8043],[6.3143,44.8067],[6.3138,44.8085],[6.3113,44.8091],[6.3102,44.8114],[6.3077,44.8114],[6.3057,44.8102],[6.304,44.8129],[6.3099,44.8168],[6.3125,44.8167],[6.3131,44.8176],[6.3206,44.8159],[6.3216,44.8204],[6.3235,44.8203],[6.3235,44.8208],[6.3317,44.8205],[6.3337,44.8218],[6.3333,44.8258],[6.3379,44.8275],[6.3376,44.8324],[6.3348,44.8366],[6.338,44.8374],[6.3393,44.8463],[6.3374,44.8473],[6.3375,44.8486],[6.3446,44.8493],[6.3481,44.8517],[6.3537,44.8534],[6.3555,44.8525],[6.3563,44.8543],[6.3513,44.8624],[6.3525,44.8636],[6.355,44.8629],[6.3564,44.8646],[6.3536,44.8661],[6.3523,44.8713],[6.3504,44.873],[6.3507,44.8804],[6.353,44.8837],[6.3562,44.8849],[6.3593,44.8881],[6.3579,44.8896],[6.3576,44.895],[6.3536,44.8975],[6.3564,44.9003],[6.3591,44.9067],[6.3566,44.9109],[6.3577,44.9132],[6.3559,44.9173],[6.3561,44.921],[6.3575,44.9221],[6.3525,44.9253],[6.356,44.9281],[6.3564,44.9331],[6.359,44.9366],[6.3588,44.9413],[6.3488,44.9444],[6.3434,44.9442],[6.3391,44.947],[6.3305,44.9464],[6.3229,44.953],[6.3238,44.9608],[6.3228,44.9619],[6.3279,44.9647],[6.3295,44.9692],[6.3237,44.9713],[6.3223,44.9743],[6.3182,44.9759],[6.3185,44.9771],[6.315,44.9795],[6.317,44.9857],[6.3161,44.9904],[6.3189,44.9926],[6.3207,44.9968],[6.3248,44.9991],[6.328,44.9985],[6.3315,44.9943],[6.3346,44.9942],[6.3367,44.9968],[6.3393,44.9976],[6.3424,44.9966],[6.3502,44.999],[6.3527,44.9989],[6.3563,44.9957],[6.3607,44.9942],[6.3627,44.9954],[6.3628,44.9972],[6.3605,45.0005],[6.3695,45.0028],[6.3679,44.9975],[6.3708,44.9942],[6.3739,44.9937],[6.3738,44.9914],[6.3738,44.991],[6.3718,44.9901],[6.3714,44.9852],[6.3694,44.9835],[6.3649,44.9823],[6.3608,44.9779],[6.3645,44.9765],[6.3686,44.9808],[6.3777,44.9836],[6.3784,44.9854],[6.3791,44.9863],[6.3798,44.9863],[6.3763,44.9819],[6.376,44.9787],[6.382,44.974],[6.3908,44.9719],[6.3965,44.9726],[6.3986,44.9743],[6.4017,44.9742],[6.4021,44.9706],[6.3971,44.9712],[6.3963,44.9699],[6.3938,44.97],[6.3936,44.9668],[6.3967,44.9663],[6.4014,44.9693],[6.4064,44.9682],[6.4107,44.9576],[6.4098,44.955],[6.4059,44.9538],[6.4051,44.9515],[6.4027,44.9525],[6.4001,44.9513],[6.4019,44.9503],[6.4017,44.9472],[6.404,44.9448],[6.411,44.9446],[6.4134,44.9431],[6.4172,44.943],[6.427,44.9471],[6.4267,44.9517],[6.4306,44.9533],[6.4298,44.9592],[6.4268,44.9611],[6.423,44.9612],[6.4108,44.9685],[6.4111,44.9729],[6.4056,44.9749],[6.4015,44.9796],[6.3987,44.9856],[6.3946,44.9898],[6.3961,44.9933],[6.3993,44.9927],[6.3981,44.9946],[6.4001,44.995],[6.4016,44.9981],[6.3965,44.9987],[6.3931,45.0038],[6.3893,45.0039],[6.3895,45.0066],[6.3933,45.0074],[6.3947,45.0091],[6.396,45.0086],[6.4012,45.0102],[6.4074,45.0091],[6.412,45.0107],[6.4112,45.009],[6.4093,45.0086],[6.4092,45.0068],[6.4104,45.0063],[6.4096,45.0045],[6.4127,45.0031],[6.4196,45.0024],[6.4197,45.0033],[6.4209,45.0028],[6.4204,45.0041],[6.4337,45.0032],[6.4375,45.0039],[6.4419,45.0024],[6.4418,45.0011],[6.4475,45.0009],[6.4514,45.003],[6.4531,45.0002],[6.4486,44.9995],[6.4479,44.9977],[6.4453,44.9969],[6.4444,44.9938],[6.4319,44.9969],[6.4256,44.9972],[6.4255,44.9958],[6.4303,44.9925],[6.4306,44.988],[6.4292,44.9858],[6.431,44.9844],[6.4385,44.9832],[6.4433,44.9794],[6.4432,44.9781],[6.4426,44.9781],[6.442,44.9781],[6.4408,44.98],[6.4302,44.9821],[6.4276,44.9813],[6.4281,44.9791],[6.4242,44.9779],[6.4311,44.9763],[6.4315,44.974],[6.4334,44.9735],[6.4312,44.97],[6.4351,44.9626],[6.4311,44.96],[6.4349,44.959],[6.4401,44.9611],[6.4415,44.9633],[6.4379,44.9652],[6.4386,44.967],[6.4425,44.9677],[6.4445,44.9695],[6.4477,44.9693],[6.4491,44.972],[6.4594,44.973],[6.4647,44.9764],[6.466,44.9756],[6.4627,44.9743],[6.4613,44.9716],[6.4567,44.9695],[6.4579,44.9677],[6.4609,44.9676],[6.4593,44.9635],[6.4561,44.9627],[6.451,44.9634],[6.4509,44.962],[6.4483,44.9612],[6.4482,44.959],[6.4449,44.9573],[6.4441,44.9546],[6.4453,44.9546],[6.4452,44.9532],[6.4421,44.9533],[6.4387,44.9512],[6.4299,44.9515],[6.429,44.9475],[6.4332,44.9451],[6.4388,44.944],[6.4427,44.9443],[6.4434,44.9452],[6.4484,44.945],[6.4486,44.9468],[6.4462,44.9491],[6.4513,44.9494],[6.454,44.9515],[6.4653,44.9498],[6.4669,44.9466],[6.463,44.9454],[6.4583,44.9419],[6.4577,44.9419],[6.4577,44.9424],[6.4558,44.9425],[6.4525,44.9408],[6.4449,44.9406],[6.4389,44.9359],[6.4339,44.937],[6.4321,44.9388],[6.4251,44.9378],[6.423,44.9356],[6.4221,44.9316],[6.4194,44.9294],[6.4211,44.9271],[6.423,44.9275],[6.4267,44.9251],[6.4289,44.9214],[6.4339,44.9194],[6.4333,44.918],[6.4351,44.9184],[6.4369,44.9171],[6.4363,44.9161],[6.4398,44.9138],[6.4425,44.9083],[6.4456,44.9068],[6.4451,44.9046],[6.4467,44.9045],[6.4475,44.9018],[6.4474,44.9004],[6.445,44.9023],[6.4436,44.9006],[6.4431,44.9028],[6.4406,44.9038],[6.4415,44.9083],[6.4397,44.9092],[6.441,44.9101],[6.4368,44.9138],[6.4311,44.9131],[6.4346,44.9094],[6.4356,44.9035],[6.4337,44.9036],[6.4336,44.9022],[6.4341,44.9013],[6.4355,44.9022],[6.4373,44.9012],[6.4353,44.8999],[6.4351,44.8963],[6.4338,44.8963],[6.4338,44.8954],[6.4369,44.8944],[6.4342,44.8914],[6.4367,44.8913],[6.4373,44.8899],[6.4347,44.89],[6.4347,44.8891],[6.4371,44.8877],[6.4364,44.8868],[6.4383,44.8867],[6.4383,44.8858],[6.4402,44.8862],[6.4395,44.8854],[6.4401,44.884],[6.4381,44.8827],[6.4385,44.8795],[6.4339,44.877],[6.4338,44.8756],[6.4272,44.8709],[6.4323,44.8716],[6.4364,44.8755],[6.4395,44.875],[6.4429,44.878],[6.4467,44.8784],[6.4453,44.8762],[6.4517,44.8769],[6.4536,44.8782],[6.4561,44.8772],[6.4542,44.8772],[6.4529,44.8759],[6.4497,44.8765],[6.4471,44.8748],[6.4421,44.8763],[6.4414,44.8745],[6.4445,44.873],[6.4449,44.8708],[6.4415,44.8687],[6.4425,44.8646],[6.4394,44.8633],[6.4397,44.8616],[6.4359,44.8608],[6.4351,44.8586],[6.4286,44.8557],[6.426,44.8549],[6.4216,44.8559],[6.4111,44.8509],[6.4105,44.8509],[6.4105,44.8518],[6.4132,44.8531],[6.4133,44.8549],[6.4097,44.8577],[6.4078,44.8578],[6.4078,44.8573],[6.4071,44.8574],[6.4072,44.8583],[6.4124,44.8603],[6.4156,44.8602],[6.4166,44.8626],[6.4121,44.8639],[6.4113,44.8626],[6.4101,44.8627],[6.4101,44.8635],[6.4069,44.8632],[6.4057,44.8642],[6.3999,44.8626],[6.4007,44.8643],[6.3963,44.8645],[6.3958,44.8663],[6.3955,44.8632],[6.3896,44.8598],[6.3894,44.8576],[6.3907,44.8571],[6.389,44.8513],[6.3902,44.8503],[6.3888,44.8481],[6.3912,44.8467],[6.3901,44.8404],[6.3919,44.8386],[6.3963,44.8393],[6.3962,44.8379],[6.3899,44.8382],[6.3892,44.8373],[6.3848,44.837],[6.3964,44.8321],[6.4109,44.8311],[6.4137,44.8337],[6.4138,44.8359],[6.4182,44.8349],[6.4233,44.836],[6.4251,44.8342],[6.4259,44.8364],[6.4321,44.8353],[6.4373,44.8373],[6.4405,44.8368],[6.4431,44.8385],[6.452,44.8381],[6.4539,44.8394],[6.4589,44.8379],[6.4615,44.8391],[6.4659,44.8385],[6.4658,44.8367],[6.4638,44.8354],[6.4593,44.8352],[6.4559,44.8317],[6.4517,44.8341],[6.4513,44.8296],[6.4474,44.8279],[6.4457,44.8307],[6.4426,44.8313],[6.4418,44.8286],[6.443,44.8286],[6.4436,44.8281],[6.4435,44.8267],[6.443,44.8286],[6.4373,44.8279],[6.4382,44.8233],[6.4336,44.8208],[6.4296,44.8187],[6.4265,44.8184],[6.4257,44.817],[6.4232,44.8171],[6.422,44.8185],[6.4195,44.8182],[6.4161,44.8156],[6.4152,44.812],[6.4106,44.8086],[6.412,44.8027],[6.4139,44.8026],[6.4141,44.8053],[6.4172,44.8043],[6.4193,44.8065],[6.4212,44.8064],[6.4223,44.8046],[6.4249,44.8054],[6.4247,44.8036],[6.4266,44.803],[6.4257,44.7999],[6.427,44.7994],[6.4352,44.7996],[6.4373,44.8022],[6.4396,44.7999],[6.4453,44.7996],[6.4479,44.8],[6.4506,44.8026],[6.4484,44.7986],[6.4522,44.798],[6.4521,44.7967],[6.4488,44.795],[6.445,44.7956],[6.4411,44.794],[6.439,44.7913],[6.4366,44.7932],[6.4362,44.7955],[6.4336,44.7951],[6.4334,44.792],[6.4346,44.791],[6.4313,44.7894],[6.4312,44.7876],[6.4342,44.7861],[6.4327,44.783],[6.4283,44.7827],[6.4281,44.7809],[6.4312,44.7811],[6.4308,44.7822],[6.432,44.7821],[6.4332,44.7807],[6.4351,44.7811],[6.435,44.7802],[6.4299,44.7786],[6.4272,44.7765],[6.422,44.7753],[6.4208,44.7762],[6.4183,44.7763],[6.4176,44.7755],[6.4126,44.7756],[6.412,44.7766],[6.4063,44.7763],[6.4036,44.7742],[6.4018,44.7747],[6.3965,44.7717],[6.3857,44.7717],[6.3854,44.7667],[6.3865,44.7654],[6.3832,44.7632],[6.3822,44.7664],[6.3797,44.7665],[6.3785,44.7683],[6.376,44.7684],[6.3759,44.7671],[6.3734,44.7667],[6.372,44.765],[6.3675,44.7647],[6.3674,44.7629],[6.361,44.7622],[6.3603,44.76],[6.3634,44.7594],[6.3658,44.7576],[6.3609,44.7519],[6.3577,44.7511],[6.357,44.7493],[6.3581,44.7484],[6.3525,44.749],[6.3523,44.7468],[6.3536,44.7467],[6.3511,44.7464],[6.3498,44.7464],[6.3498,44.7469],[6.3499,44.7473],[6.3486,44.7474],[6.3473,44.7474],[6.3467,44.7474],[6.3461,44.7475],[6.3448,44.7471],[6.3447,44.7453],[6.3413,44.7427],[6.3369,44.7424],[6.3365,44.7379],[6.3352,44.7366],[6.3334,44.738],[6.3348,44.7398],[6.3362,44.751],[6.3352,44.7537],[6.3364,44.7541],[6.3369,44.76],[6.3345,44.7623],[6.3296,44.7557],[6.3265,44.7558],[6.3254,44.7581],[6.3235,44.7582],[6.3233,44.7564],[6.3246,44.7559],[6.323,44.7515],[6.32,44.7543],[6.3168,44.7535],[6.3172,44.7503],[6.3151,44.7477],[6.3161,44.744],[6.3186,44.7435],[6.3173,44.7431],[6.3172,44.7409],[6.3142,44.7428],[6.3091,44.743],[6.3055,44.7458],[6.298,44.7461],[6.2966,44.7443],[6.2995,44.7415],[6.2995,44.7406],[6.2976,44.7407],[6.2992,44.737],[6.2943,44.7394],[6.2917,44.7386],[6.2848,44.7389],[6.2824,44.7399],[6.2825,44.7417],[6.2807,44.7426],[6.273,44.7411],[6.2731,44.7433],[6.2693,44.743],[6.2686,44.7417],[6.2648,44.7418],[6.2655,44.7432],[6.2624,44.7433],[6.2603,44.7411],[6.2571,44.7408],[6.256,44.7422],[6.2567,44.743],[6.2568,44.7453],[6.257,44.7471],[6.2564,44.7475],[6.2597,44.7501],[6.2572,44.7502],[6.2573,44.7516],[6.2599,44.7533],[6.2603,44.7587],[6.2609,44.7586],[6.261,44.7591],[6.261,44.7595],[6.2616,44.7595],[6.2617,44.7604],[6.2623,44.7604],[6.2624,44.7617],[6.263,44.7617],[6.2612,44.7627],[6.2613,44.764],[6.2664,44.7652],[6.2666,44.7679],[6.2643,44.7711],[6.2581,44.7727],[6.2561,44.7705],[6.2536,44.7715],[6.2511,44.7711],[6.2505,44.7716],[6.2505,44.7721],[6.2506,44.7734],[6.2514,44.7765],[6.2453,44.7795],[6.2422,44.7796],[6.2376,44.7779],[6.2386,44.7734],[6.2326,44.7695],[6.2337,44.7668]],[[6.4305,44.9136],[6.4304,44.9131],[6.4311,44.9131],[6.4305,44.9136]],[[6.4552,44.9651],[6.4553,44.9669],[6.4533,44.9651],[6.4552,44.9651]],[[6.4559,44.9669],[6.456,44.9673],[6.4553,44.9673],[6.4553,44.9669],[6.4559,44.9669]],[[6.4444,44.9037],[6.445,44.9028],[6.4463,44.9036],[6.4444,44.9037]],[[6.4388,44.884],[6.4394,44.884],[6.4388,44.8845],[6.4388,44.884]],[[6.4356,44.8733],[6.4349,44.8724],[6.4362,44.8733],[6.4356,44.8733]],[[6.4355,44.872],[6.4355,44.8715],[6.4362,44.8719],[6.4355,44.872]],[[6.4353,44.899],[6.4333,44.8986],[6.4339,44.8977],[6.4352,44.8977],[6.4353,44.899]],[[6.4289,44.8681],[6.4321,44.868],[6.432,44.8667],[6.4299,44.8631],[6.4318,44.8635],[6.434,44.8671],[6.4335,44.8702],[6.429,44.8695],[6.4289,44.8681]],[[6.4319,44.8317],[6.4318,44.8303],[6.433,44.8303],[6.4338,44.8321],[6.4319,44.8317]],[[6.4338,44.9054],[6.4325,44.9059],[6.4324,44.9041],[6.433,44.904],[6.4338,44.9054]],[[6.4329,44.8919],[6.4329,44.8914],[6.4336,44.8918],[6.4329,44.8919]],[[6.4321,44.8892],[6.4321,44.8887],[6.4334,44.8892],[6.4321,44.8892]],[[6.4326,44.9063],[6.4332,44.9072],[6.4319,44.9063],[6.4326,44.9063]],[[6.431,44.8915],[6.431,44.891],[6.4323,44.8914],[6.431,44.8915]],[[6.4291,44.9019],[6.4317,44.9027],[6.429,44.9052],[6.4265,44.9057],[6.4251,44.9031],[6.4297,44.901],[6.4291,44.9019]],[[6.4308,44.7912],[6.4309,44.7925],[6.429,44.7922],[6.4308,44.7912]],[[6.4036,44.9048],[6.4028,44.9026],[6.4041,44.9021],[6.4039,44.9003],[6.4014,44.9004],[6.3987,44.8977],[6.3937,44.8984],[6.3839,44.8942],[6.3812,44.8921],[6.3815,44.888],[6.3801,44.8867],[6.3896,44.8864],[6.3939,44.8844],[6.3965,44.8848],[6.3976,44.8834],[6.4076,44.8898],[6.4081,44.8875],[6.4119,44.8878],[6.4146,44.8895],[6.4151,44.8877],[6.4195,44.888],[6.4205,44.8848],[6.4224,44.8843],[6.4238,44.8856],[6.4256,44.885],[6.427,44.8859],[6.4271,44.8872],[6.4303,44.8876],[6.4299,44.8916],[6.4244,44.8941],[6.4251,44.8954],[6.4239,44.8964],[6.4213,44.8956],[6.4184,44.8988],[6.4147,44.8994],[6.4137,44.9031],[6.4036,44.9048]],[[6.4298,44.8609],[6.4292,44.8618],[6.4279,44.8618],[6.4285,44.8609],[6.4298,44.8609]],[[6.4278,44.8605],[6.4285,44.8605],[6.4279,44.8609],[6.4278,44.8605]],[[6.4187,44.9893],[6.4179,44.9867],[6.4203,44.9852],[6.4273,44.985],[6.428,44.9867],[6.4219,44.9897],[6.4187,44.9893]],[[6.4187,44.8657],[6.4268,44.8637],[6.4275,44.865],[6.4245,44.8678],[6.4238,44.8669],[6.4213,44.8679],[6.4206,44.867],[6.4181,44.8671],[6.4187,44.8657]],[[6.4214,44.9046],[6.4206,44.9032],[6.4225,44.9032],[6.4226,44.9041],[6.4214,44.9046]],[[6.3946,44.9546],[6.3901,44.9535],[6.3906,44.9516],[6.3956,44.9515],[6.3958,44.9537],[6.3946,44.9546]],[[6.3799,44.9534],[6.3836,44.9519],[6.3881,44.9526],[6.3888,44.954],[6.3864,44.9554],[6.388,44.9594],[6.3802,44.957],[6.3799,44.9534]],[[6.3882,44.9369],[6.3844,44.937],[6.3824,44.9353],[6.3822,44.933],[6.3847,44.932],[6.3886,44.9337],[6.3882,44.9369]],[[6.3868,44.882],[6.3876,44.8846],[6.3849,44.8825],[6.3868,44.882]],[[6.3819,44.8587],[6.3776,44.8598],[6.3735,44.8559],[6.3759,44.8545],[6.3818,44.8565],[6.3819,44.8587]],[[6.3703,44.8556],[6.3722,44.8555],[6.3704,44.8565],[6.3703,44.8556]],[[6.3714,44.8884],[6.367,44.8886],[6.3662,44.8863],[6.3705,44.8853],[6.3714,44.8884]],[[6.3572,44.7705],[6.3509,44.7707],[6.3552,44.7692],[6.3572,44.7705]],[[6.3524,44.7657],[6.3505,44.7653],[6.3469,44.7591],[6.3466,44.7551],[6.3492,44.7559],[6.3528,44.7621],[6.3524,44.7657]],[[6.3462,44.8461],[6.3454,44.8439],[6.3485,44.8433],[6.3499,44.845],[6.3462,44.8461]],[[6.3439,44.7529],[6.344,44.7538],[6.3427,44.753],[6.3439,44.7529]],[[6.3386,44.7752],[6.3374,44.7762],[6.3336,44.7758],[6.3355,44.7668],[6.3373,44.7662],[6.3386,44.7752]],[[6.334,44.7821],[6.3322,44.7826],[6.3318,44.7782],[6.333,44.7768],[6.334,44.7821]],[[6.3056,44.7642],[6.31,44.7641],[6.3118,44.7627],[6.3143,44.7626],[6.3153,44.7679],[6.3136,44.7703],[6.3111,44.7703],[6.3077,44.7682],[6.3046,44.7683],[6.3044,44.7652],[6.3056,44.7642]],[[6.2657,44.7999],[6.2656,44.7985],[6.2682,44.7985],[6.2677,44.8003],[6.2657,44.7999]],[[6.2175,44.7975],[6.2186,44.7957],[6.2212,44.7956],[6.2213,44.797],[6.2175,44.7975]],[[6.2126,44.8004],[6.2126,44.7995],[6.2133,44.8004],[6.2126,44.8004]]],[[[6.4573,44.8767],[6.4605,44.8765],[6.4605,44.8774],[6.4631,44.8778],[6.4661,44.8751],[6.4572,44.8753],[6.4573,44.8767]]],[[[6.4585,44.8838],[6.4621,44.881],[6.4664,44.8795],[6.4663,44.8786],[6.4683,44.879],[6.4688,44.8776],[6.4644,44.8774],[6.4553,44.8844],[6.4585,44.8838]]],[[[6.4509,44.8949],[6.4489,44.8945],[6.4498,44.8977],[6.4485,44.8977],[6.4486,44.899],[6.4508,44.8994],[6.4517,44.8976],[6.4551,44.8975],[6.4549,44.8948],[6.4528,44.8949],[6.4535,44.893],[6.4519,44.8908],[6.452,44.8922],[6.4494,44.8923],[6.4509,44.8949]],[[6.4541,44.8966],[6.4541,44.8962],[6.4548,44.8966],[6.4541,44.8966]]],[[[6.4094,44.8969],[6.4043,44.8971],[6.4052,44.8998],[6.409,44.8996],[6.4094,44.8969]]],[[[6.473,44.9008],[6.4739,44.9035],[6.4783,44.9029],[6.4796,44.9042],[6.4793,44.9002],[6.4747,44.8999],[6.473,44.9008]]],[[[6.4726,44.9369],[6.4743,44.935],[6.4762,44.935],[6.4795,44.9366],[6.4825,44.9352],[6.4818,44.9338],[6.4799,44.9339],[6.4802,44.9285],[6.4846,44.9283],[6.4858,44.9269],[6.4825,44.9253],[6.482,44.9271],[6.4739,44.9292],[6.4746,44.931],[6.4723,44.9328],[6.4627,44.9323],[6.4621,44.9332],[6.4647,44.9336],[6.4669,44.9371],[6.4726,44.9369]]],[[[6.4883,44.944],[6.4907,44.9421],[6.488,44.9404],[6.4865,44.9368],[6.4847,44.9378],[6.484,44.9374],[6.4797,44.9375],[6.4801,44.9443],[6.484,44.9455],[6.4845,44.9445],[6.4883,44.944]]],[[[6.4207,44.9469],[6.4161,44.9457],[6.4145,44.9499],[6.4202,44.9496],[6.4207,44.9469]]],[[[6.4811,44.9492],[6.4856,44.9499],[6.484,44.9459],[6.479,44.9466],[6.4811,44.9492]]],[[[6.2599,45.0144],[6.2567,45.0121],[6.2566,45.0107],[6.2573,45.0116],[6.2592,45.0111],[6.2599,45.0129],[6.2617,45.0135],[6.262,45.0081],[6.2605,45.005],[6.263,45.0044],[6.2701,45.0055],[6.2724,45.0027],[6.2697,45.0006],[6.2665,45.0002],[6.267,44.9983],[6.2637,44.9971],[6.2587,44.9974],[6.261,44.9984],[6.2585,44.9994],[6.2549,44.998],[6.2531,44.9989],[6.2538,45.0049],[6.2513,45.0059],[6.2503,45.0046],[6.2521,45.0111],[6.2508,45.0112],[6.251,45.014],[6.2524,45.0136],[6.251,45.0122],[6.2529,45.0122],[6.2599,45.0144]],[[6.256,45.0103],[6.2566,45.0103],[6.2566,45.0107],[6.256,45.0103]],[[6.2559,45.0024],[6.2578,45.0024],[6.2579,45.0037],[6.256,45.0038],[6.2559,45.0024]]],[[[6.4879,45.0237],[6.4904,45.0236],[6.494,45.0208],[6.4959,45.0207],[6.4939,45.0185],[6.4895,45.0196],[6.4903,45.0218],[6.4871,45.0219],[6.4879,45.0237]]],[[[6.2935,45.1029],[6.2923,45.0952],[6.2899,45.0967],[6.2904,45.1039],[6.2923,45.1042],[6.2935,45.1029]]],[[[6.3514,45.0859],[6.3475,45.0851],[6.3484,45.0883],[6.3453,45.0897],[6.344,45.0893],[6.3411,45.0926],[6.3414,45.0971],[6.3328,45.1014],[6.333,45.1037],[6.3173,45.1074],[6.3176,45.111],[6.3273,45.1138],[6.3288,45.116],[6.3327,45.1181],[6.3328,45.1195],[6.3361,45.1207],[6.3395,45.1147],[6.3477,45.1144],[6.3481,45.1103],[6.35,45.1103],[6.3511,45.1089],[6.3495,45.104],[6.3539,45.1025],[6.353,45.0989],[6.3567,45.0983],[6.3615,45.0941],[6.3607,45.091],[6.3612,45.0892],[6.3592,45.0888],[6.3576,45.0839],[6.3551,45.0849],[6.3532,45.0845],[6.3514,45.0859]]],[[[6.6532,44.5183],[6.655,44.5165],[6.653,44.5152],[6.6511,44.5157],[6.6505,44.5153],[6.6475,44.5177],[6.6532,44.5183]]],[[[6.642,44.5359],[6.6427,44.5372],[6.6452,44.5371],[6.6458,44.5362],[6.6444,44.5269],[6.6432,44.5269],[6.6439,44.5283],[6.6425,44.5269],[6.6413,44.5274],[6.6418,44.5332],[6.6437,44.5331],[6.642,44.5359]]],[[[6.607,44.5972],[6.6137,44.5951],[6.6105,44.5934],[6.609,44.5935],[6.6103,44.5947],[6.609,44.5943],[6.6091,44.5952],[6.593,44.5957],[6.5919,44.5973],[6.5911,44.5958],[6.5871,44.5963],[6.586,44.5955],[6.5849,44.5971],[6.581,44.5961],[6.5788,44.6],[6.5751,44.6002],[6.5754,44.6047],[6.573,44.607],[6.5743,44.6074],[6.5815,44.6026],[6.5903,44.6014],[6.5914,44.6],[6.5939,44.5999],[6.5953,44.6017],[6.5966,44.6016],[6.5959,44.6007],[6.5995,44.5988],[6.6002,44.5997],[6.5985,44.6015],[6.5997,44.6015],[6.6,44.6046],[6.6013,44.605],[6.6025,44.6045],[6.603,44.6032],[6.6023,44.6027],[6.6023,44.6023],[6.6022,44.6014],[6.6035,44.6013],[6.6034,44.6],[6.6079,44.6007],[6.607,44.5972]],[[6.6004,44.5973],[6.5991,44.5973],[6.6004,44.5968],[6.6004,44.5973]],[[6.5859,44.5977],[6.5834,44.5978],[6.5859,44.5973],[6.5859,44.5977]],[[6.5828,44.5978],[6.5809,44.5979],[6.5828,44.5974],[6.5828,44.5978]]],[[[6.716,44.6131],[6.7161,44.6145],[6.7124,44.6155],[6.7169,44.6171],[6.7132,44.6182],[6.7113,44.6174],[6.7083,44.6193],[6.7106,44.6242],[6.7081,44.6247],[6.706,44.6221],[6.7023,44.6236],[6.7013,44.6263],[6.7,44.6264],[6.7,44.6268],[6.7001,44.6277],[6.7015,44.6295],[6.7021,44.6285],[6.7046,44.6284],[6.7072,44.6301],[6.7098,44.63],[6.7121,44.6281],[6.7113,44.6259],[6.7137,44.6245],[6.7136,44.6231],[6.7155,44.6235],[6.7163,44.6253],[6.7188,44.6247],[6.7223,44.6214],[6.7297,44.6184],[6.7301,44.6162],[6.7379,44.6195],[6.741,44.6189],[6.7463,44.6218],[6.7472,44.6173],[6.7457,44.6142],[6.7461,44.611],[6.7427,44.6085],[6.7334,44.6097],[6.733,44.6125],[6.7292,44.6126],[6.7247,44.6114],[6.72,44.6085],[6.7191,44.6121],[6.716,44.6131]]],[[[6.6981,44.6341],[6.7043,44.6334],[6.7049,44.632],[6.7036,44.6316],[6.6999,44.6336],[6.6979,44.6319],[6.6949,44.6333],[6.6963,44.6355],[6.6981,44.6341]]],[[[6.7395,44.6478],[6.7434,44.6409],[6.7419,44.6378],[6.7393,44.6374],[6.7391,44.6428],[6.7379,44.6438],[6.7394,44.646],[6.7369,44.647],[6.7376,44.6478],[6.7395,44.6478]]],[[[6.7221,44.675],[6.7273,44.6775],[6.7272,44.6757],[6.7291,44.6757],[6.7296,44.6743],[6.7264,44.6735],[6.7247,44.6754],[6.7221,44.675]]],[[[6.5518,44.6772],[6.5577,44.6797],[6.5568,44.6838],[6.5581,44.6846],[6.561,44.6809],[6.5654,44.6816],[6.566,44.6802],[6.562,44.6786],[6.5571,44.6792],[6.5556,44.6761],[6.551,44.675],[6.5518,44.6772]]],[[[6.5181,44.6816],[6.5161,44.6804],[6.5148,44.6804],[6.5136,44.6804],[6.5138,44.6827],[6.5157,44.684],[6.5183,44.6839],[6.5181,44.6816]]],[[[6.5478,44.6909],[6.5495,44.6957],[6.5557,44.6951],[6.5555,44.6928],[6.5517,44.6916],[6.5504,44.6921],[6.5497,44.6908],[6.5478,44.6909]]],[[[6.5243,44.6972],[6.5242,44.6963],[6.5178,44.6942],[6.514,44.6944],[6.5134,44.6953],[6.5085,44.6964],[6.5074,44.6991],[6.5164,44.7006],[6.5212,44.6977],[6.5243,44.6972]]],[[[6.5602,44.6958],[6.5641,44.6974],[6.5643,44.7006],[6.567,44.7027],[6.572,44.7012],[6.5712,44.6999],[6.5668,44.6991],[6.5646,44.6961],[6.5627,44.6957],[6.5602,44.6958]],[[6.5697,44.7001],[6.5703,44.7001],[6.5697,44.7005],[6.5697,44.7001]]],[[[6.6789,44.6957],[6.6764,44.6958],[6.6753,44.6981],[6.6734,44.6981],[6.6748,44.6994],[6.6743,44.7017],[6.6686,44.7019],[6.6758,44.7043],[6.6751,44.7035],[6.6774,44.7011],[6.679,44.6966],[6.6801,44.6956],[6.6821,44.696],[6.6826,44.6946],[6.6789,44.6957]]],[[[6.6912,44.7078],[6.6956,44.7027],[6.6984,44.703],[6.6982,44.7003],[6.6939,44.7014],[6.6922,44.7046],[6.6903,44.7047],[6.6897,44.7047],[6.6886,44.7075],[6.6912,44.7078]],[[6.6902,44.7074],[6.6896,44.7074],[6.6902,44.707],[6.6902,44.7074]]],[[[6.538,44.7115],[6.5436,44.7108],[6.5461,44.7094],[6.5511,44.7092],[6.5525,44.7105],[6.5608,44.712],[6.5606,44.7102],[6.5632,44.7105],[6.5644,44.7096],[6.5643,44.7087],[6.5586,44.7085],[6.5578,44.7058],[6.5551,44.7041],[6.5526,44.7046],[6.5468,44.7022],[6.5443,44.7022],[6.5435,44.7005],[6.5359,44.7008],[6.5326,44.6982],[6.5281,44.6979],[6.524,44.7012],[6.5218,44.7063],[6.527,44.7083],[6.534,44.7089],[6.538,44.7115]]],[[[6.7049,44.7217],[6.7076,44.7234],[6.7139,44.724],[6.7172,44.7171],[6.7153,44.7172],[6.7141,44.7177],[6.7123,44.7196],[6.706,44.7189],[6.7048,44.7203],[6.7049,44.7217]]],[[[6.6627,44.7148],[6.6654,44.7169],[6.6664,44.7223],[6.6633,44.7229],[6.6628,44.7247],[6.6597,44.7248],[6.6597,44.7257],[6.656,44.7267],[6.6562,44.7294],[6.6607,44.7302],[6.6713,44.7266],[6.6722,44.7211],[6.6729,44.722],[6.6747,44.7211],[6.6758,44.7183],[6.672,44.7193],[6.6712,44.7166],[6.6694,44.718],[6.6654,44.7169],[6.6667,44.7154],[6.6655,44.7159],[6.6648,44.715],[6.669,44.7145],[6.6706,44.7162],[6.6685,44.7131],[6.669,44.7118],[6.6637,44.712],[6.6627,44.7148]],[[6.6663,44.7186],[6.6676,44.7185],[6.6663,44.719],[6.6663,44.7186]],[[6.6675,44.7181],[6.6682,44.7181],[6.6676,44.7185],[6.6675,44.7181]]],[[[6.6949,44.7234],[6.6989,44.726],[6.704,44.7262],[6.6997,44.7273],[6.7047,44.7275],[6.7052,44.7257],[6.7013,44.7236],[6.6991,44.7201],[6.6996,44.7187],[6.6958,44.7184],[6.6941,44.7212],[6.6949,44.7234]]],[[[6.6905,44.7236],[6.6894,44.7237],[6.6905,44.7227],[6.6866,44.7215],[6.6848,44.7229],[6.6844,44.7256],[6.6889,44.7255],[6.6895,44.7268],[6.6907,44.7258],[6.6905,44.7236]]],[[[6.656,44.7515],[6.6515,44.7503],[6.6502,44.752],[6.6484,44.7509],[6.6511,44.7526],[6.6506,44.7549],[6.6527,44.757],[6.6575,44.7546],[6.656,44.7515]]],[[[6.6905,44.7722],[6.6912,44.7731],[6.6883,44.7759],[6.6939,44.7752],[6.6937,44.7726],[6.6967,44.7706],[6.6965,44.7679],[6.6934,44.7685],[6.6942,44.7707],[6.6905,44.7722]]],[[[6.6379,44.8283],[6.6382,44.8324],[6.6401,44.8323],[6.6415,44.8336],[6.6426,44.8399],[6.6407,44.8399],[6.6409,44.8417],[6.6435,44.8434],[6.6492,44.8432],[6.6506,44.845],[6.65,44.8471],[6.6525,44.8444],[6.6544,44.8444],[6.6526,44.8462],[6.6533,44.8471],[6.6485,44.85],[6.6548,44.8497],[6.659,44.8473],[6.6607,44.8446],[6.6611,44.8418],[6.6573,44.842],[6.6571,44.8384],[6.6618,44.8337],[6.6615,44.8306],[6.6632,44.8278],[6.6691,44.8217],[6.668,44.8168],[6.6697,44.814],[6.6735,44.8139],[6.6727,44.8198],[6.6698,44.823],[6.673,44.8238],[6.6731,44.8252],[6.6797,44.8208],[6.6814,44.8181],[6.6794,44.8168],[6.6769,44.8169],[6.6761,44.8142],[6.6735,44.8134],[6.6733,44.8112],[6.6758,44.8106],[6.6749,44.8075],[6.6767,44.8065],[6.6726,44.8027],[6.6784,44.8029],[6.6761,44.7989],[6.6811,44.7978],[6.6826,44.8],[6.6926,44.7992],[6.6939,44.8],[6.6928,44.8014],[6.6967,44.8031],[6.6963,44.7981],[6.7008,44.7993],[6.7027,44.7988],[6.7031,44.7956],[6.6974,44.7958],[6.6967,44.7954],[6.6991,44.7926],[6.6927,44.7924],[6.6914,44.7916],[6.6912,44.7893],[6.6937,44.7892],[6.6944,44.7901],[6.6969,44.7891],[6.6833,44.7847],[6.6795,44.7772],[6.6819,44.7748],[6.6892,44.7718],[6.6882,44.7665],[6.6893,44.7651],[6.6871,44.7611],[6.6881,44.757],[6.6852,44.7526],[6.682,44.7523],[6.6858,44.7521],[6.6868,44.7485],[6.6887,44.7489],[6.6883,44.7435],[6.6902,44.7434],[6.6904,44.7466],[6.6925,44.7492],[6.6962,44.7477],[6.6985,44.7449],[6.6984,44.7431],[6.6996,44.7426],[6.6971,44.7427],[6.6959,44.736],[6.6985,44.7282],[6.6928,44.7284],[6.6892,44.7308],[6.6871,44.7359],[6.6852,44.7364],[6.686,44.7391],[6.6835,44.7392],[6.6836,44.7401],[6.6811,44.7402],[6.681,44.7388],[6.6784,44.7389],[6.6783,44.7376],[6.6752,44.7377],[6.6749,44.7341],[6.6729,44.7328],[6.668,44.7344],[6.6585,44.7343],[6.6565,44.7326],[6.6451,44.733],[6.6444,44.7313],[6.6437,44.7313],[6.6431,44.7313],[6.6431,44.7318],[6.6419,44.7318],[6.6439,44.7335],[6.6416,44.7363],[6.6424,44.7381],[6.6272,44.7387],[6.6325,44.7416],[6.6389,44.7423],[6.6423,44.7457],[6.6511,44.745],[6.6538,44.7471],[6.6576,44.7469],[6.658,44.7519],[6.6625,44.7531],[6.6589,44.7564],[6.6592,44.7595],[6.6631,44.7616],[6.6621,44.7639],[6.657,44.7641],[6.653,44.7611],[6.6482,44.7613],[6.6514,44.7619],[6.6528,44.7632],[6.648,44.7624],[6.6469,44.7636],[6.6443,44.7637],[6.6365,44.7604],[6.6271,44.7621],[6.6271,44.7612],[6.6246,44.7617],[6.6212,44.7584],[6.6155,44.7581],[6.6119,44.7564],[6.6091,44.7574],[6.6092,44.7583],[6.6136,44.759],[6.6176,44.7616],[6.6218,44.7668],[6.6288,44.767],[6.6289,44.7683],[6.6322,44.77],[6.6352,44.7762],[6.6388,44.7738],[6.6415,44.7764],[6.641,44.7782],[6.6392,44.7787],[6.6389,44.7833],[6.6352,44.7852],[6.6327,44.7853],[6.6327,44.7849],[6.6314,44.7849],[6.6289,44.785],[6.627,44.7846],[6.6248,44.7811],[6.6191,44.7813],[6.6184,44.78],[6.6165,44.7801],[6.6157,44.7783],[6.6076,44.7791],[6.6108,44.7803],[6.613,44.7834],[6.6193,44.7831],[6.618,44.7913],[6.6193,44.7921],[6.6191,44.7971],[6.6218,44.7997],[6.6231,44.8086],[6.6259,44.8117],[6.6272,44.8116],[6.6295,44.8093],[6.6294,44.8075],[6.635,44.8068],[6.6346,44.8096],[6.6359,44.8104],[6.6323,44.8128],[6.6333,44.8173],[6.6323,44.8209],[6.6344,44.8235],[6.6314,44.8263],[6.6322,44.8281],[6.6342,44.8289],[6.6379,44.8283]],[[6.6534,44.7636],[6.6528,44.7636],[6.6528,44.7632],[6.6534,44.7636]],[[6.6663,44.7956],[6.6644,44.7957],[6.6624,44.7944],[6.6662,44.7943],[6.6663,44.7956]],[[6.6418,44.7967],[6.6416,44.7944],[6.6448,44.7943],[6.6455,44.7956],[6.6418,44.7967]]],[[[6.7375,44.8231],[6.7356,44.8231],[6.7342,44.8214],[6.733,44.8214],[6.7323,44.8215],[6.7276,44.8257],[6.729,44.827],[6.7292,44.8306],[6.7305,44.8301],[6.7297,44.8283],[6.7334,44.8268],[6.735,44.8236],[6.7375,44.8231]]],[[[6.7048,44.8496],[6.7046,44.8478],[6.7065,44.8477],[6.7085,44.849],[6.709,44.8472],[6.7076,44.8445],[6.705,44.8446],[6.7054,44.841],[6.7034,44.8406],[6.7032,44.8375],[6.7057,44.8365],[6.7056,44.8353],[6.7037,44.8349],[6.7034,44.8325],[6.7073,44.8333],[6.7091,44.84],[6.7116,44.8399],[6.7123,44.8407],[6.7135,44.8474],[6.716,44.8473],[6.7151,44.8438],[6.7203,44.8454],[6.7182,44.8436],[6.7181,44.8414],[6.7199,44.8409],[6.7191,44.831],[6.7178,44.8301],[6.7186,44.8243],[6.7177,44.8211],[6.7158,44.8203],[6.7156,44.8181],[6.718,44.8166],[6.7173,44.8149],[6.7172,44.8144],[6.7171,44.8135],[6.7177,44.813],[6.7171,44.8131],[6.7163,44.8113],[6.715,44.8109],[6.7142,44.8087],[6.713,44.8087],[6.7128,44.8065],[6.71,44.8066],[6.7095,44.8077],[6.711,44.8079],[6.7114,44.8124],[6.7086,44.8179],[6.7001,44.8193],[6.6966,44.8175],[6.6923,44.8194],[6.6925,44.8226],[6.6908,44.8245],[6.6928,44.8239],[6.6933,44.8213],[6.6941,44.8234],[6.6971,44.8242],[6.6979,44.8264],[6.6956,44.8292],[6.6958,44.8324],[6.699,44.8318],[6.6991,44.8336],[6.6967,44.8343],[6.6959,44.8333],[6.6953,44.833],[6.694,44.833],[6.694,44.8329],[6.6916,44.8348],[6.69,44.8389],[6.6876,44.8399],[6.6877,44.8417],[6.6814,44.8419],[6.6825,44.8478],[6.6782,44.8502],[6.6792,44.8546],[6.6775,44.8565],[6.6783,44.8587],[6.6807,44.8573],[6.6856,44.863],[6.6853,44.8598],[6.6827,44.859],[6.6825,44.8559],[6.6837,44.8554],[6.6835,44.8531],[6.6865,44.8508],[6.689,44.8507],[6.6936,44.8527],[6.6951,44.8554],[6.6971,44.8562],[6.6972,44.8575],[6.6953,44.8585],[6.6961,44.8598],[6.6998,44.8592],[6.6978,44.858],[6.6983,44.8552],[6.7001,44.8552],[6.7025,44.8533],[6.7012,44.852],[6.7016,44.8493],[6.7041,44.8487],[6.7048,44.8496]],[[6.7014,44.8197],[6.7014,44.8192],[6.702,44.8197],[6.7014,44.8197]]],[[[6.5303,44.8699],[6.5297,44.8703],[6.5348,44.8693],[6.5363,44.8651],[6.5337,44.8643],[6.5332,44.867],[6.5307,44.8671],[6.5302,44.8681],[6.5302,44.8685],[6.5303,44.8699]]],[[[6.5623,44.8664],[6.5592,44.867],[6.5527,44.8731],[6.5482,44.8723],[6.5458,44.8742],[6.5433,44.8743],[6.5434,44.8757],[6.5385,44.8777],[6.5374,44.88],[6.5348,44.8796],[6.5343,44.8814],[6.5312,44.882],[6.5273,44.8803],[6.5261,44.8817],[6.527,44.8853],[6.5297,44.8879],[6.5329,44.8882],[6.5367,44.8872],[6.5407,44.8902],[6.5521,44.8898],[6.5534,44.8906],[6.5564,44.8882],[6.5569,44.8864],[6.5555,44.8847],[6.5567,44.8837],[6.5586,44.8841],[6.5587,44.8854],[6.5612,44.8853],[6.5612,44.8844],[6.5605,44.8845],[6.5605,44.8836],[6.5592,44.8836],[6.5589,44.8791],[6.5601,44.8782],[6.5592,44.8746],[6.5615,44.8716],[6.5603,44.8712],[6.5598,44.8726],[6.5591,44.8726],[6.5592,44.873],[6.5585,44.873],[6.5586,44.8735],[6.5567,44.874],[6.5559,44.8713],[6.5596,44.8703],[6.5601,44.8676],[6.5623,44.8664]]],[[[6.5821,44.8845],[6.5807,44.8837],[6.5764,44.8848],[6.5753,44.879],[6.5729,44.8808],[6.573,44.8822],[6.575,44.883],[6.5739,44.8853],[6.5753,44.8871],[6.5784,44.8865],[6.5804,44.8873],[6.5821,44.8845]]],[[[6.733,44.894],[6.7355,44.8939],[6.7372,44.892],[6.7338,44.8881],[6.7319,44.8881],[6.7313,44.8895],[6.7326,44.8899],[6.7302,44.8905],[6.73,44.8891],[6.7288,44.8892],[6.7271,44.8924],[6.7246,44.8933],[6.7317,44.8945],[6.7316,44.8922],[6.733,44.894]]],[[[6.5658,44.896],[6.5691,44.8972],[6.5703,44.8958],[6.5722,44.8957],[6.5739,44.8934],[6.5738,44.8925],[6.5744,44.8925],[6.575,44.8916],[6.5763,44.8915],[6.5774,44.8892],[6.5753,44.8875],[6.5744,44.8925],[6.5738,44.8925],[6.5738,44.893],[6.5732,44.893],[6.5732,44.8934],[6.5726,44.8935],[6.5726,44.8939],[6.5707,44.894],[6.5687,44.8923],[6.5682,44.8936],[6.5657,44.8942],[6.5643,44.8929],[6.5638,44.8943],[6.56,44.894],[6.56,44.8949],[6.5626,44.8948],[6.5627,44.8966],[6.5658,44.896]]],[[[6.5094,44.9121],[6.5135,44.916],[6.5173,44.9158],[6.5189,44.9126],[6.5175,44.91],[6.5225,44.9089],[6.5266,44.9047],[6.5168,44.9006],[6.5166,44.8988],[6.5191,44.8982],[6.5182,44.8951],[6.5163,44.8938],[6.5082,44.8959],[6.504,44.9001],[6.5021,44.9002],[6.5037,44.9037],[6.5032,44.9056],[6.5013,44.9061],[6.5023,44.911],[6.5056,44.9122],[6.5094,44.9121]],[[6.5201,44.9031],[6.5196,44.9045],[6.519,44.9045],[6.5189,44.9032],[6.5201,44.9031]],[[6.5077,44.9063],[6.5103,44.908],[6.5104,44.9093],[6.5042,44.9105],[6.504,44.9078],[6.5077,44.9063]]],[[[6.7141,44.9067],[6.7121,44.9054],[6.7108,44.9097],[6.7147,44.9113],[6.7141,44.9067]]],[[[6.7189,44.9494],[6.7174,44.9473],[6.713,44.9473],[6.7088,44.949],[6.7071,44.9526],[6.7089,44.9524],[6.7103,44.9542],[6.7122,44.9541],[6.7158,44.9517],[6.7179,44.9534],[6.7171,44.9512],[6.7189,44.9494]],[[6.7169,44.9485],[6.7175,44.9485],[6.7169,44.949],[6.7169,44.9485]]],[[[6.5639,44.996],[6.5641,44.9983],[6.5623,45.0006],[6.5663,45.0032],[6.5626,45.0037],[6.556,45.0008],[6.5516,45.0006],[6.5485,45.0016],[6.5487,45.0047],[6.5595,45.0043],[6.5622,45.0065],[6.5666,45.0067],[6.572,45.0101],[6.5739,45.0101],[6.5763,45.0082],[6.5761,45.0064],[6.5799,45.0062],[6.5817,45.0044],[6.5787,44.9986],[6.5811,44.9972],[6.5875,44.9978],[6.5815,44.994],[6.5826,44.9913],[6.5856,44.9894],[6.5855,44.988],[6.588,44.9879],[6.594,44.9908],[6.5953,44.9921],[6.5949,44.9944],[6.5989,44.9974],[6.6021,44.9968],[6.6049,44.9927],[6.6106,44.9929],[6.6116,44.9978],[6.6185,44.9966],[6.6252,44.9923],[6.6303,44.9921],[6.6274,44.9886],[6.623,44.9888],[6.6228,44.9861],[6.6201,44.9844],[6.6228,44.9776],[6.624,44.9766],[6.6272,44.9774],[6.6274,44.9792],[6.6256,44.9806],[6.6263,44.9819],[6.6302,44.9827],[6.6325,44.9803],[6.6286,44.9791],[6.6292,44.9778],[6.6343,44.9789],[6.6366,44.9757],[6.6435,44.975],[6.6451,44.9708],[6.6487,44.968],[6.6495,44.9698],[6.6552,44.9704],[6.6612,44.9657],[6.6611,44.9639],[6.6584,44.9622],[6.6546,44.9619],[6.6504,44.9567],[6.6501,44.9526],[6.6551,44.9524],[6.6538,44.9516],[6.6543,44.9507],[6.6511,44.9512],[6.6499,44.9525],[6.6489,44.9459],[6.645,44.9447],[6.6449,44.9438],[6.6438,44.9452],[6.6394,44.9458],[6.6389,44.9477],[6.6358,44.9482],[6.6354,44.9514],[6.6341,44.9519],[6.6354,44.9539],[6.6412,44.9551],[6.6389,44.9588],[6.6343,44.9562],[6.6349,44.9557],[6.6343,44.9546],[6.6338,44.9555],[6.6306,44.9556],[6.627,44.9585],[6.6289,44.9618],[6.6184,44.962],[6.6173,44.9643],[6.6122,44.9636],[6.6087,44.9677],[6.6032,44.9698],[6.6014,44.9716],[6.6023,44.9752],[6.6017,44.9761],[6.5992,44.9762],[6.5993,44.9771],[6.6,44.9789],[6.6033,44.9797],[6.6028,44.981],[6.5984,44.9826],[6.5933,44.9814],[6.589,44.9834],[6.5858,44.9835],[6.5846,44.9849],[6.5802,44.985],[6.5808,44.9845],[6.5801,44.9833],[6.5807,44.9832],[6.5805,44.9805],[6.5811,44.9805],[6.581,44.9783],[6.5761,44.9807],[6.571,44.9809],[6.568,44.9833],[6.5636,44.9828],[6.5595,44.9881],[6.5513,44.9893],[6.5504,44.9934],[6.5479,44.9944],[6.5462,44.9967],[6.5499,44.9957],[6.5507,44.9979],[6.5532,44.9973],[6.5584,44.9985],[6.5598,44.9926],[6.5656,44.9937],[6.567,44.995],[6.5639,44.996]],[[6.6237,44.989],[6.6237,44.9895],[6.6231,44.989],[6.6237,44.989]],[[6.6227,44.9647],[6.6222,44.9656],[6.6202,44.9652],[6.6202,44.9648],[6.6227,44.9647]],[[6.6097,44.9791],[6.611,44.9791],[6.6097,44.9795],[6.6097,44.9791]]],[[[6.7201,45.0201],[6.718,45.0207],[6.7226,45.0221],[6.7434,45.0161],[6.7448,45.0112],[6.7502,45.0032],[6.751,44.9987],[6.7499,44.9969],[6.7518,44.9968],[6.75,44.9954],[6.7423,44.9951],[6.737,44.9935],[6.7378,44.9895],[6.7419,44.9889],[6.7494,44.9851],[6.7492,44.9776],[6.7516,44.9778],[6.7582,44.9732],[6.7632,44.9717],[6.7649,44.9596],[6.7584,44.9488],[6.7533,44.9509],[6.7535,44.9535],[6.7523,44.954],[6.7526,44.958],[6.7572,44.9597],[6.7574,44.9628],[6.7518,44.9644],[6.7495,44.9667],[6.7438,44.967],[6.7411,44.9644],[6.742,44.9603],[6.7374,44.9609],[6.7373,44.9591],[6.7357,44.9605],[6.7354,44.965],[6.7294,44.9617],[6.7293,44.9603],[6.7318,44.9593],[6.7307,44.954],[6.733,44.9507],[6.7326,44.9462],[6.7314,44.9463],[6.7292,44.9509],[6.7231,44.9543],[6.7173,44.9544],[6.7153,44.9526],[6.7161,44.9553],[6.713,44.9568],[6.7155,44.9562],[6.7171,44.9607],[6.7139,44.9612],[6.7132,44.9601],[6.7109,44.9602],[6.7101,44.9584],[6.7118,44.9573],[6.707,44.9585],[6.7061,44.9558],[6.7042,44.9559],[6.7031,44.9573],[6.7011,44.9565],[6.7012,44.9578],[6.7038,44.9586],[6.7029,44.9627],[6.6991,44.9638],[6.694,44.9635],[6.6935,44.9644],[6.6884,44.9642],[6.6911,44.9659],[6.6936,44.9658],[6.6951,44.9684],[6.7016,44.9713],[6.7018,44.974],[6.7008,44.9772],[6.6973,44.981],[6.6982,44.9845],[6.6965,44.9868],[6.6979,44.9881],[6.6956,44.9923],[6.6938,44.9928],[6.6929,44.9982],[6.6891,44.9984],[6.6878,44.9971],[6.6834,44.9982],[6.6817,45.0009],[6.6838,45.0027],[6.6814,45.005],[6.6877,45.0043],[6.6891,45.006],[6.696,45.0049],[6.7,45.0079],[6.7011,45.0128],[6.6999,45.0142],[6.6968,45.0148],[6.6941,45.0135],[6.6952,45.0108],[6.6844,45.0107],[6.6802,45.0059],[6.6756,45.0043],[6.676,45.0084],[6.6786,45.0092],[6.6794,45.0118],[6.6821,45.0135],[6.6832,45.0202],[6.6809,45.0212],[6.6828,45.0223],[6.6989,45.0201],[6.703,45.0213],[6.7046,45.0167],[6.7116,45.0169],[6.7153,45.0158],[6.7199,45.0179],[6.7201,45.0201]],[[6.7616,44.9542],[6.7625,44.956],[6.7606,44.9574],[6.7608,44.9592],[6.7592,44.9548],[6.7616,44.9542]],[[6.7426,44.9679],[6.7438,44.9674],[6.7441,44.9705],[6.7426,44.9679]],[[6.7378,44.9798],[6.738,44.9825],[6.7334,44.9881],[6.7312,44.9846],[6.734,44.98],[6.7378,44.9798]],[[6.735,44.9925],[6.7324,44.9917],[6.7347,44.9889],[6.7361,44.9902],[6.735,44.9925]],[[6.7287,45.0004],[6.7261,45.0001],[6.7254,44.9988],[6.7285,44.9982],[6.7287,45.0004]],[[6.7203,44.9909],[6.7234,44.9894],[6.7236,44.9925],[6.7204,44.9927],[6.7203,44.9909]],[[6.7169,44.9793],[6.7143,44.9794],[6.7141,44.9771],[6.7167,44.977],[6.7169,44.9793]]],[[[6.595,45.0039],[6.5981,45.0033],[6.5995,45.0046],[6.6,45.0037],[6.6032,45.0035],[6.6009,44.9987],[6.5984,44.9983],[6.5924,44.9945],[6.5892,44.9942],[6.5871,44.992],[6.5827,44.9926],[6.592,44.9977],[6.5909,45.0009],[6.595,45.0039]]],[[[6.6215,45.0015],[6.624,45.0014],[6.6219,44.9992],[6.6208,45.0006],[6.6176,45.0012],[6.6178,45.003],[6.621,45.0033],[6.6215,45.0015]]],[[[6.5119,45.0052],[6.5069,45.0068],[6.5031,45.0064],[6.5142,45.0101],[6.5138,45.0128],[6.5094,45.0139],[6.5076,45.0157],[6.5045,45.0159],[6.5061,45.0203],[6.5106,45.021],[6.5152,45.024],[6.5178,45.0239],[6.5195,45.0216],[6.5215,45.0224],[6.5201,45.0211],[6.5198,45.0171],[6.5217,45.017],[6.5244,45.0192],[6.5294,45.019],[6.5312,45.0166],[6.5343,45.0165],[6.5351,45.0179],[6.5321,45.0202],[6.5353,45.0214],[6.5372,45.0119],[6.5384,45.011],[6.5381,45.0074],[6.5399,45.0064],[6.5415,45.0014],[6.5456,44.9981],[6.545,44.9972],[6.5387,44.9988],[6.5355,44.9985],[6.5353,44.9958],[6.5371,44.9945],[6.5336,44.991],[6.5324,44.9909],[6.5326,44.995],[6.5336,44.9981],[6.5349,44.9985],[6.5347,45.0044],[6.5321,45.0121],[6.5295,45.0118],[6.5273,45.0078],[6.5198,45.0085],[6.5165,45.0068],[6.514,45.0074],[6.512,45.0066],[6.5119,45.0052]]],[[[6.4896,45.0677],[6.4879,45.074],[6.4831,45.0772],[6.487,45.0805],[6.4849,45.0869],[6.4805,45.0908],[6.4805,45.0942],[6.4843,45.0943],[6.487,45.0958],[6.492,45.0956],[6.4973,45.0985],[6.4981,45.1012],[6.5072,45.1036],[6.5104,45.109],[6.5167,45.1055],[6.5203,45.1049],[6.5255,45.1004],[6.5297,45.0986],[6.5392,45.0991],[6.5465,45.1011],[6.5509,45.1006],[6.5562,45.1042],[6.5587,45.104],[6.5613,45.1053],[6.5615,45.1117],[6.5653,45.1146],[6.5705,45.1166],[6.5764,45.1231],[6.5851,45.1196],[6.5952,45.1184],[6.5952,45.1193],[6.5965,45.1192],[6.5976,45.1174],[6.5981,45.1211],[6.6065,45.1196],[6.6083,45.1207],[6.6127,45.1205],[6.6155,45.1215],[6.6203,45.1167],[6.6248,45.1153],[6.6272,45.1108],[6.6299,45.1094],[6.6269,45.105],[6.6258,45.1067],[6.6231,45.1059],[6.623,45.1037],[6.6255,45.1031],[6.6268,45.104],[6.6275,45.1012],[6.6301,45.1006],[6.6318,45.0984],[6.6314,45.0955],[6.6335,45.0957],[6.6332,45.0942],[6.636,45.0943],[6.6394,45.0914],[6.641,45.0898],[6.6413,45.0866],[6.6433,45.0867],[6.6475,45.0848],[6.6461,45.0838],[6.645,45.0757],[6.6549,45.071],[6.6621,45.0717],[6.6636,45.0569],[6.6588,45.0523],[6.6631,45.0491],[6.6662,45.0483],[6.6703,45.042],[6.665,45.04],[6.6656,45.037],[6.6639,45.034],[6.6648,45.0335],[6.6655,45.0322],[6.6639,45.0332],[6.6619,45.0323],[6.6609,45.027],[6.6603,45.027],[6.6595,45.0257],[6.6565,45.0253],[6.6566,45.0267],[6.6551,45.0263],[6.6523,45.0278],[6.6537,45.0322],[6.6513,45.0346],[6.6534,45.0367],[6.6526,45.0426],[6.6533,45.0435],[6.6571,45.0438],[6.6579,45.0456],[6.6598,45.0455],[6.6593,45.0473],[6.6574,45.0474],[6.6582,45.0492],[6.6543,45.0489],[6.653,45.0476],[6.6492,45.0481],[6.6408,45.0467],[6.6403,45.048],[6.6372,45.0486],[6.6367,45.0504],[6.6379,45.0504],[6.6381,45.0526],[6.6311,45.0529],[6.63,45.0543],[6.6274,45.0544],[6.6267,45.0531],[6.6235,45.0532],[6.6235,45.0523],[6.6256,45.0477],[6.6281,45.0467],[6.6278,45.0431],[6.6304,45.043],[6.6309,45.0412],[6.6335,45.042],[6.6353,45.0409],[6.6361,45.0428],[6.6393,45.0431],[6.6423,45.0411],[6.6395,45.0382],[6.6393,45.0345],[6.6381,45.0345],[6.6386,45.0328],[6.6371,45.0311],[6.6345,45.0312],[6.6349,45.0356],[6.633,45.0362],[6.6316,45.0344],[6.631,45.0353],[6.6285,45.035],[6.6279,45.0364],[6.6267,45.036],[6.6225,45.0402],[6.6226,45.0411],[6.6226,45.0415],[6.6208,45.042],[6.6203,45.0439],[6.6184,45.0444],[6.6143,45.0486],[6.613,45.0487],[6.6129,45.0478],[6.6153,45.0459],[6.612,45.0437],[6.6131,45.0414],[6.615,45.0409],[6.6145,45.0355],[6.6131,45.0338],[6.6107,45.0348],[6.6085,45.0389],[6.6042,45.0409],[6.6033,45.0459],[6.5958,45.0484],[6.6005,45.0424],[6.5988,45.0375],[6.5963,45.0376],[6.5942,45.035],[6.584,45.0354],[6.5823,45.0381],[6.5778,45.0374],[6.577,45.0347],[6.5806,45.0323],[6.5805,45.031],[6.5766,45.0293],[6.5783,45.0266],[6.578,45.0234],[6.5693,45.0247],[6.5648,45.0239],[6.5648,45.0248],[6.5546,45.0243],[6.5478,45.0264],[6.5473,45.0277],[6.5423,45.0288],[6.5423,45.0297],[6.5398,45.0298],[6.5372,45.0295],[6.537,45.0268],[6.5337,45.0242],[6.5305,45.0243],[6.5307,45.027],[6.5345,45.0273],[6.5346,45.0282],[6.5296,45.0289],[6.5297,45.0311],[6.528,45.033],[6.5181,45.037],[6.5135,45.0349],[6.512,45.0322],[6.5181,45.0289],[6.5115,45.0255],[6.5067,45.0288],[6.4972,45.0292],[6.4969,45.0337],[6.4945,45.0351],[6.4905,45.033],[6.4883,45.0295],[6.482,45.0298],[6.4818,45.0275],[6.4806,45.0276],[6.4799,45.0357],[6.4774,45.0365],[6.4769,45.0376],[6.4709,45.0338],[6.4707,45.032],[6.4731,45.0301],[6.465,45.0313],[6.4665,45.0346],[6.4696,45.0345],[6.4706,45.039],[6.4718,45.0389],[6.4719,45.0398],[6.4676,45.0422],[6.4594,45.0416],[6.4583,45.0437],[6.4552,45.0447],[6.454,45.0466],[6.4521,45.0466],[6.4531,45.0511],[6.4512,45.0519],[6.4535,45.0518],[6.4588,45.0542],[6.4741,45.0562],[6.4871,45.0564],[6.4859,45.0641],[6.4889,45.0655],[6.4896,45.0677]],[[6.4703,45.034],[6.4703,45.0345],[6.4696,45.0345],[6.4703,45.034]],[[6.5837,45.1084],[6.5811,45.108],[6.5836,45.107],[6.5837,45.1084]],[[6.5785,45.1067],[6.5804,45.1067],[6.5805,45.1076],[6.578,45.1081],[6.5785,45.1067]],[[6.5766,45.046],[6.5633,45.0465],[6.5628,45.0398],[6.564,45.0388],[6.5672,45.0392],[6.5751,45.0429],[6.5766,45.046]],[[6.5728,45.1074],[6.5746,45.1055],[6.5759,45.1059],[6.5754,45.1073],[6.5728,45.1074]],[[6.5707,45.1043],[6.5705,45.1016],[6.5719,45.1038],[6.5707,45.1043]],[[6.5026,45.0416],[6.5039,45.0425],[6.5034,45.0438],[6.5002,45.0439],[6.4994,45.0417],[6.5026,45.0416]],[[6.4684,45.0341],[6.4683,45.0336],[6.469,45.034],[6.4684,45.0341]]],[[[6.7661,44.5931],[6.7719,44.5947],[6.7738,44.5942],[6.7743,44.6013],[6.7736,44.6],[6.7693,44.6015],[6.7713,44.6028],[6.7715,44.6055],[6.7623,44.6081],[6.7624,44.6099],[6.7663,44.6111],[6.7664,44.6125],[6.7658,44.6125],[6.7658,44.6134],[6.7695,44.6119],[6.7727,44.6122],[6.7731,44.6095],[6.7775,44.6098],[6.7782,44.6106],[6.7819,44.6087],[6.7853,44.6049],[6.7885,44.6048],[6.7888,44.6003],[6.793,44.5979],[6.7933,44.5943],[6.7907,44.5926],[6.7857,44.5945],[6.7817,44.5948],[6.7768,44.5901],[6.7676,44.5879],[6.7658,44.5895],[6.7633,44.5892],[6.7629,44.5923],[6.7568,44.5944],[6.7545,44.5972],[6.7591,44.6001],[6.7616,44.6],[6.764,44.5977],[6.7625,44.5951],[6.7663,44.5949],[6.7661,44.5931]]],[[[6.7546,44.6075],[6.7539,44.6062],[6.757,44.6052],[6.7602,44.6055],[6.7625,44.6036],[6.7533,44.5981],[6.7491,44.6014],[6.7472,44.6015],[6.752,44.6063],[6.7509,44.6077],[6.7523,44.6094],[6.7546,44.6075]]],[[[6.7957,44.6081],[6.7944,44.6082],[6.7923,44.6056],[6.7891,44.6052],[6.788,44.6066],[6.7883,44.6102],[6.7933,44.61],[6.7957,44.6081]]],[[[6.759,44.6222],[6.7603,44.6231],[6.7653,44.6229],[6.7665,44.6219],[6.7658,44.6206],[6.7588,44.6204],[6.759,44.6222]]],[[[6.844,44.6206],[6.8413,44.6189],[6.8378,44.6217],[6.8379,44.6231],[6.8424,44.6247],[6.8474,44.6236],[6.849,44.6204],[6.844,44.6206]]],[[[6.8141,44.6258],[6.8179,44.6252],[6.8183,44.623],[6.817,44.623],[6.8169,44.6212],[6.8139,44.6236],[6.8123,44.6273],[6.8141,44.6258]]],[[[6.7596,44.6308],[6.7559,44.6309],[6.7546,44.631],[6.754,44.631],[6.7548,44.6332],[6.7581,44.6349],[6.7605,44.6343],[6.7596,44.6308]]],[[[6.7412,44.6364],[6.7468,44.6358],[6.7495,44.6379],[6.7532,44.6378],[6.7541,44.6404],[6.7558,44.6377],[6.7508,44.6311],[6.7452,44.6322],[6.7453,44.6336],[6.7405,44.6356],[6.7412,44.6364]]],[[[6.8411,44.6319],[6.8314,44.6373],[6.8252,44.6385],[6.8262,44.6429],[6.8281,44.6428],[6.8271,44.646],[6.8284,44.6464],[6.8285,44.6482],[6.8262,44.6501],[6.8257,44.6528],[6.8214,44.6544],[6.8176,44.6541],[6.8178,44.6559],[6.816,44.6568],[6.8167,44.6577],[6.8112,44.6597],[6.8089,44.663],[6.8064,44.6635],[6.8065,44.6649],[6.8166,44.6654],[6.8196,44.6626],[6.8234,44.6628],[6.827,44.6609],[6.8339,44.6606],[6.837,44.6591],[6.8368,44.6564],[6.8318,44.658],[6.8313,44.6594],[6.8275,44.6595],[6.8251,44.661],[6.8238,44.6601],[6.8235,44.6561],[6.8275,44.6586],[6.8286,44.6568],[6.8317,44.6562],[6.8352,44.6534],[6.8408,44.6522],[6.8427,44.6521],[6.8457,44.6574],[6.8475,44.6569],[6.8456,44.6484],[6.8466,44.6452],[6.8508,44.6428],[6.8506,44.6401],[6.8525,44.64],[6.8498,44.6383],[6.8503,44.637],[6.8536,44.6382],[6.853,44.6391],[6.8549,44.639],[6.8548,44.6372],[6.856,44.6372],[6.8578,44.6439],[6.8575,44.6475],[6.8526,44.6495],[6.8522,44.6527],[6.8498,44.6537],[6.8494,44.6564],[6.8524,44.6545],[6.858,44.6542],[6.8635,44.6513],[6.8729,44.6514],[6.8785,44.6502],[6.8832,44.6527],[6.8882,44.653],[6.8887,44.6593],[6.89,44.6597],[6.8906,44.6587],[6.8925,44.6596],[6.8978,44.6548],[6.9011,44.656],[6.9021,44.6524],[6.899,44.6539],[6.9007,44.6516],[6.8991,44.6476],[6.8979,44.6476],[6.8941,44.6554],[6.8923,44.6564],[6.8954,44.6482],[6.8947,44.6469],[6.8896,44.6462],[6.8875,44.644],[6.8886,44.6422],[6.8932,44.6413],[6.8908,44.6362],[6.8858,44.6352],[6.8826,44.6304],[6.8684,44.6278],[6.8584,44.6294],[6.8582,44.6272],[6.8571,44.6272],[6.8554,44.63],[6.8522,44.6283],[6.8479,44.6308],[6.8411,44.6319]]],[[[6.852,44.6734],[6.8545,44.6733],[6.8567,44.6691],[6.8523,44.6698],[6.852,44.6734]]],[[[6.9567,44.665],[6.9504,44.6653],[6.9475,44.6681],[6.9443,44.6678],[6.9371,44.6721],[6.9273,44.6757],[6.9217,44.6764],[6.9209,44.6741],[6.9132,44.6736],[6.9102,44.675],[6.9039,44.6753],[6.9062,44.6802],[6.9031,44.6807],[6.904,44.6839],[6.9094,44.6805],[6.915,44.6798],[6.9158,44.6811],[6.9031,44.6879],[6.9038,44.6893],[6.907,44.69],[6.9072,44.6927],[6.9106,44.6953],[6.902,44.7056],[6.903,44.71],[6.9086,44.7089],[6.9097,44.7079],[6.9095,44.7048],[6.9121,44.706],[6.9152,44.705],[6.915,44.7028],[6.9193,44.7008],[6.9173,44.7],[6.9198,44.6999],[6.9165,44.6982],[6.9238,44.6947],[6.9264,44.6951],[6.9279,44.6982],[6.9264,44.7032],[6.9228,44.7051],[6.9235,44.7065],[6.9383,44.7013],[6.9374,44.6991],[6.9419,44.6994],[6.943,44.6975],[6.9461,44.6965],[6.9453,44.6952],[6.9478,44.6942],[6.947,44.6929],[6.952,44.6922],[6.9559,44.6934],[6.9625,44.6895],[6.9693,44.6874],[6.9728,44.6832],[6.9766,44.6822],[6.9712,44.6772],[6.9632,44.6782],[6.959,44.6744],[6.9575,44.6702],[6.9596,44.663],[6.9558,44.6613],[6.9567,44.665]]],[[[6.8051,44.6866],[6.8078,44.6892],[6.8122,44.689],[6.8121,44.6872],[6.8096,44.6877],[6.8094,44.6859],[6.8075,44.6851],[6.8051,44.6866]]],[[[6.7939,44.6969],[6.7915,44.6984],[6.7924,44.7015],[6.795,44.7027],[6.7975,44.7022],[6.7985,44.6985],[6.8009,44.6975],[6.8012,44.7007],[6.8031,44.7011],[6.8029,44.6984],[6.8053,44.6969],[6.8014,44.6953],[6.8012,44.6939],[6.8052,44.6956],[6.805,44.6933],[6.8024,44.6921],[6.8012,44.6935],[6.7962,44.6946],[6.7963,44.695],[6.7945,44.696],[6.7945,44.6965],[6.7939,44.6965],[6.7939,44.6969]]],[[[6.7887,44.7107],[6.7882,44.712],[6.7895,44.7129],[6.7945,44.7118],[6.7958,44.7126],[6.798,44.7085],[6.8021,44.7047],[6.7969,44.7031],[6.7961,44.7085],[6.7936,44.7087],[6.7943,44.71],[6.7932,44.7114],[6.7887,44.7107]]],[[[6.7799,44.7115],[6.7804,44.7092],[6.7835,44.7091],[6.7832,44.705],[6.7795,44.7065],[6.7786,44.7115],[6.7799,44.7115]]],[[[6.7848,44.718],[6.7884,44.7147],[6.7858,44.7139],[6.784,44.7158],[6.7822,44.7159],[6.781,44.7177],[6.7848,44.718]]],[[[6.8876,44.7539],[6.8893,44.7516],[6.8937,44.7518],[6.8948,44.7491],[6.8973,44.749],[6.9,44.7516],[6.9145,44.751],[6.9213,44.7494],[6.9208,44.7584],[6.9233,44.7574],[6.9237,44.7551],[6.9269,44.755],[6.9282,44.7558],[6.9276,44.7567],[6.9315,44.7579],[6.9343,44.7614],[6.9389,44.7626],[6.9394,44.7608],[6.9346,44.7569],[6.9377,44.7563],[6.9386,44.759],[6.9389,44.7549],[6.9418,44.7521],[6.9417,44.7503],[6.9404,44.7504],[6.9388,44.7536],[6.9368,44.7532],[6.9372,44.7496],[6.9357,44.7474],[6.9415,44.7404],[6.9407,44.7382],[6.9381,44.7378],[6.9374,44.7365],[6.9424,44.7359],[6.9438,44.7299],[6.945,44.7294],[6.9452,44.7321],[6.9425,44.7381],[6.9434,44.7403],[6.9459,44.7402],[6.9476,44.7379],[6.9527,44.7386],[6.9563,44.7362],[6.9625,44.735],[6.9658,44.7371],[6.9677,44.7371],[6.9691,44.7388],[6.9729,44.7386],[6.9756,44.7408],[6.9795,44.7411],[6.9808,44.7419],[6.9797,44.7438],[6.9804,44.7455],[6.9786,44.7465],[6.9818,44.7468],[6.9831,44.7463],[6.982,44.7419],[6.9873,44.7439],[6.9876,44.7407],[6.9844,44.7404],[6.9842,44.7373],[6.986,44.7367],[6.9883,44.7335],[6.992,44.7329],[6.9907,44.732],[6.9918,44.7302],[6.9873,44.7286],[6.9844,44.7318],[6.9831,44.7315],[6.9813,44.7333],[6.9794,44.7334],[6.9793,44.7321],[6.9775,44.733],[6.9761,44.7313],[6.9756,44.7322],[6.9712,44.7329],[6.9704,44.7306],[6.9722,44.7292],[6.9753,44.7291],[6.9761,44.7313],[6.9805,44.7307],[6.981,44.7288],[6.9834,44.7278],[6.9826,44.7256],[6.9844,44.7242],[6.9827,44.7189],[6.9845,44.7188],[6.9851,44.7174],[6.9926,44.7171],[6.9895,44.71],[6.9913,44.7086],[6.9951,44.7089],[6.9961,44.7057],[7.0017,44.7045],[7.005,44.7062],[7.0065,44.7088],[7.0116,44.7095],[7.0143,44.7117],[7.0162,44.7116],[7.0141,44.7171],[7.0106,44.7199],[7.0102,44.7235],[7.0054,44.726],[7.0049,44.7283],[7.0073,44.7268],[7.0082,44.7299],[7.0121,44.7311],[7.0146,44.731],[7.0182,44.7286],[7.022,44.7289],[7.0257,44.7278],[7.0303,44.7317],[7.0295,44.7299],[7.0358,44.7252],[7.0338,44.7253],[7.0347,44.7221],[7.0374,44.7231],[7.0422,44.7186],[7.0542,44.7149],[7.0658,44.7135],[7.0665,44.7114],[7.065,44.7084],[7.0676,44.7053],[7.0677,44.7026],[7.0707,44.7008],[7.0709,44.6983],[7.0733,44.6959],[7.0771,44.681],[7.062,44.6798],[7.0538,44.6829],[7.0474,44.6831],[7.0372,44.6893],[7.03,44.6916],[7.0303,44.6916],[7.0303,44.6921],[7.031,44.692],[7.0311,44.6934],[7.0336,44.6937],[7.0339,44.6969],[7.0322,44.6987],[7.0271,44.6985],[7.0241,44.7],[7.0256,44.7035],[7.0197,44.7083],[7.0171,44.7079],[7.0151,44.7062],[7.0164,44.6994],[7.0145,44.6995],[7.0119,44.6978],[7.0121,44.6928],[7.0069,44.6908],[7.0087,44.6898],[7.0132,44.6914],[7.0143,44.6893],[7.0082,44.6891],[7.0046,44.6872],[7.0016,44.6876],[6.9997,44.6906],[6.9986,44.6905],[6.9989,44.6943],[6.9965,44.6948],[6.9907,44.6942],[6.9861,44.6921],[6.9863,44.6944],[6.9814,44.6955],[6.9813,44.6946],[6.9782,44.6952],[6.9767,44.6925],[6.9735,44.6927],[6.9713,44.6959],[6.977,44.6961],[6.9778,44.6979],[6.9733,44.6976],[6.9737,44.7026],[6.9719,44.7035],[6.9715,44.7063],[6.9684,44.7068],[6.9687,44.71],[6.9661,44.7101],[6.9615,44.708],[6.9603,44.7085],[6.9595,44.7068],[6.9571,44.7073],[6.9561,44.7105],[6.957,44.7136],[6.9527,44.7152],[6.9528,44.717],[6.948,44.7203],[6.947,44.7231],[6.9382,44.7239],[6.9348,44.729],[6.9271,44.7351],[6.9208,44.735],[6.918,44.7319],[6.9141,44.7303],[6.9116,44.7308],[6.9115,44.7295],[6.9089,44.7292],[6.9065,44.7306],[6.9087,44.7341],[6.9056,44.7347],[6.9075,44.7351],[6.9094,44.7345],[6.9093,44.7336],[6.9118,44.7335],[6.9138,44.7348],[6.9128,44.7375],[6.9053,44.7388],[6.906,44.7401],[6.8991,44.7404],[6.9,44.743],[6.898,44.7422],[6.8899,44.743],[6.8879,44.7422],[6.888,44.7435],[6.8867,44.7436],[6.8875,44.7449],[6.8862,44.745],[6.8841,44.7419],[6.8823,44.7433],[6.8803,44.7425],[6.8793,44.7452],[6.8774,44.7458],[6.8778,44.7507],[6.8838,44.7545],[6.8876,44.7539]],[[7.0376,44.7183],[7.0377,44.7201],[7.0353,44.7216],[7.035,44.718],[7.0376,44.7183]]],[[[7.0258,44.7359],[7.0244,44.7347],[7.0226,44.7361],[7.0163,44.7359],[7.0158,44.7368],[7.0197,44.7385],[7.0234,44.7378],[7.0247,44.7387],[7.0288,44.7352],[7.0303,44.7322],[7.0294,44.734],[7.0257,44.735],[7.0258,44.7359]]],[[[6.9505,44.7499],[6.9482,44.7527],[6.9457,44.7533],[6.9452,44.7556],[6.9478,44.7555],[6.9512,44.7508],[6.9505,44.7499]]],[[[6.8785,44.7588],[6.8787,44.7615],[6.8894,44.761],[6.8889,44.7624],[6.8941,44.764],[6.8972,44.7634],[6.8977,44.7616],[6.89,44.7601],[6.8881,44.7606],[6.8854,44.7576],[6.8783,44.7565],[6.8782,44.7556],[6.8808,44.7555],[6.88,44.7542],[6.8743,44.754],[6.8744,44.7553],[6.8785,44.7588]]],[[[7.0248,44.7572],[7.0227,44.7591],[7.0201,44.7587],[7.019,44.7606],[7.0159,44.7616],[7.0136,44.7635],[7.0131,44.7658],[7.0063,44.767],[7.0089,44.7678],[7.0117,44.7712],[7.0162,44.7724],[7.0157,44.7738],[7.0182,44.7737],[7.0196,44.7748],[7.022,44.7711],[7.0196,44.7677],[7.0158,44.7675],[7.0157,44.7666],[7.0182,44.766],[7.0199,44.7641],[7.0208,44.7672],[7.024,44.7641],[7.0248,44.7572]]],[[[6.8626,44.7739],[6.8614,44.7739],[6.8621,44.7748],[6.8639,44.7742],[6.8638,44.7725],[6.8657,44.7724],[6.8649,44.7702],[6.868,44.77],[6.8679,44.7687],[6.8704,44.7686],[6.8704,44.7677],[6.8767,44.7674],[6.8765,44.7652],[6.8778,44.7656],[6.8769,44.762],[6.8743,44.7621],[6.874,44.7653],[6.8696,44.7664],[6.8673,44.7692],[6.8642,44.7697],[6.8644,44.7724],[6.8638,44.7725],[6.8638,44.7729],[6.8632,44.7729],[6.8632,44.7734],[6.8626,44.7734],[6.8626,44.7739]]],[[[6.7883,44.7778],[6.79,44.7822],[6.7944,44.7825],[6.7936,44.7807],[6.7883,44.7778]]],[[[6.7982,44.7909],[6.7996,44.7841],[6.7977,44.7842],[6.7969,44.7819],[6.7944,44.7825],[6.795,44.7901],[6.7982,44.7909]]],[[[6.7741,44.7973],[6.7777,44.7958],[6.7763,44.7936],[6.7774,44.7908],[6.7735,44.7896],[6.774,44.7887],[6.7734,44.7883],[6.7733,44.7878],[6.7733,44.7869],[6.7682,44.7867],[6.7692,44.784],[6.7736,44.7829],[6.7722,44.7816],[6.7684,44.7822],[6.769,44.7817],[6.7685,44.7809],[6.7649,44.785],[6.7651,44.7873],[6.767,44.7872],[6.767,44.7881],[6.7651,44.7882],[6.7633,44.7973],[6.766,44.7994],[6.7644,44.8035],[6.77,44.8024],[6.7741,44.8058],[6.7771,44.803],[6.777,44.8021],[6.777,44.8017],[6.775,44.8013],[6.7755,44.7995],[6.7742,44.7995],[6.7741,44.7973]]],[[[6.8027,44.7916],[6.7977,44.7918],[6.7986,44.7954],[6.8011,44.7953],[6.8013,44.7975],[6.805,44.7965],[6.8027,44.7916]]],[[[6.8568,44.8029],[6.8479,44.8028],[6.8465,44.8015],[6.8427,44.8008],[6.8435,44.8026],[6.8404,44.8036],[6.8429,44.8035],[6.8449,44.8048],[6.8499,44.8046],[6.8568,44.8029]]],[[[6.8168,44.8095],[6.8164,44.805],[6.8126,44.8047],[6.8126,44.8038],[6.8088,44.8044],[6.8085,44.8085],[6.8168,44.8095]]],[[[7.0096,44.8022],[7.0097,44.7967],[6.9994,44.7907],[6.9924,44.7901],[6.9916,44.7888],[6.9816,44.7896],[6.9761,44.7917],[6.9704,44.7915],[6.9687,44.7942],[6.9607,44.7973],[6.959,44.8],[6.9597,44.8009],[6.9578,44.801],[6.9549,44.8038],[6.9558,44.8069],[6.9571,44.8069],[6.9576,44.8051],[6.9601,44.8049],[6.9615,44.8067],[6.9684,44.8064],[6.9704,44.8072],[6.9729,44.8071],[6.9765,44.8052],[6.9784,44.8051],[6.9798,44.8064],[6.9842,44.8062],[6.9866,44.8043],[6.9854,44.8057],[6.9862,44.8075],[6.9831,44.8085],[6.9833,44.8103],[6.9809,44.8117],[6.9793,44.8082],[6.9777,44.8119],[6.9803,44.8122],[6.9824,44.8144],[6.9842,44.8138],[6.9881,44.815],[7.0001,44.8141],[7.0033,44.8153],[7.009,44.815],[7.0074,44.8183],[7.0093,44.8186],[7.0099,44.826],[7.0202,44.8247],[7.0242,44.8224],[7.0207,44.8203],[7.0195,44.8127],[7.0146,44.8097],[7.0125,44.8043],[7.0096,44.8022]]],[[[6.8843,44.823],[6.886,44.8202],[6.8851,44.8171],[6.8882,44.8156],[6.8932,44.8154],[6.8911,44.8132],[6.8911,44.8123],[6.891,44.8119],[6.8885,44.8115],[6.8888,44.8084],[6.8858,44.8098],[6.8865,44.8112],[6.8842,44.8131],[6.8805,44.8146],[6.8792,44.8146],[6.878,44.8147],[6.8773,44.8147],[6.8746,44.8193],[6.8707,44.819],[6.8683,44.8205],[6.8691,44.8222],[6.8723,44.8226],[6.8738,44.8261],[6.8775,44.825],[6.8809,44.8276],[6.8847,44.8274],[6.8865,44.826],[6.8843,44.823]]],[[[6.914,44.8294],[6.9154,44.8307],[6.9185,44.8298],[6.9176,44.8274],[6.9248,44.8217],[6.9266,44.8217],[6.9283,44.8189],[6.9269,44.8173],[6.9264,44.8185],[6.9226,44.8182],[6.9227,44.8196],[6.9208,44.8201],[6.9207,44.8192],[6.9192,44.8194],[6.9193,44.8175],[6.921,44.8174],[6.9223,44.8146],[6.9196,44.8125],[6.9187,44.8175],[6.915,44.819],[6.9174,44.8199],[6.9164,44.8204],[6.9172,44.8225],[6.9118,44.8259],[6.9128,44.8299],[6.914,44.8294]]],[[[6.8886,44.8214],[6.8875,44.8224],[6.887,44.8242],[6.8883,44.8255],[6.8915,44.8254],[6.8912,44.8222],[6.8886,44.8214]]],[[[6.8871,44.8337],[6.8791,44.8367],[6.8818,44.8384],[6.8875,44.8386],[6.8871,44.8337]]],[[[6.9265,44.8594],[6.9317,44.8597],[6.9314,44.8637],[6.9361,44.8619],[6.9355,44.8605],[6.9369,44.861],[6.9418,44.8598],[6.9466,44.8569],[6.9453,44.8565],[6.9457,44.8536],[6.9444,44.8532],[6.9461,44.8505],[6.945,44.8452],[6.9463,44.8447],[6.946,44.8401],[6.9478,44.8382],[6.9578,44.8384],[6.9589,44.837],[6.9671,44.8366],[6.967,44.8353],[6.9689,44.8352],[6.9684,44.8366],[6.9709,44.8365],[6.9723,44.8382],[6.9811,44.8374],[6.9851,44.839],[6.9873,44.8358],[6.9893,44.8366],[6.9917,44.8356],[6.9957,44.8372],[6.9981,44.8353],[7.003,44.8338],[7.0054,44.8402],[7.0066,44.8398],[7.0063,44.8352],[7.0091,44.8295],[7.0071,44.8295],[6.999,44.824],[6.9954,44.826],[6.9903,44.8262],[6.9898,44.828],[6.9784,44.8281],[6.9771,44.8277],[6.9777,44.8267],[6.9732,44.826],[6.9659,44.829],[6.9648,44.8309],[6.961,44.831],[6.961,44.8319],[6.9541,44.8327],[6.9517,44.8341],[6.9403,44.8342],[6.9389,44.8324],[6.9345,44.8326],[6.9344,44.8312],[6.9374,44.8298],[6.9367,44.8284],[6.9336,44.829],[6.9329,44.8282],[6.9328,44.8268],[6.9359,44.8262],[6.9357,44.824],[6.9344,44.824],[6.9345,44.8249],[6.9326,44.8246],[6.9277,44.8266],[6.9242,44.8303],[6.9191,44.8305],[6.9187,44.8332],[6.9157,44.8343],[6.9086,44.8404],[6.9126,44.8434],[6.9108,44.8448],[6.9132,44.8452],[6.9151,44.8475],[6.9223,44.8512],[6.9268,44.8564],[6.9265,44.8594]]],[[[6.7535,44.8571],[6.7521,44.8558],[6.7465,44.8569],[6.7466,44.8655],[6.7479,44.8668],[6.748,44.8677],[6.748,44.8681],[6.7481,44.8686],[6.7481,44.869],[6.7494,44.8694],[6.7498,44.8744],[6.7453,44.8736],[6.7441,44.875],[6.7448,44.8759],[6.7473,44.8754],[6.7493,44.8762],[6.7494,44.8771],[6.7462,44.8772],[6.7503,44.8802],[6.7534,44.8801],[6.7555,44.8827],[6.7587,44.8826],[6.7634,44.8864],[6.766,44.8868],[6.7668,44.889],[6.7651,44.8913],[6.7608,44.8933],[6.7609,44.8946],[6.7635,44.8959],[6.7631,44.8982],[6.7651,44.8999],[6.7652,44.9012],[6.7622,44.9025],[6.7714,44.9035],[6.7768,44.9004],[6.7765,44.8992],[6.7788,44.899],[6.78,44.8937],[6.7845,44.8935],[6.7836,44.8921],[6.7849,44.8887],[6.8016,44.8911],[6.7996,44.8877],[6.7998,44.885],[6.8046,44.8771],[6.8116,44.8751],[6.8247,44.8686],[6.8301,44.868],[6.8333,44.864],[6.8385,44.8619],[6.8396,44.86],[6.8452,44.8595],[6.851,44.8577],[6.8546,44.8581],[6.8597,44.853],[6.8632,44.8507],[6.8657,44.8505],[6.8644,44.8499],[6.8588,44.851],[6.8568,44.8502],[6.8566,44.848],[6.8587,44.8429],[6.863,44.8414],[6.8659,44.8372],[6.8691,44.8376],[6.8681,44.834],[6.8693,44.833],[6.8674,44.8322],[6.8665,44.8295],[6.8601,44.8258],[6.8531,44.8274],[6.8516,44.8257],[6.834,44.8268],[6.8346,44.8182],[6.8325,44.8161],[6.8306,44.8162],[6.8299,44.8144],[6.8267,44.815],[6.8262,44.8163],[6.8236,44.8151],[6.8153,44.815],[6.813,44.8178],[6.808,44.818],[6.808,44.8175],[6.8067,44.8176],[6.8054,44.8176],[6.8042,44.8177],[6.8039,44.8222],[6.8009,44.8246],[6.7978,44.8247],[6.7924,44.8209],[6.7893,44.821],[6.7874,44.822],[6.7895,44.8241],[6.789,44.8255],[6.7839,44.8257],[6.782,44.8177],[6.7866,44.8121],[6.7835,44.8122],[6.7818,44.8154],[6.7755,44.8157],[6.775,44.8175],[6.7725,44.8172],[6.7707,44.819],[6.767,44.8196],[6.7618,44.8257],[6.7611,44.8257],[6.7592,44.8258],[6.758,44.8254],[6.758,44.8263],[6.7611,44.8257],[6.7613,44.828],[6.7595,44.8289],[6.7597,44.8312],[6.7584,44.8312],[6.7541,44.8251],[6.7497,44.8248],[6.7531,44.8202],[6.7521,44.8157],[6.749,44.8158],[6.745,44.8138],[6.7461,44.8115],[6.7436,44.8116],[6.7437,44.8129],[6.7424,44.813],[6.7428,44.8098],[6.7375,44.8064],[6.7355,44.806],[6.7351,44.8083],[6.7331,44.807],[6.7316,44.812],[6.7329,44.8129],[6.7341,44.8119],[6.7333,44.8183],[6.7321,44.8188],[6.7329,44.821],[6.7366,44.8195],[6.738,44.8212],[6.7412,44.8216],[6.7429,44.8197],[6.743,44.821],[6.7394,44.8234],[6.7395,44.8248],[6.7435,44.8264],[6.7449,44.8291],[6.7407,44.831],[6.7404,44.8351],[6.7434,44.8341],[6.7457,44.8304],[6.7477,44.8317],[6.7533,44.831],[6.7529,44.8337],[6.7487,44.837],[6.7471,44.8407],[6.7492,44.8433],[6.7516,44.8414],[6.7535,44.8418],[6.7512,44.8446],[6.7614,44.8532],[6.7615,44.8545],[6.758,44.8578],[6.7535,44.8571]],[[6.8356,44.8308],[6.8375,44.8307],[6.8376,44.8321],[6.8364,44.8321],[6.8356,44.8308]],[[6.7731,44.8333],[6.7754,44.8373],[6.7736,44.8396],[6.7711,44.8402],[6.7712,44.8411],[6.7699,44.8407],[6.772,44.8433],[6.7723,44.8464],[6.7711,44.8474],[6.7648,44.8485],[6.764,44.8459],[6.7621,44.8455],[6.7604,44.8406],[6.7623,44.841],[6.766,44.839],[6.7646,44.8373],[6.7577,44.8385],[6.7569,44.8358],[6.7631,44.8342],[6.7639,44.8364],[6.7659,44.8372],[6.7687,44.8335],[6.7731,44.8333]],[[6.752,44.8617],[6.7526,44.8616],[6.7527,44.8625],[6.752,44.8617]],[[6.7413,44.8148],[6.7451,44.8147],[6.7441,44.8183],[6.7416,44.8184],[6.7413,44.8148]],[[6.7353,44.8191],[6.7353,44.8195],[6.7347,44.8196],[6.7353,44.8191]]],[[[6.7514,44.895],[6.7452,44.8971],[6.7449,44.9007],[6.7462,44.9015],[6.7488,44.9019],[6.7528,44.8968],[6.7514,44.895]]],[[[6.7451,44.9029],[6.7428,44.9062],[6.7466,44.906],[6.7484,44.9046],[6.754,44.9053],[6.7609,44.9027],[6.7496,44.9041],[6.7469,44.9024],[6.7451,44.9029]]]]}},{"type":"Feature","properties":{"d":"06","km2":392.0,"n":131},"geometry":{"type":"MultiPolygon","coordinates":[[[[6.9097,43.5016],[6.9096,43.5002],[6.9084,43.5003],[6.9078,43.5003],[6.9073,43.5021],[6.9087,43.5037],[6.9105,43.5034],[6.911,43.502],[6.9129,43.5024],[6.9134,43.5005],[6.9097,43.5016]]],[[[6.8067,43.631],[6.8121,43.6299],[6.8064,43.6279],[6.8046,43.628],[6.8067,43.631]]],[[[6.776,43.707],[6.7773,43.707],[6.7775,43.702],[6.775,43.7012],[6.7749,43.6998],[6.7766,43.698],[6.7759,43.6957],[6.7776,43.6952],[6.7745,43.6949],[6.7733,43.6959],[6.7742,43.7046],[6.7671,43.7104],[6.7684,43.7127],[6.7762,43.7106],[6.7756,43.7088],[6.7767,43.7079],[6.776,43.707]]],[[[6.8698,43.7463],[6.8726,43.7431],[6.8695,43.7432],[6.8695,43.7423],[6.8632,43.7412],[6.862,43.7422],[6.8601,43.7423],[6.8595,43.7423],[6.857,43.7424],[6.8558,43.7424],[6.8546,43.7425],[6.8541,43.7439],[6.8534,43.7434],[6.8509,43.7435],[6.8504,43.7445],[6.8473,43.7446],[6.8473,43.745],[6.8474,43.7455],[6.8474,43.7459],[6.8526,43.7484],[6.8563,43.7483],[6.857,43.7496],[6.8594,43.7481],[6.8584,43.7513],[6.8614,43.7503],[6.8635,43.7538],[6.8684,43.7523],[6.8691,43.754],[6.8722,43.753],[6.8696,43.7522],[6.8693,43.7486],[6.8712,43.749],[6.8698,43.7463]]],[[[6.8171,43.7711],[6.8163,43.7693],[6.8151,43.7693],[6.8133,43.7703],[6.8141,43.7725],[6.8191,43.7728],[6.8198,43.7745],[6.8217,43.7745],[6.8211,43.7754],[6.823,43.7758],[6.8208,43.7713],[6.8171,43.7711]]],[[[6.8048,43.7725],[6.8048,43.7734],[6.7982,43.7759],[6.7977,43.7777],[6.8064,43.7773],[6.8085,43.7723],[6.8065,43.771],[6.8016,43.7717],[6.8048,43.7725]]],[[[6.8324,43.7758],[6.8287,43.7769],[6.8295,43.7795],[6.8339,43.7794],[6.8357,43.7783],[6.8342,43.7788],[6.8335,43.7779],[6.8362,43.7779],[6.8324,43.7758]]],[[[6.7872,43.8889],[6.7894,43.8942],[6.7925,43.8936],[6.7948,43.8917],[6.7916,43.8905],[6.7922,43.8891],[6.7901,43.887],[6.7864,43.8871],[6.7859,43.8885],[6.7872,43.8889]]],[[[6.908,43.9978],[6.9049,43.9979],[6.9042,43.9979],[6.9017,43.9967],[6.9004,43.9972],[6.8999,43.9945],[6.8971,43.9942],[6.8947,43.9952],[6.8953,43.9956],[6.8955,43.9983],[6.8992,43.9968],[6.8999,43.9986],[6.8976,44.0],[6.8966,44.0037],[6.9003,44.0035],[6.9004,44.0048],[6.9029,44.0047],[6.9083,44.0014],[6.91,43.9995],[6.908,43.9978]],[[6.9064,44.0014],[6.9064,44.001],[6.9076,44.0009],[6.9064,44.0014]],[[6.902,44.0007],[6.9038,44.0002],[6.9039,44.0015],[6.9021,44.0016],[6.902,44.0007]]],[[[6.9051,44.0245],[6.9002,44.0251],[6.8998,44.0283],[6.9055,44.0285],[6.9051,44.0245]]],[[[6.8769,44.0378],[6.878,44.0369],[6.8737,44.0366],[6.8726,44.0424],[6.8772,44.0413],[6.8771,44.04],[6.8752,44.0401],[6.8782,44.0382],[6.8769,44.0378]]],[[[6.8307,44.0456],[6.8319,44.0451],[6.831,44.0415],[6.8285,44.0416],[6.8281,44.0448],[6.8307,44.0456]]],[[[6.891,44.0462],[6.8915,44.0444],[6.893,44.0443],[6.8929,44.0425],[6.8897,44.0418],[6.8884,44.0454],[6.891,44.0462]]],[[[6.8714,44.0433],[6.869,44.0452],[6.8669,44.0454],[6.8652,44.0477],[6.8721,44.0479],[6.8732,44.047],[6.8737,44.0455],[6.8721,44.0451],[6.8714,44.0433]]],[[[6.8955,44.0523],[6.8969,44.0536],[6.8987,44.0536],[6.901,44.0512],[6.8956,44.0497],[6.8955,44.0523]]],[[[6.8321,44.0482],[6.8308,44.0469],[6.8297,44.0483],[6.8284,44.0484],[6.8283,44.047],[6.8268,44.0516],[6.8201,44.0537],[6.8229,44.0572],[6.8291,44.0569],[6.8293,44.0524],[6.8312,44.0519],[6.8321,44.0482]]],[[[6.8187,44.06],[6.8203,44.0564],[6.8195,44.0546],[6.817,44.0547],[6.816,44.0574],[6.8174,44.0587],[6.8155,44.0593],[6.8187,44.06]]],[[[6.8314,44.0713],[6.8333,44.0707],[6.8302,44.0708],[6.8304,44.0735],[6.8292,44.074],[6.832,44.0784],[6.8332,44.0779],[6.8331,44.0757],[6.8314,44.0713]]],[[[6.8026,44.0927],[6.8013,44.0932],[6.8027,44.094],[6.8068,44.0907],[6.8059,44.0876],[6.8107,44.0856],[6.8117,44.0819],[6.8139,44.0805],[6.8126,44.0792],[6.8143,44.0773],[6.8142,44.0751],[6.8099,44.077],[6.8074,44.0826],[6.8005,44.0859],[6.798,44.086],[6.7972,44.0879],[6.7991,44.0883],[6.7994,44.0923],[6.7997,44.0887],[6.801,44.0882],[6.8023,44.0895],[6.8026,44.0927]]],[[[6.8597,44.1358],[6.8629,44.1361],[6.8626,44.133],[6.8583,44.134],[6.8573,44.1363],[6.8548,44.1364],[6.8502,44.1344],[6.8495,44.1326],[6.8462,44.1309],[6.8447,44.1278],[6.8416,44.128],[6.8412,44.1302],[6.8436,44.1292],[6.8433,44.1338],[6.8447,44.1355],[6.853,44.1374],[6.8592,44.1372],[6.8597,44.1358]]],[[[6.7063,44.1407],[6.7108,44.1376],[6.7076,44.1373],[6.7076,44.1361],[6.7066,44.1366],[6.7051,44.1331],[6.7043,44.1396],[6.7063,44.1407]]],[[[6.8675,44.1467],[6.8726,44.1488],[6.8742,44.1523],[6.8774,44.1531],[6.8747,44.1505],[6.8745,44.1478],[6.8712,44.1457],[6.8675,44.1467]]],[[[6.7158,44.1745],[6.715,44.1728],[6.7132,44.1737],[6.7113,44.1725],[6.7088,44.1726],[6.707,44.1744],[6.7122,44.1769],[6.7114,44.1747],[6.7158,44.1745]]],[[[6.8043,44.1939],[6.8115,44.1981],[6.8114,44.1963],[6.8094,44.195],[6.8141,44.1908],[6.8153,44.1912],[6.8158,44.1894],[6.8212,44.1893],[6.8261,44.1868],[6.8292,44.1867],[6.8293,44.1879],[6.8332,44.1869],[6.8323,44.1919],[6.8335,44.1918],[6.8336,44.1922],[6.8348,44.1922],[6.8349,44.1926],[6.8361,44.1926],[6.8361,44.193],[6.8378,44.1927],[6.8381,44.1934],[6.8414,44.1879],[6.8432,44.1869],[6.8459,44.1902],[6.8476,44.1901],[6.8484,44.1924],[6.8461,44.1917],[6.8453,44.1938],[6.8411,44.1928],[6.84,44.1938],[6.8405,44.1958],[6.8384,44.1975],[6.8516,44.2059],[6.8493,44.2083],[6.8468,44.2088],[6.8492,44.2159],[6.8518,44.2172],[6.8521,44.2122],[6.8584,44.2124],[6.8614,44.2114],[6.8613,44.2105],[6.8595,44.2105],[6.8599,44.2083],[6.8548,44.2067],[6.8546,44.2049],[6.8551,44.2035],[6.8576,44.2034],[6.8582,44.2025],[6.862,44.2028],[6.8617,44.1996],[6.8642,44.1991],[6.8641,44.1977],[6.8617,44.1996],[6.8592,44.1997],[6.8539,44.1959],[6.8489,44.1961],[6.8459,44.198],[6.8439,44.1959],[6.8476,44.1957],[6.8475,44.1939],[6.8531,44.1941],[6.853,44.1919],[6.8552,44.1882],[6.8583,44.1881],[6.8609,44.1898],[6.8628,44.1897],[6.8691,44.1822],[6.8688,44.1782],[6.8666,44.1742],[6.8667,44.1679],[6.8647,44.1662],[6.8628,44.1663],[6.8638,44.1635],[6.8573,44.1597],[6.8563,44.1557],[6.8538,44.1558],[6.8508,44.154],[6.8507,44.1524],[6.8461,44.153],[6.8453,44.1503],[6.8434,44.15],[6.8424,44.1464],[6.8408,44.1496],[6.8352,44.1548],[6.8352,44.1581],[6.8372,44.1592],[6.8377,44.1655],[6.8372,44.1662],[6.8391,44.1661],[6.8393,44.1699],[6.8418,44.1694],[6.8482,44.1718],[6.8458,44.1728],[6.846,44.1751],[6.8416,44.1748],[6.8396,44.1731],[6.8393,44.1701],[6.8381,44.1702],[6.8371,44.1741],[6.8398,44.1758],[6.8399,44.1771],[6.8387,44.1785],[6.8395,44.1798],[6.8371,44.1817],[6.8306,44.1798],[6.8214,44.1806],[6.8181,44.178],[6.8118,44.1774],[6.8106,44.1783],[6.8062,44.1781],[6.8058,44.1812],[6.8019,44.1796],[6.7927,44.1822],[6.7902,44.1823],[6.7883,44.181],[6.784,44.1826],[6.782,44.1804],[6.7796,44.1828],[6.7834,44.1835],[6.7836,44.1848],[6.7823,44.1849],[6.7831,44.1871],[6.7812,44.1872],[6.779,44.1832],[6.7778,44.1833],[6.7737,44.1866],[6.7733,44.1898],[6.7721,44.1898],[6.7713,44.188],[6.7688,44.1881],[6.7657,44.1892],[6.7652,44.1905],[6.766,44.1919],[6.7685,44.1922],[6.7727,44.1902],[6.7754,44.1928],[6.7836,44.1929],[6.7885,44.1914],[6.7922,44.1917],[6.7907,44.1958],[6.7927,44.1975],[6.7929,44.1998],[6.7911,44.2007],[6.7911,44.2012],[6.7931,44.2025],[6.7936,44.2011],[6.7961,44.2005],[6.8013,44.203],[6.8016,44.1999],[6.7965,44.1987],[6.7969,44.1956],[6.7935,44.1921],[6.7979,44.1919],[6.8005,44.1936],[6.8043,44.1939]],[[6.8502,44.1544],[6.8502,44.154],[6.8508,44.154],[6.8502,44.1544]],[[6.8643,44.1775],[6.8662,44.1778],[6.8663,44.1792],[6.8638,44.1788],[6.8643,44.1775]],[[6.8562,44.1774],[6.8613,44.1789],[6.861,44.1826],[6.8585,44.1831],[6.8533,44.1802],[6.8543,44.1779],[6.8562,44.1774]],[[6.8549,44.1876],[6.8538,44.1886],[6.8519,44.1886],[6.8522,44.1837],[6.8548,44.1849],[6.8549,44.1876]]],[[[6.7204,44.1856],[6.7234,44.1841],[6.7232,44.1814],[6.7189,44.1816],[6.7188,44.1833],[6.7201,44.1837],[6.717,44.1843],[6.7163,44.1834],[6.7182,44.1833],[6.7181,44.1825],[6.7139,44.1818],[6.7103,44.1838],[6.7104,44.1854],[6.7204,44.1856]]],[[[6.893,44.1997],[6.8954,44.1978],[6.8979,44.1986],[6.8991,44.1976],[6.8952,44.196],[6.8927,44.1961],[6.8916,44.1979],[6.893,44.1997]]],[[[6.7263,44.2047],[6.7239,44.2057],[6.7273,44.2101],[6.7303,44.2082],[6.734,44.208],[6.734,44.2071],[6.7309,44.2072],[6.7308,44.2063],[6.7263,44.2047]]],[[[6.7293,44.2361],[6.7255,44.2354],[6.7244,44.2372],[6.722,44.2332],[6.725,44.2417],[6.7266,44.2407],[6.727,44.2376],[6.7293,44.2361]]],[[[6.8868,44.2463],[6.89,44.248],[6.8919,44.2484],[6.8934,44.2434],[6.8883,44.2418],[6.8839,44.2424],[6.8806,44.2403],[6.8814,44.2425],[6.8833,44.2424],[6.8868,44.2463]]],[[[6.9054,44.2748],[6.909,44.2733],[6.9027,44.2736],[6.9029,44.2758],[6.9011,44.2764],[6.9007,44.2795],[6.9054,44.2748]]],[[[6.7827,44.2619],[6.7864,44.2608],[6.7917,44.2642],[6.7935,44.2632],[6.7958,44.2686],[6.794,44.2691],[6.7929,44.2718],[6.7905,44.2724],[6.7885,44.2758],[6.7884,44.2854],[6.7864,44.2897],[6.7902,44.2948],[6.7964,44.2985],[6.7946,44.3073],[6.7962,44.3161],[6.803,44.3201],[6.8022,44.3183],[6.8034,44.3173],[6.8078,44.3171],[6.8061,44.3256],[6.8092,44.3307],[6.8125,44.3326],[6.814,44.3322],[6.8108,44.331],[6.8118,44.3278],[6.8218,44.3274],[6.8238,44.3291],[6.8257,44.329],[6.8245,44.33],[6.8265,44.3317],[6.8284,44.3321],[6.827,44.3299],[6.8309,44.3311],[6.8297,44.3329],[6.8323,44.3333],[6.8324,44.3346],[6.8293,44.3352],[6.828,44.3343],[6.8281,44.3357],[6.8267,44.3357],[6.8305,44.3381],[6.8319,44.3404],[6.8341,44.3408],[6.8365,44.3389],[6.8351,44.3376],[6.8376,44.3371],[6.8428,44.3387],[6.8384,44.3393],[6.8448,44.3413],[6.8482,44.3434],[6.849,44.3459],[6.8516,44.346],[6.8544,44.3436],[6.8487,44.3425],[6.8485,44.3393],[6.8518,44.3343],[6.8515,44.3307],[6.8527,44.3297],[6.8558,44.3291],[6.8583,44.3295],[6.8635,44.323],[6.8722,44.3226],[6.8731,44.3257],[6.8681,44.3259],[6.8669,44.3269],[6.8667,44.3323],[6.8694,44.3349],[6.8705,44.3398],[6.8687,44.3408],[6.8682,44.3435],[6.8696,44.3452],[6.8733,44.3442],[6.8741,44.3464],[6.8811,44.347],[6.8815,44.3447],[6.8771,44.3445],[6.8818,44.3407],[6.8838,44.3338],[6.8887,44.3327],[6.8854,44.3302],[6.8828,44.3298],[6.8826,44.3276],[6.8838,44.3262],[6.8851,44.3266],[6.8856,44.3247],[6.8893,44.3246],[6.8914,44.3196],[6.8913,44.3187],[6.8901,44.3192],[6.8905,44.3164],[6.8924,44.3164],[6.8927,44.3123],[6.8956,44.3095],[6.895,44.309],[6.8943,44.3091],[6.8937,44.3091],[6.893,44.3082],[6.888,44.3084],[6.8867,44.3076],[6.8805,44.3087],[6.8779,44.3071],[6.8729,44.3073],[6.8715,44.3055],[6.8664,44.3048],[6.8621,44.3059],[6.8622,44.3077],[6.861,44.3078],[6.8584,44.3074],[6.8538,44.3044],[6.8496,44.306],[6.847,44.3052],[6.8457,44.3052],[6.8451,44.3053],[6.8451,44.3057],[6.8433,44.3058],[6.8426,44.3049],[6.8395,44.3064],[6.837,44.306],[6.8355,44.3102],[6.8305,44.3113],[6.829,44.3077],[6.8315,44.3072],[6.8313,44.3054],[6.8268,44.3038],[6.8239,44.2989],[6.8294,44.2964],[6.8293,44.2956],[6.833,44.2954],[6.8366,44.2925],[6.8392,44.2942],[6.8417,44.2941],[6.8453,44.2917],[6.8472,44.2926],[6.8513,44.2888],[6.8526,44.2892],[6.8536,44.286],[6.8529,44.2856],[6.8529,44.2851],[6.8528,44.2838],[6.8534,44.2837],[6.8527,44.2824],[6.8533,44.282],[6.851,44.2775],[6.8478,44.2759],[6.8494,44.2727],[6.8562,44.2719],[6.857,44.266],[6.8545,44.2657],[6.8531,44.2644],[6.8509,44.2676],[6.849,44.2677],[6.8501,44.2654],[6.8482,44.2651],[6.8481,44.2637],[6.8499,44.2636],[6.8486,44.2628],[6.8516,44.2609],[6.8479,44.2619],[6.8489,44.2592],[6.8468,44.2561],[6.84,44.2568],[6.8407,44.2496],[6.8387,44.2483],[6.8356,44.2485],[6.8373,44.247],[6.8371,44.2439],[6.8296,44.2446],[6.8235,44.2472],[6.8238,44.2507],[6.8196,44.2523],[6.8206,44.2572],[6.8194,44.2577],[6.8144,44.2583],[6.8135,44.2552],[6.8085,44.2554],[6.8049,44.2574],[6.8024,44.2566],[6.8028,44.2539],[6.8122,44.2544],[6.8177,44.2523],[6.8168,44.2492],[6.8198,44.2478],[6.8197,44.2464],[6.8165,44.2456],[6.8154,44.2394],[6.8204,44.2387],[6.8224,44.2404],[6.8262,44.2412],[6.8285,44.2388],[6.8347,44.2377],[6.8313,44.2347],[6.8309,44.2288],[6.8312,44.2257],[6.8341,44.2228],[6.8339,44.2197],[6.8244,44.2183],[6.8219,44.2188],[6.8206,44.218],[6.8211,44.2162],[6.8191,44.2149],[6.8129,44.2161],[6.8102,44.2135],[6.8058,44.2132],[6.8051,44.2119],[6.8026,44.2124],[6.8001,44.2121],[6.7989,44.2126],[6.797,44.2127],[6.7945,44.2128],[6.7919,44.2111],[6.7875,44.2112],[6.7839,44.2127],[6.7834,44.215],[6.7791,44.2152],[6.7793,44.2179],[6.7727,44.2218],[6.7706,44.2272],[6.775,44.2266],[6.7761,44.2248],[6.7823,44.2241],[6.7873,44.2248],[6.7894,44.2274],[6.7907,44.2273],[6.7915,44.2296],[6.7897,44.2305],[6.7892,44.2328],[6.7836,44.233],[6.7838,44.2353],[6.782,44.2371],[6.7802,44.2372],[6.7791,44.2391],[6.7752,44.2383],[6.7742,44.2411],[6.773,44.2411],[6.7744,44.2438],[6.7757,44.2437],[6.7758,44.2459],[6.7735,44.2478],[6.7703,44.2475],[6.7704,44.2484],[6.7717,44.2493],[6.7713,44.252],[6.7752,44.2541],[6.7743,44.2577],[6.7688,44.2593],[6.7677,44.262],[6.7641,44.2635],[6.763,44.2654],[6.7617,44.265],[6.7586,44.2651],[6.7605,44.2659],[6.7607,44.2682],[6.7577,44.2701],[6.7588,44.2713],[6.7581,44.2744],[6.7628,44.2796],[6.7671,44.2783],[6.7658,44.277],[6.7693,44.2741],[6.772,44.2691],[6.7783,44.2693],[6.7784,44.2702],[6.7795,44.2679],[6.7755,44.2653],[6.7813,44.2592],[6.7827,44.2619]],[[6.8356,44.2809],[6.8335,44.2778],[6.831,44.2784],[6.8311,44.2788],[6.8298,44.278],[6.8285,44.2785],[6.8271,44.2758],[6.8184,44.2775],[6.8169,44.2744],[6.8229,44.2701],[6.8277,44.2754],[6.8333,44.2751],[6.8356,44.2728],[6.8375,44.2727],[6.8383,44.2745],[6.8421,44.2761],[6.8424,44.2788],[6.8392,44.2789],[6.8356,44.2809]],[[6.8317,44.2783],[6.8329,44.2783],[6.8336,44.2792],[6.8317,44.2783]],[[6.8224,44.3116],[6.8255,44.311],[6.827,44.3139],[6.8284,44.3143],[6.8209,44.3166],[6.8202,44.3153],[6.8224,44.3116]],[[6.7803,44.2548],[6.7815,44.2547],[6.7816,44.2552],[6.7803,44.2548]]],[[[6.9256,44.3383],[6.9263,44.3343],[6.9183,44.3337],[6.9171,44.3347],[6.9115,44.3349],[6.9104,44.3368],[6.9053,44.3361],[6.9036,44.338],[6.9004,44.3381],[6.8965,44.3365],[6.8859,44.3369],[6.8844,44.3415],[6.8866,44.345],[6.89,44.3484],[6.8957,44.3491],[6.8958,44.3504],[6.8984,44.3512],[6.8985,44.353],[6.9048,44.3528],[6.9061,44.3536],[6.9092,44.353],[6.9115,44.3507],[6.9173,44.3527],[6.9149,44.3535],[6.9183,44.3531],[6.9226,44.3506],[6.9228,44.348],[6.9209,44.3447],[6.9256,44.3383]]],[[[6.8995,44.3574],[6.9055,44.3584],[6.909,44.3566],[6.8976,44.3567],[6.8977,44.358],[6.8958,44.3581],[6.8959,44.3591],[6.8995,44.3574]]],[[[6.9178,43.8803],[6.9264,43.8786],[6.9263,43.8778],[6.9232,43.8775],[6.9177,43.8789],[6.9178,43.8803]]],[[[6.9225,43.8873],[6.9232,43.8883],[6.9244,43.8878],[6.9233,43.8905],[6.9266,43.8891],[6.9265,43.8876],[6.9297,43.8883],[6.9276,43.8893],[6.9296,43.8906],[6.9303,43.8888],[6.9339,43.8873],[6.93,43.8847],[6.9258,43.8872],[6.9225,43.8873]],[[6.9303,43.8879],[6.9303,43.8883],[6.9297,43.8883],[6.9303,43.8879]]],[[[6.9142,43.8895],[6.9209,43.8919],[6.9208,43.8902],[6.9182,43.8888],[6.9136,43.8895],[6.9065,43.8871],[6.9048,43.8885],[6.9005,43.8891],[6.9036,43.8899],[6.9073,43.8893],[6.9099,43.8905],[6.9142,43.8895]]],[[[6.9435,43.9033],[6.946,43.9037],[6.9467,43.9046],[6.9455,43.9055],[6.9475,43.9074],[6.9505,43.9077],[6.9509,43.904],[6.9492,43.9036],[6.9482,43.8991],[6.9464,43.8992],[6.9464,43.9001],[6.9437,43.8997],[6.9417,43.9043],[6.9436,43.9042],[6.9435,43.9033]]],[[[7.0582,43.9067],[7.0578,43.9013],[7.0564,43.9005],[7.0552,43.901],[7.0574,43.9045],[7.055,43.9059],[7.0552,43.9082],[7.0563,43.9068],[7.0582,43.9067]]],[[[7.0485,43.9927],[7.0505,43.9939],[7.0511,43.993],[7.0542,43.9938],[7.056,43.9928],[7.0532,43.9893],[7.0501,43.9895],[7.049,43.9909],[7.0485,43.9927]]],[[[6.9424,43.9995],[6.9395,43.9942],[6.9364,43.9948],[6.9351,43.9935],[6.9321,43.9959],[6.9324,43.9986],[6.9305,43.9982],[6.9293,43.9991],[6.9274,43.9983],[6.9261,43.9988],[6.9263,44.0006],[6.9218,43.999],[6.9201,44.0018],[6.9177,44.0023],[6.9173,44.0055],[6.9213,44.008],[6.932,44.0089],[6.9319,44.008],[6.9349,44.007],[6.948,44.0073],[6.9517,44.0058],[6.9515,44.0036],[6.9546,44.0039],[6.9564,44.0025],[6.9545,43.994],[6.95,43.9929],[6.9486,43.9907],[6.9458,43.9908],[6.9431,43.9927],[6.9461,43.9989],[6.9424,43.9995]],[[6.9388,44.0005],[6.9399,43.9987],[6.9399,43.9996],[6.9419,44.0013],[6.9388,44.0005]]],[[[7.0569,44.0112],[7.0537,44.0096],[7.0512,44.0097],[7.0508,44.0128],[7.0578,44.0139],[7.0569,44.0112]]],[[[6.9596,44.0195],[6.9617,44.0221],[6.9613,44.0239],[6.9701,44.0258],[6.9712,44.023],[6.9692,44.0213],[6.9662,44.0228],[6.9623,44.0216],[6.9629,44.0202],[6.9616,44.0194],[6.9596,44.0195]]],[[[7.0648,44.0235],[7.0579,44.0233],[7.0549,44.0239],[7.055,44.0253],[7.0563,44.0261],[7.0607,44.0259],[7.0643,44.0249],[7.0648,44.0235]]],[[[6.9466,44.0277],[6.942,44.0256],[6.9424,44.0301],[6.9477,44.0335],[6.9475,44.0317],[6.9448,44.0291],[6.9466,44.0277]]],[[[6.9856,44.0314],[6.99,44.0317],[6.9905,44.0303],[6.9885,44.029],[6.9842,44.0292],[6.9833,44.0338],[6.9845,44.0337],[6.9856,44.0314]]],[[[6.9405,44.0369],[6.9359,44.0263],[6.9328,44.0265],[6.9311,44.0292],[6.9337,44.0305],[6.9333,44.0336],[6.9348,44.0363],[6.939,44.0364],[6.9413,44.04],[6.9403,44.0419],[6.9363,44.0421],[6.9351,44.0437],[6.9322,44.0429],[6.9323,44.0445],[6.9336,44.044],[6.9362,44.0461],[6.9416,44.0427],[6.9407,44.0477],[6.9432,44.0481],[6.9457,44.0471],[6.9495,44.0483],[6.9443,44.0381],[6.9405,44.0369]]],[[[6.9783,44.034],[6.9776,44.0408],[6.9794,44.0393],[6.9827,44.0423],[6.9867,44.0374],[6.9853,44.035],[6.9827,44.0338],[6.9811,44.037],[6.9808,44.0339],[6.9783,44.034]]],[[[6.9573,44.0367],[6.952,44.0341],[6.9484,44.0352],[6.9517,44.0446],[6.952,44.0409],[6.9552,44.0417],[6.9569,44.0394],[6.9573,44.0367]]],[[[6.9625,44.0392],[6.959,44.0425],[6.9641,44.0431],[6.9671,44.0426],[6.9682,44.0407],[6.9625,44.0392]]],[[[6.9815,44.043],[6.9788,44.0431],[6.977,44.0412],[6.9758,44.0485],[6.9801,44.0525],[6.9824,44.0587],[6.984,44.0501],[6.9815,44.0496],[6.9815,44.043]],[[6.9782,44.0435],[6.9782,44.0431],[6.9788,44.0431],[6.9782,44.0435]]],[[[7.0384,44.0508],[7.0378,44.0508],[7.036,44.0522],[7.0368,44.054],[7.0356,44.0549],[7.0372,44.0594],[7.039,44.0584],[7.04,44.0552],[7.0432,44.056],[7.045,44.0559],[7.0462,44.0549],[7.0467,44.0536],[7.0386,44.0539],[7.0394,44.0512],[7.039,44.0508],[7.0387,44.0507],[7.0384,44.0508]]],[[[7.0266,44.0598],[7.0277,44.058],[7.0269,44.0558],[7.0279,44.053],[7.0225,44.0551],[7.0186,44.053],[7.0141,44.0523],[7.0114,44.0573],[7.0133,44.0572],[7.0167,44.0607],[7.0223,44.0605],[7.0225,44.0627],[7.0251,44.0635],[7.0242,44.0604],[7.0254,44.0594],[7.0266,44.0598]]],[[[7.0314,44.1096],[7.0264,44.1094],[7.0237,44.1144],[7.0317,44.1132],[7.0314,44.1096]]],[[[7.0493,44.1144],[7.048,44.1143],[7.0472,44.1116],[7.0454,44.1122],[7.043,44.1145],[7.0382,44.1161],[7.0471,44.1161],[7.047,44.1149],[7.0493,44.1144]]],[[[7.0738,44.1159],[7.0737,44.1145],[7.0736,44.1136],[7.071,44.1128],[7.0722,44.1119],[7.07,44.1079],[7.0688,44.1089],[7.0657,44.1086],[7.0652,44.1104],[7.0621,44.1101],[7.0587,44.1147],[7.0562,44.1153],[7.0545,44.1145],[7.0539,44.1176],[7.0503,44.1192],[7.0499,44.1219],[7.0512,44.1227],[7.0481,44.1228],[7.0483,44.1251],[7.0533,44.1253],[7.0527,44.1258],[7.0528,44.1262],[7.0529,44.1271],[7.0541,44.1266],[7.0542,44.1284],[7.0537,44.1294],[7.0561,44.1288],[7.0556,44.1297],[7.0568,44.1297],[7.0569,44.1301],[7.0586,44.1287],[7.0655,44.1293],[7.0704,44.1282],[7.0737,44.1222],[7.0761,44.1212],[7.0792,44.121],[7.0803,44.1192],[7.0752,44.1181],[7.075,44.1158],[7.0738,44.1159]]],[[[6.9834,44.1342],[6.9771,44.1336],[6.9791,44.1353],[6.9793,44.138],[6.9813,44.1392],[6.9808,44.1406],[6.9841,44.1423],[6.9856,44.1453],[6.9844,44.1459],[6.9847,44.1499],[6.9835,44.1504],[6.9843,44.1526],[6.9806,44.1532],[6.9789,44.1555],[6.9815,44.1568],[6.9823,44.1585],[6.9859,44.1575],[6.9867,44.1588],[6.9917,44.159],[6.9941,44.1576],[6.9942,44.1589],[6.9918,44.1604],[6.9964,44.1629],[6.9985,44.1655],[7.0028,44.1644],[7.0031,44.1608],[7.0085,44.1574],[7.0106,44.1533],[7.0093,44.1524],[7.009,44.1489],[7.0065,44.149],[7.0064,44.1481],[7.0009,44.1496],[6.9978,44.1493],[6.9977,44.148],[7.0006,44.1452],[7.0049,44.1441],[7.006,44.1422],[7.0079,44.1426],[7.0097,44.1416],[7.0081,44.1381],[7.0027,44.1401],[7.0025,44.1379],[7.0005,44.1371],[6.9997,44.1344],[7.0028,44.1343],[7.005,44.1382],[7.0099,44.1367],[7.0136,44.1369],[7.0158,44.14],[7.0176,44.1395],[7.0161,44.1359],[7.0217,44.1366],[7.0259,44.1337],[7.0297,44.134],[7.0301,44.1322],[7.0262,44.1301],[7.0247,44.127],[7.027,44.1251],[7.032,44.124],[7.0359,44.1193],[7.0363,44.1166],[7.0339,44.1167],[7.0333,44.1176],[7.0321,44.1177],[7.0314,44.1177],[7.031,44.12],[7.028,44.1219],[7.0243,44.1221],[7.0215,44.119],[7.0191,44.12],[7.0166,44.1193],[7.0155,44.1211],[7.0117,44.1204],[7.0111,44.1217],[7.0158,44.1256],[7.0216,44.1276],[7.0225,44.1312],[7.0094,44.1304],[7.0057,44.1319],[6.9895,44.1326],[6.9834,44.1342]]],[[[6.9644,44.139],[6.9639,44.1409],[6.9566,44.143],[6.9549,44.1449],[6.9654,44.144],[6.9677,44.1412],[6.9644,44.139]]],[[[6.9379,44.1433],[6.9366,44.1434],[6.9354,44.1434],[6.9355,44.1452],[6.9374,44.1451],[6.9374,44.1447],[6.9411,44.1441],[6.943,44.1449],[6.9441,44.1435],[6.9422,44.1422],[6.9397,44.1423],[6.9392,44.1437],[6.9379,44.1433]]],[[[7.0439,44.1474],[7.0458,44.1473],[7.0468,44.1445],[7.0437,44.1451],[7.0436,44.1438],[7.0465,44.1414],[7.0451,44.1387],[7.0495,44.1399],[7.0514,44.1398],[7.0525,44.1384],[7.0505,44.1367],[7.0511,44.1358],[7.0453,44.1338],[7.0428,44.1343],[7.0417,44.1362],[7.0404,44.1358],[7.0389,44.1395],[7.0314,44.1398],[7.0274,44.1445],[7.0255,44.1445],[7.0228,44.142],[7.0208,44.1474],[7.0182,44.1471],[7.0165,44.1485],[7.0167,44.1508],[7.0154,44.1508],[7.0174,44.1525],[7.0164,44.1548],[7.0214,44.1546],[7.0242,44.1514],[7.0237,44.1455],[7.0293,44.1453],[7.0316,44.1492],[7.0334,44.1492],[7.0364,44.1468],[7.0395,44.1466],[7.0415,44.1479],[7.0405,44.1511],[7.0374,44.1517],[7.0363,44.1535],[7.0367,44.1545],[7.0392,44.154],[7.0393,44.1553],[7.0325,44.1565],[7.0317,44.1551],[7.0336,44.1546],[7.0312,44.1529],[7.0301,44.1547],[7.031,44.1574],[7.0286,44.1584],[7.0288,44.1615],[7.0218,44.1605],[7.0228,44.1645],[7.0288,44.1692],[7.0289,44.1705],[7.0341,44.1704],[7.0359,44.1716],[7.0361,44.1738],[7.0419,44.1763],[7.0438,44.1762],[7.0421,44.1713],[7.0444,44.168],[7.0442,44.1654],[7.0462,44.1653],[7.0475,44.1603],[7.0429,44.1582],[7.0444,44.1536],[7.0427,44.1516],[7.0445,44.1501],[7.0455,44.1513],[7.0439,44.1474]],[[7.0416,44.1534],[7.0411,44.1543],[7.0404,44.1535],[7.0416,44.1525],[7.0429,44.1538],[7.0416,44.1534]]],[[[6.972,44.163],[6.9695,44.1631],[6.9656,44.1666],[6.9674,44.1677],[6.967,44.17],[6.969,44.1726],[6.9748,44.1737],[6.9733,44.1711],[6.974,44.1643],[6.972,44.163]]],[[[7.0487,44.1643],[7.0469,44.1684],[7.0495,44.1696],[7.0497,44.1723],[7.0498,44.1732],[7.0525,44.1754],[7.0549,44.1743],[7.0557,44.1761],[7.0569,44.1756],[7.0551,44.1694],[7.0582,44.1681],[7.0538,44.1681],[7.0487,44.1643]]],[[[7.0081,44.1678],[7.0086,44.1669],[7.0028,44.1649],[7.0016,44.1658],[7.0019,44.169],[6.9984,44.1714],[6.9991,44.1727],[6.9947,44.1724],[6.9924,44.1737],[6.9989,44.1771],[6.999,44.1789],[7.0002,44.1784],[7.014,44.1869],[7.0156,44.1832],[7.0199,44.1826],[7.0179,44.1804],[7.0188,44.1764],[7.0101,44.17],[7.0081,44.1678]],[[7.0129,44.1811],[7.0142,44.181],[7.0149,44.1828],[7.0137,44.1828],[7.0129,44.1811]],[[7.0118,44.1824],[7.0111,44.1825],[7.0111,44.182],[7.0118,44.1824]],[[7.0082,44.1758],[7.0086,44.1735],[7.0114,44.1771],[7.0082,44.1758]]],[[[7.0758,44.2216],[7.0778,44.2152],[7.0746,44.2154],[7.0726,44.2141],[7.0707,44.2056],[7.0662,44.2075],[7.0647,44.2053],[7.0635,44.2055],[7.059,44.2084],[7.0541,44.2091],[7.0493,44.2115],[7.0489,44.2144],[7.0548,44.2147],[7.0537,44.2172],[7.0573,44.2184],[7.0551,44.2212],[7.0553,44.2243],[7.0535,44.2253],[7.0562,44.227],[7.0551,44.2288],[7.056,44.2295],[7.0624,44.2263],[7.0629,44.2244],[7.058,44.2188],[7.0629,44.2172],[7.063,44.2181],[7.0655,44.2185],[7.0664,44.2216],[7.0683,44.222],[7.0705,44.2255],[7.0708,44.2223],[7.0758,44.2216]]],[[[7.0262,44.2278],[7.0289,44.23],[7.0237,44.2284],[7.024,44.2315],[7.0224,44.2344],[7.0265,44.2311],[7.0303,44.2316],[7.0326,44.2258],[7.0285,44.2255],[7.0262,44.2278]]],[[[6.9567,44.2983],[6.9514,44.3013],[6.9446,44.302],[6.9436,44.3057],[6.94,44.3072],[6.9433,44.3093],[6.9434,44.3111],[6.9416,44.3116],[6.9418,44.3138],[6.9328,44.312],[6.931,44.3125],[6.9301,44.3094],[6.9317,44.3057],[6.9292,44.3058],[6.9269,44.3086],[6.9244,44.3092],[6.9192,44.3067],[6.9197,44.3044],[6.9182,44.3022],[6.9164,44.3023],[6.9152,44.3037],[6.9089,44.3035],[6.9104,44.3061],[6.9143,44.3082],[6.9162,44.3082],[6.9163,44.3091],[6.9194,44.3085],[6.9195,44.3103],[6.9248,44.3132],[6.9223,44.3138],[6.9231,44.316],[6.9262,44.3158],[6.9263,44.3172],[6.9282,44.3171],[6.9323,44.3138],[6.934,44.3182],[6.9427,44.3179],[6.9436,44.3214],[6.9399,44.322],[6.9412,44.3229],[6.9411,44.3247],[6.9462,44.3206],[6.9528,44.3194],[6.954,44.3153],[6.9602,44.3115],[6.9607,44.3089],[6.9577,44.3052],[6.9586,44.302],[6.9567,44.2983]],[[6.9514,44.317],[6.951,44.3189],[6.9497,44.3189],[6.9496,44.3176],[6.9514,44.317]]],[[[6.937,44.3288],[6.9377,44.3257],[6.9365,44.3258],[6.9357,44.3236],[6.9256,44.3231],[6.9265,44.3194],[6.9172,44.3207],[6.9172,44.3203],[6.9166,44.3203],[6.9116,44.3205],[6.9102,44.3197],[6.9097,44.3206],[6.9109,44.3205],[6.9138,44.3245],[6.9226,44.3246],[6.9259,44.3267],[6.9322,44.3278],[6.933,44.3295],[6.9318,44.3307],[6.937,44.3288]]],[[[7.0985,43.7487],[7.1018,43.7479],[7.1042,43.742],[7.0981,43.7438],[7.0985,43.7487]]],[[[7.0895,43.7518],[7.0892,43.7563],[7.0929,43.7561],[7.0937,43.7507],[7.096,43.7558],[7.0972,43.7551],[7.0974,43.7496],[7.0947,43.7475],[7.0895,43.7518]]],[[[7.1177,43.7551],[7.1161,43.7578],[7.1186,43.7586],[7.1203,43.7563],[7.1233,43.7552],[7.1195,43.755],[7.1197,43.7536],[7.1163,43.7538],[7.1177,43.7551]]],[[[7.1233,43.785],[7.1232,43.7832],[7.1183,43.7843],[7.1182,43.7829],[7.1117,43.7805],[7.1109,43.7774],[7.1086,43.7798],[7.1087,43.7811],[7.1088,43.7825],[7.107,43.783],[7.1071,43.7843],[7.1121,43.785],[7.1154,43.7875],[7.1173,43.7875],[7.1206,43.7846],[7.1233,43.785]]],[[[7.2298,43.9315],[7.234,43.9294],[7.235,43.9272],[7.2342,43.9246],[7.2352,43.9227],[7.2302,43.9225],[7.2311,43.9256],[7.2293,43.9257],[7.2283,43.9284],[7.2298,43.9315]]],[[[7.2278,43.9451],[7.2279,43.946],[7.2254,43.9461],[7.2248,43.9478],[7.226,43.9473],[7.2261,43.9495],[7.2324,43.9475],[7.2323,43.9458],[7.2303,43.945],[7.2278,43.9451]]],[[[7.1098,43.972],[7.1191,43.9716],[7.1182,43.968],[7.1144,43.9677],[7.1133,43.9687],[7.1124,43.966],[7.1099,43.9657],[7.1071,43.9627],[7.1001,43.9612],[7.1,43.9598],[7.0981,43.9594],[7.0986,43.9581],[7.0962,43.9582],[7.0916,43.9561],[7.0918,43.9584],[7.0956,43.9591],[7.0989,43.9612],[7.099,43.9626],[7.1042,43.965],[7.1053,43.9699],[7.1098,43.972]]],[[[7.0905,43.9796],[7.0896,43.9769],[7.0913,43.9751],[7.0905,43.9719],[7.0921,43.9692],[7.0899,43.9648],[7.0886,43.9648],[7.0891,43.9634],[7.0831,43.966],[7.0846,43.9695],[7.0858,43.969],[7.0862,43.973],[7.084,43.9695],[7.0829,43.9709],[7.083,43.9718],[7.083,43.9727],[7.0843,43.9731],[7.0847,43.9776],[7.0905,43.9796]]],[[[7.0568,43.9721],[7.0595,43.9751],[7.0599,43.9791],[7.0624,43.9795],[7.0615,43.9764],[7.0658,43.9748],[7.0677,43.9761],[7.0664,43.9829],[7.0675,43.9878],[7.0708,43.9904],[7.0788,43.9891],[7.0747,43.9843],[7.0745,43.9825],[7.0701,43.9818],[7.0704,43.9787],[7.0735,43.9781],[7.0733,43.9758],[7.0678,43.9765],[7.0675,43.9738],[7.0669,43.9734],[7.0714,43.975],[7.0716,43.9705],[7.0704,43.9706],[7.0701,43.9674],[7.0731,43.9655],[7.0729,43.9637],[7.0729,43.9628],[7.0663,43.9595],[7.0662,43.9577],[7.0674,43.9572],[7.0659,43.9541],[7.0629,43.9551],[7.0629,43.956],[7.063,43.9569],[7.063,43.9574],[7.0625,43.9587],[7.0613,43.9588],[7.0581,43.9652],[7.0613,43.9665],[7.0615,43.9683],[7.0596,43.9688],[7.0598,43.9701],[7.0573,43.9702],[7.0568,43.9721]],[[7.0606,43.9732],[7.0618,43.9727],[7.0627,43.975],[7.0614,43.9755],[7.0606,43.9732]],[[7.0612,43.9728],[7.0606,43.9728],[7.0606,43.9723],[7.0612,43.9728]]],[[[7.2595,43.9874],[7.2584,43.9888],[7.2566,43.9889],[7.2585,43.9897],[7.2616,43.9891],[7.2638,43.9858],[7.2669,43.9862],[7.2654,43.9831],[7.2635,43.9823],[7.264,43.98],[7.2627,43.9801],[7.2626,43.9787],[7.265,43.9786],[7.2667,43.9767],[7.2636,43.9764],[7.2622,43.9751],[7.2637,43.9701],[7.263,43.9701],[7.2605,43.9702],[7.2615,43.9742],[7.2605,43.977],[7.2593,43.977],[7.2602,43.9802],[7.259,43.9816],[7.2605,43.9842],[7.2588,43.9856],[7.2595,43.9874]],[[7.2614,43.9869],[7.2626,43.9864],[7.2626,43.9873],[7.2614,43.9869]]],[[[7.208,43.9825],[7.2085,43.9816],[7.2046,43.9795],[7.2009,43.9797],[7.2009,43.9801],[7.1997,43.9802],[7.199,43.9802],[7.1987,43.9838],[7.208,43.9825]]],[[[7.2193,43.991],[7.2194,43.9923],[7.2214,43.9936],[7.2239,43.9935],[7.2251,43.9925],[7.2243,43.9912],[7.2193,43.991]]],[[[7.2189,44.0081],[7.2188,44.0068],[7.2149,44.0052],[7.2051,44.0074],[7.1991,44.0099],[7.1992,44.0108],[7.2017,44.0107],[7.2034,44.0093],[7.214,44.0093],[7.2189,44.0081]]],[[[7.1945,44.0146],[7.1935,44.0102],[7.1884,44.0086],[7.1853,44.0087],[7.1946,44.016],[7.1965,44.0159],[7.1994,44.0135],[7.1993,44.0122],[7.1967,44.0114],[7.1982,44.0136],[7.1945,44.0146]]],[[[7.2043,44.0196],[7.2037,44.0196],[7.2044,44.0209],[7.2006,44.0202],[7.1995,44.0216],[7.2017,44.0251],[7.2053,44.0241],[7.2061,44.0186],[7.2043,44.0192],[7.2043,44.0196]]],[[[7.3457,44.1366],[7.3478,44.1354],[7.351,44.1296],[7.3495,44.1301],[7.3497,44.1315],[7.3433,44.1304],[7.3431,44.1282],[7.3462,44.128],[7.3492,44.1261],[7.3463,44.1217],[7.3438,44.1218],[7.3436,44.1196],[7.3459,44.1177],[7.349,44.1175],[7.3469,44.1212],[7.3498,44.1188],[7.3516,44.1188],[7.3537,44.1209],[7.356,44.1213],[7.3577,44.1162],[7.3644,44.1177],[7.3682,44.1166],[7.3814,44.1223],[7.3838,44.1213],[7.3845,44.1234],[7.3892,44.1252],[7.3915,44.1245],[7.3931,44.1254],[7.403,44.1195],[7.4035,44.1182],[7.4084,44.1172],[7.4071,44.1166],[7.408,44.113],[7.4019,44.1142],[7.403,44.1123],[7.4121,44.1097],[7.414,44.11],[7.4151,44.1086],[7.4183,44.1085],[7.4231,44.1064],[7.4256,44.1068],[7.4255,44.1059],[7.4273,44.1067],[7.4293,44.1062],[7.4307,44.1074],[7.4302,44.1097],[7.4265,44.1103],[7.4248,44.1118],[7.4272,44.113],[7.428,44.1162],[7.4261,44.121],[7.4294,44.1235],[7.43,44.1304],[7.4435,44.1278],[7.4486,44.1293],[7.4601,44.1258],[7.4733,44.1336],[7.4831,44.1337],[7.4792,44.1326],[7.4798,44.1317],[7.4767,44.1319],[7.4727,44.1298],[7.4715,44.1303],[7.4707,44.1285],[7.4736,44.1261],[7.4749,44.1265],[7.4786,44.1187],[7.4836,44.1185],[7.4871,44.1165],[7.491,44.1172],[7.4921,44.1158],[7.4883,44.116],[7.4887,44.1128],[7.4842,44.1121],[7.4822,44.1104],[7.4801,44.1074],[7.4799,44.1056],[7.4816,44.1041],[7.473,44.1055],[7.4723,44.1046],[7.4679,44.1043],[7.4684,44.1034],[7.4734,44.1032],[7.4721,44.1023],[7.4725,44.1001],[7.468,44.098],[7.4678,44.0967],[7.4708,44.0947],[7.4705,44.0921],[7.467,44.094],[7.4667,44.0913],[7.4704,44.0903],[7.4722,44.083],[7.4659,44.0828],[7.464,44.0816],[7.4645,44.0806],[7.4607,44.0804],[7.458,44.0778],[7.4647,44.0757],[7.4686,44.0773],[7.47,44.0795],[7.475,44.0792],[7.4776,44.0809],[7.4808,44.0808],[7.4854,44.0837],[7.4891,44.0835],[7.489,44.0822],[7.4935,44.0829],[7.4965,44.0818],[7.5017,44.0847],[7.5046,44.0819],[7.5089,44.0808],[7.5128,44.0756],[7.5165,44.0755],[7.5165,44.075],[7.5183,44.0749],[7.5188,44.0731],[7.5214,44.0739],[7.5241,44.0697],[7.5233,44.0679],[7.5195,44.0672],[7.5186,44.0641],[7.5213,44.0595],[7.5216,44.0554],[7.5184,44.0546],[7.5169,44.0525],[7.5182,44.0524],[7.5175,44.0515],[7.5206,44.0514],[7.5206,44.0523],[7.5219,44.0518],[7.5205,44.0509],[7.505,44.0517],[7.503,44.05],[7.5047,44.0485],[7.519,44.0483],[7.5227,44.0468],[7.5224,44.0441],[7.5186,44.0438],[7.5162,44.0448],[7.5136,44.0432],[7.5134,44.0414],[7.5177,44.0407],[7.5227,44.0409],[7.528,44.0443],[7.5336,44.044],[7.5366,44.0425],[7.5368,44.0448],[7.5344,44.0453],[7.5353,44.0484],[7.5377,44.0474],[7.5381,44.0451],[7.5427,44.0472],[7.5506,44.045],[7.555,44.0452],[7.5552,44.0407],[7.5592,44.0366],[7.5566,44.0352],[7.557,44.0334],[7.5527,44.0336],[7.5485,44.0361],[7.546,44.0362],[7.5415,44.0342],[7.5436,44.0305],[7.5479,44.0289],[7.5486,44.0271],[7.5482,44.0253],[7.5435,44.0228],[7.5424,44.0238],[7.545,44.0245],[7.5471,44.0276],[7.5442,44.03],[7.5405,44.0302],[7.5409,44.0216],[7.5439,44.0201],[7.5437,44.0178],[7.5412,44.018],[7.5415,44.0211],[7.5384,44.0213],[7.5346,44.0201],[7.5337,44.0174],[7.5301,44.0185],[7.5281,44.0172],[7.5278,44.0141],[7.5316,44.0153],[7.5322,44.0143],[7.5276,44.0123],[7.5264,44.0128],[7.525,44.0115],[7.5248,44.0084],[7.526,44.0079],[7.5249,44.003],[7.5214,44.0054],[7.5193,44.0037],[7.519,44.0069],[7.517,44.0056],[7.5179,44.0083],[7.5211,44.0095],[7.5206,44.0104],[7.5162,44.0106],[7.5173,44.0083],[7.5153,44.0079],[7.5158,44.0057],[7.5131,44.004],[7.5113,44.005],[7.5103,44.0077],[7.5137,44.0103],[7.5112,44.0108],[7.5102,44.0127],[7.5071,44.0133],[7.5061,44.0165],[7.5031,44.0171],[7.4985,44.015],[7.4963,44.0111],[7.4945,44.0121],[7.4961,44.0021],[7.4984,44.0006],[7.5016,44.0005],[7.5024,43.9964],[7.5082,43.9979],[7.5137,43.9968],[7.5122,43.9946],[7.5086,43.9952],[7.5091,43.9938],[7.5052,43.9927],[7.5034,43.9936],[7.5015,43.9928],[7.5004,43.9947],[7.4985,43.9948],[7.5006,43.9965],[7.4975,43.9971],[7.4934,44.0],[7.4856,43.9967],[7.4846,43.9923],[7.4821,43.9924],[7.4817,43.9884],[7.4749,43.9891],[7.4733,43.9915],[7.4696,43.9916],[7.4672,43.9935],[7.4641,43.9937],[7.4583,43.9985],[7.452,43.9979],[7.4509,43.9993],[7.4484,43.9994],[7.4446,43.9987],[7.443,43.9947],[7.44,43.9962],[7.4319,43.9961],[7.4309,43.9993],[7.4347,43.9991],[7.438,44.0012],[7.4357,44.0036],[7.4358,44.0054],[7.4416,44.0065],[7.4444,44.0104],[7.4422,44.0132],[7.4384,44.0134],[7.4365,44.013],[7.4382,44.0111],[7.4361,44.0085],[7.4325,44.0096],[7.4326,44.0105],[7.4357,44.0108],[7.4355,44.0149],[7.4313,44.0173],[7.4321,44.0195],[7.4304,44.0214],[7.4261,44.0221],[7.4264,44.0247],[7.4235,44.0271],[7.4236,44.0285],[7.428,44.0292],[7.4278,44.0269],[7.4322,44.0272],[7.432,44.0254],[7.4307,44.025],[7.4351,44.0243],[7.436,44.0275],[7.4429,44.0285],[7.4451,44.032],[7.4482,44.0314],[7.4504,44.0349],[7.4508,44.0331],[7.4534,44.0334],[7.4545,44.032],[7.4532,44.0316],[7.4537,44.0302],[7.4613,44.0312],[7.4617,44.0289],[7.4665,44.0274],[7.4677,44.0264],[7.4669,44.0246],[7.4694,44.0245],[7.4727,44.0266],[7.4705,44.0299],[7.4738,44.032],[7.474,44.0333],[7.4721,44.0339],[7.4747,44.0346],[7.4748,44.036],[7.4721,44.0402],[7.464,44.0401],[7.4635,44.0419],[7.4717,44.0433],[7.4719,44.0451],[7.4702,44.0466],[7.4658,44.0468],[7.4653,44.0482],[7.4584,44.0484],[7.4507,44.0452],[7.4482,44.0453],[7.4468,44.0441],[7.4407,44.0456],[7.4406,44.0447],[7.4381,44.0448],[7.438,44.0436],[7.4362,44.0435],[7.4338,44.0451],[7.4334,44.0478],[7.4317,44.0493],[7.4313,44.0518],[7.4336,44.0508],[7.4337,44.0522],[7.4295,44.0525],[7.4275,44.052],[7.4274,44.0504],[7.4211,44.0493],[7.4207,44.0448],[7.4202,44.0471],[7.419,44.0472],[7.4165,44.0473],[7.4166,44.0477],[7.4115,44.0471],[7.4113,44.0453],[7.4046,44.0469],[7.4035,44.0488],[7.4036,44.0492],[7.4036,44.0497],[7.4036,44.0501],[7.4089,44.0535],[7.4101,44.0525],[7.4074,44.05],[7.411,44.0484],[7.413,44.0497],[7.4139,44.0533],[7.4106,44.0584],[7.4158,44.0599],[7.4142,44.0636],[7.4169,44.0653],[7.4187,44.0652],[7.42,44.0656],[7.4212,44.0642],[7.4241,44.0645],[7.4239,44.062],[7.4257,44.0619],[7.426,44.0655],[7.425,44.0658],[7.4296,44.0678],[7.4301,44.0737],[7.429,44.0755],[7.4304,44.0773],[7.4281,44.0792],[7.4283,44.081],[7.426,44.0829],[7.424,44.0825],[7.4224,44.0849],[7.4162,44.0851],[7.4218,44.0921],[7.4242,44.0911],[7.4252,44.0888],[7.4291,44.0904],[7.4293,44.0926],[7.4268,44.0919],[7.4243,44.0924],[7.4259,44.0964],[7.423,44.0983],[7.4125,44.0997],[7.4124,44.0988],[7.4068,44.0995],[7.4024,44.0988],[7.4003,44.0962],[7.3991,44.0904],[7.4021,44.0885],[7.4017,44.0836],[7.3968,44.0788],[7.3957,44.0802],[7.3951,44.0803],[7.3926,44.0804],[7.3902,44.0814],[7.3911,44.0841],[7.396,44.0838],[7.3968,44.0856],[7.3919,44.0867],[7.392,44.0876],[7.389,44.0891],[7.3856,44.0929],[7.3831,44.0925],[7.3821,44.089],[7.3809,44.089],[7.3808,44.0886],[7.3796,44.0886],[7.3806,44.0927],[7.3791,44.0972],[7.3805,44.099],[7.377,44.1018],[7.376,44.1046],[7.3721,44.1025],[7.369,44.1026],[7.3685,44.104],[7.364,44.1029],[7.3652,44.0952],[7.367,44.0946],[7.368,44.0919],[7.373,44.0921],[7.3749,44.0848],[7.3773,44.0838],[7.377,44.0807],[7.3788,44.0801],[7.3778,44.0757],[7.3741,44.0758],[7.3715,44.0746],[7.3698,44.0702],[7.368,44.0703],[7.3664,44.0663],[7.362,44.066],[7.3636,44.0709],[7.3621,44.0741],[7.3582,44.073],[7.3591,44.0693],[7.3579,44.0698],[7.355,44.0785],[7.3512,44.0787],[7.3504,44.0769],[7.3467,44.0771],[7.3454,44.0763],[7.3285,44.0766],[7.3271,44.0748],[7.3147,44.0754],[7.3148,44.0768],[7.3104,44.0765],[7.3119,44.0796],[7.3057,44.0799],[7.3065,44.0816],[7.3041,44.0827],[7.3061,44.0839],[7.307,44.087],[7.3096,44.0878],[7.3096,44.0887],[7.3078,44.0892],[7.3148,44.0903],[7.3181,44.0928],[7.3218,44.0922],[7.3282,44.0937],[7.3262,44.092],[7.3293,44.0919],[7.3312,44.0931],[7.3356,44.0929],[7.3382,44.0942],[7.3425,44.0931],[7.3421,44.0953],[7.3435,44.0971],[7.3492,44.0977],[7.3518,44.0994],[7.3499,44.1062],[7.3482,44.1077],[7.3438,44.1079],[7.3452,44.11],[7.341,44.1111],[7.3406,44.1143],[7.3381,44.114],[7.3397,44.1112],[7.3377,44.1095],[7.3376,44.1086],[7.3376,44.1081],[7.3365,44.11],[7.3335,44.111],[7.3343,44.1133],[7.3307,44.1152],[7.3256,44.1146],[7.3256,44.1137],[7.3224,44.1129],[7.3175,44.1149],[7.3175,44.1217],[7.3158,44.1231],[7.3159,44.1249],[7.3111,44.1274],[7.312,44.1305],[7.3086,44.1338],[7.3094,44.1356],[7.3113,44.1359],[7.3114,44.1373],[7.3096,44.1378],[7.3105,44.1418],[7.3174,44.142],[7.3175,44.1433],[7.315,44.1434],[7.3151,44.1449],[7.3171,44.1434],[7.3217,44.1431],[7.3269,44.1446],[7.3327,44.1439],[7.3346,44.1452],[7.3406,44.1454],[7.3415,44.1462],[7.3448,44.1451],[7.3467,44.1398],[7.3457,44.1366]],[[7.5518,44.044],[7.5536,44.0439],[7.5537,44.0448],[7.5518,44.044]],[[7.548,44.037],[7.5516,44.0359],[7.5518,44.0377],[7.5501,44.0392],[7.5482,44.0388],[7.548,44.037]],[[7.5426,44.0463],[7.5432,44.0463],[7.5433,44.0467],[7.5426,44.0463]],[[7.5376,44.0326],[7.5375,44.0317],[7.5381,44.0316],[7.5376,44.0326]],[[7.5119,44.0117],[7.5132,44.0116],[7.5139,44.013],[7.5119,44.0117]],[[7.5031,44.0378],[7.5125,44.0387],[7.5121,44.041],[7.504,44.0414],[7.5012,44.0446],[7.4994,44.0447],[7.4953,44.0481],[7.484,44.0473],[7.4815,44.048],[7.4827,44.0469],[7.4806,44.0447],[7.4782,44.0454],[7.4781,44.0439],[7.4743,44.0441],[7.4717,44.0429],[7.4734,44.0406],[7.4776,44.0395],[7.4793,44.0376],[7.488,44.0372],[7.49,44.038],[7.4947,44.0346],[7.5031,44.0378]],[[7.4939,44.0126],[7.4945,44.0125],[7.4946,44.013],[7.4939,44.0126]],[[7.4788,44.0106],[7.4797,44.0069],[7.4841,44.0072],[7.4875,44.0043],[7.4931,44.0031],[7.4895,44.0119],[7.487,44.0124],[7.4872,44.0138],[7.484,44.0135],[7.4839,44.0126],[7.4827,44.0126],[7.4788,44.0106]],[[7.4865,44.0004],[7.4859,44.0004],[7.4859,44.0],[7.4865,44.0004]],[[7.4834,44.0001],[7.4834,44.001],[7.4816,44.0011],[7.4821,43.9997],[7.4834,44.0001]],[[7.4673,44.0152],[7.4663,44.0179],[7.469,44.02],[7.4803,44.0204],[7.4802,44.0195],[7.4821,44.0194],[7.4828,44.0207],[7.4809,44.0208],[7.4817,44.0221],[7.478,44.0223],[7.4781,44.0237],[7.4806,44.024],[7.4808,44.0267],[7.4739,44.0257],[7.4724,44.023],[7.4684,44.0205],[7.4596,44.0191],[7.4606,44.0164],[7.4657,44.0116],[7.4702,44.0123],[7.4713,44.0109],[7.4738,44.0108],[7.4751,44.0121],[7.4735,44.0144],[7.4742,44.0153],[7.4718,44.0163],[7.4698,44.0151],[7.4673,44.0152]],[[7.4803,44.048],[7.4784,44.0481],[7.4783,44.0472],[7.4803,44.048]],[[7.473,44.0506],[7.4723,44.0506],[7.4723,44.0501],[7.473,44.0506]],[[7.4711,44.0019],[7.4693,44.002],[7.4692,44.0011],[7.4711,44.0019]],[[7.4543,44.0712],[7.4525,44.0722],[7.451,44.0695],[7.4541,44.0689],[7.4543,44.0712]],[[7.4508,44.0263],[7.4495,44.025],[7.4513,44.0245],[7.453,44.0289],[7.4518,44.0294],[7.4504,44.0286],[7.4508,44.0263]],[[7.4443,44.023],[7.4434,44.0203],[7.4359,44.0193],[7.4395,44.0178],[7.4451,44.0176],[7.4464,44.0184],[7.4453,44.0207],[7.4468,44.0224],[7.4443,44.023]],[[7.4401,43.9975],[7.4401,43.9971],[7.4413,43.997],[7.4401,43.9975]],[[7.4291,44.1046],[7.4278,44.1047],[7.4277,44.1029],[7.4291,44.1046]],[[7.4157,44.0529],[7.4144,44.0529],[7.4142,44.0498],[7.4216,44.0495],[7.4217,44.0504],[7.4155,44.0511],[7.4157,44.0529]],[[7.4037,44.1007],[7.4031,44.1007],[7.4031,44.1003],[7.4037,44.1007]],[[7.3978,44.1108],[7.3993,44.113],[7.395,44.1141],[7.3923,44.1119],[7.3978,44.1108]],[[7.3804,44.1111],[7.3814,44.1084],[7.385,44.1073],[7.3863,44.1077],[7.3882,44.1148],[7.3866,44.118],[7.3843,44.12],[7.3824,44.12],[7.3804,44.1111]],[[7.3835,44.097],[7.3824,44.0989],[7.3805,44.0985],[7.3809,44.0962],[7.3835,44.097]],[[7.3595,44.0878],[7.3621,44.0881],[7.3622,44.0894],[7.3604,44.09],[7.3595,44.0878]],[[7.3392,44.091],[7.3399,44.0923],[7.3381,44.0924],[7.3373,44.091],[7.3392,44.091]],[[7.3305,44.0778],[7.33,44.0792],[7.3282,44.0793],[7.3274,44.078],[7.3305,44.0778]],[[7.3159,44.0893],[7.3147,44.0894],[7.3147,44.0889],[7.3159,44.0893]],[[7.3121,44.0881],[7.3122,44.089],[7.3096,44.0887],[7.3121,44.0881]]],[[[7.3848,44.0834],[7.3846,44.0821],[7.3809,44.0818],[7.3807,44.08],[7.3795,44.0801],[7.3798,44.0841],[7.3848,44.0834]]],[[[7.1691,44.0977],[7.1729,44.098],[7.1733,44.0953],[7.1713,44.094],[7.1725,44.0926],[7.1712,44.0927],[7.1694,44.0937],[7.1703,44.0963],[7.1691,44.0977]]],[[[7.1602,44.0954],[7.1619,44.0931],[7.1558,44.0952],[7.1526,44.0949],[7.1562,44.092],[7.1548,44.0907],[7.1483,44.0951],[7.1474,44.0987],[7.145,44.1006],[7.1475,44.1005],[7.1474,44.0991],[7.1517,44.099],[7.1588,44.0949],[7.1602,44.0954]]],[[[7.2968,44.0992],[7.2972,44.1046],[7.3027,44.1025],[7.3018,44.0999],[7.2968,44.0992]]],[[[7.1915,44.1179],[7.1913,44.1152],[7.1874,44.114],[7.1873,44.1122],[7.1854,44.1119],[7.1843,44.1074],[7.1817,44.1053],[7.1798,44.1049],[7.1798,44.1054],[7.1799,44.1063],[7.1765,44.1109],[7.1714,44.1098],[7.174,44.111],[7.1746,44.1173],[7.1776,44.123],[7.1804,44.1193],[7.1829,44.1192],[7.1855,44.1204],[7.1918,44.121],[7.1937,44.1219],[7.196,44.1263],[7.1985,44.1262],[7.2002,44.1247],[7.2001,44.1229],[7.1961,44.1209],[7.1972,44.1186],[7.1915,44.1179]]],[[[7.2458,44.1168],[7.2436,44.1205],[7.2404,44.1193],[7.239,44.1171],[7.2351,44.116],[7.2348,44.1196],[7.23,44.122],[7.2297,44.1257],[7.226,44.1263],[7.2214,44.1233],[7.2215,44.1247],[7.2282,44.1298],[7.2314,44.131],[7.2358,44.1308],[7.2353,44.1326],[7.2318,44.135],[7.2318,44.1359],[7.2344,44.1363],[7.2369,44.1361],[7.2428,44.1332],[7.2481,44.1293],[7.246,44.1267],[7.2509,44.1256],[7.2547,44.1259],[7.2608,44.1234],[7.2585,44.1194],[7.2553,44.1182],[7.2552,44.1169],[7.2458,44.1168]]],[[[7.2018,44.1292],[7.2033,44.1313],[7.2029,44.1341],[7.2071,44.1325],[7.2072,44.1262],[7.2041,44.1264],[7.2036,44.1277],[7.2017,44.1274],[7.2022,44.1264],[7.1986,44.1275],[7.2018,44.1292]]],[[[7.131,44.1413],[7.1323,44.1426],[7.1294,44.145],[7.1295,44.1459],[7.1296,44.1472],[7.1309,44.1481],[7.1378,44.1487],[7.1399,44.1504],[7.1417,44.1503],[7.1434,44.148],[7.1465,44.1478],[7.1461,44.1501],[7.1449,44.1502],[7.1453,44.1551],[7.1509,44.1553],[7.1533,44.1543],[7.1548,44.1569],[7.1566,44.1559],[7.161,44.1562],[7.1634,44.1547],[7.1581,44.1514],[7.1563,44.1447],[7.1528,44.1403],[7.1488,44.1378],[7.1511,44.1355],[7.151,44.1337],[7.1473,44.1343],[7.1446,44.1326],[7.1464,44.1312],[7.1461,44.1285],[7.1418,44.1287],[7.1397,44.1265],[7.1396,44.1252],[7.1414,44.1242],[7.1412,44.1215],[7.1372,44.1194],[7.1354,44.1195],[7.1355,44.1213],[7.133,44.1214],[7.1322,44.1187],[7.1302,44.1175],[7.1301,44.1161],[7.1319,44.1151],[7.1086,44.1211],[7.1089,44.1243],[7.0998,44.1274],[7.1017,44.1286],[7.1129,44.1277],[7.1056,44.1303],[7.1057,44.1312],[7.1032,44.1313],[7.1027,44.1398],[7.1009,44.1404],[7.1005,44.1435],[7.1022,44.1484],[7.1004,44.1499],[7.102,44.1538],[7.1043,44.1519],[7.1075,44.1518],[7.1067,44.1505],[7.108,44.1504],[7.1081,44.1518],[7.1113,44.1525],[7.1148,44.1573],[7.1173,44.1568],[7.1164,44.1541],[7.1117,44.1498],[7.1121,44.1475],[7.1211,44.1426],[7.131,44.1413]],[[7.1328,44.1331],[7.1322,44.1331],[7.1315,44.1323],[7.1328,44.1331]],[[7.1285,44.1338],[7.1265,44.1329],[7.1234,44.1335],[7.122,44.1313],[7.1262,44.1294],[7.1295,44.1319],[7.1285,44.1338]],[[7.1147,44.1344],[7.1125,44.1304],[7.1143,44.1294],[7.1162,44.1298],[7.1178,44.1338],[7.1147,44.1344]],[[7.1077,44.1324],[7.1102,44.1323],[7.1116,44.1345],[7.1091,44.1346],[7.1077,44.1324]],[[7.1047,44.1488],[7.1047,44.1492],[7.1041,44.1492],[7.1047,44.1488]]],[[[7.2861,44.1411],[7.2925,44.1431],[7.2924,44.1422],[7.2956,44.1425],[7.2963,44.1446],[7.3014,44.1452],[7.307,44.1445],[7.3018,44.1346],[7.2969,44.1357],[7.2945,44.1376],[7.2906,44.136],[7.2897,44.1329],[7.2884,44.132],[7.286,44.1326],[7.287,44.137],[7.284,44.139],[7.2861,44.1411]]],[[[7.0977,44.1473],[7.0974,44.1432],[7.096,44.1424],[7.0969,44.1374],[7.0944,44.1375],[7.0936,44.1357],[7.0905,44.1359],[7.0874,44.1365],[7.0869,44.1383],[7.0844,44.1384],[7.0837,44.1375],[7.0807,44.1381],[7.0793,44.1368],[7.0798,44.135],[7.0785,44.135],[7.0756,44.1374],[7.0747,44.142],[7.0697,44.1422],[7.0684,44.1409],[7.0629,44.142],[7.0606,44.1453],[7.0603,44.1484],[7.0618,44.1515],[7.0606,44.1525],[7.0649,44.1595],[7.0681,44.1603],[7.0666,44.1639],[7.0734,44.1636],[7.0748,44.1654],[7.0744,44.1676],[7.0775,44.1671],[7.0782,44.1688],[7.0826,44.1691],[7.0841,44.1713],[7.0859,44.1712],[7.0881,44.1671],[7.0899,44.1656],[7.093,44.1655],[7.0951,44.1613],[7.0969,44.1604],[7.0968,44.159],[7.0942,44.1582],[7.0926,44.1533],[7.0962,44.1523],[7.0959,44.1487],[7.0977,44.1473]]],[[[7.2454,44.1635],[7.2493,44.158],[7.252,44.156],[7.257,44.1553],[7.2624,44.1482],[7.2728,44.1472],[7.2633,44.1458],[7.2636,44.1421],[7.2666,44.1407],[7.2662,44.1353],[7.2625,44.1368],[7.2614,44.145],[7.2583,44.1451],[7.2541,44.1408],[7.253,44.1422],[7.2481,44.1437],[7.2394,44.1437],[7.226,44.1407],[7.2124,44.1431],[7.2126,44.1449],[7.2177,44.146],[7.2185,44.1478],[7.221,44.1486],[7.2198,44.1558],[7.2218,44.1575],[7.2239,44.1637],[7.2232,44.166],[7.2189,44.1676],[7.219,44.1685],[7.2246,44.1691],[7.2282,44.1683],[7.2329,44.1715],[7.2352,44.1755],[7.2383,44.1737],[7.2418,44.1732],[7.2436,44.1717],[7.2431,44.1685],[7.2454,44.1635]]],[[[7.1875,44.1582],[7.1873,44.1559],[7.1829,44.1557],[7.1773,44.1568],[7.1754,44.156],[7.1743,44.1574],[7.1706,44.158],[7.1667,44.1568],[7.1656,44.1591],[7.172,44.1602],[7.1725,44.1588],[7.1755,44.1578],[7.1802,44.1607],[7.1845,44.1601],[7.185,44.1587],[7.1875,44.1582]]],[[[7.1961,44.179],[7.193,44.1791],[7.1932,44.1818],[7.1958,44.183],[7.1961,44.1862],[7.201,44.1846],[7.2001,44.1815],[7.2018,44.1792],[7.1991,44.1766],[7.1961,44.179]]],[[[7.0818,44.1817],[7.0796,44.185],[7.0797,44.1868],[7.081,44.1867],[7.0806,44.1894],[7.085,44.1893],[7.0854,44.187],[7.088,44.1882],[7.0892,44.1873],[7.0917,44.1876],[7.0902,44.185],[7.0863,44.1833],[7.0833,44.1844],[7.0831,44.1821],[7.0818,44.1817]]],[[[7.107,44.201],[7.1064,44.1982],[7.1019,44.1993],[7.1005,44.203],[7.107,44.201]]],[[[7.0881,44.2261],[7.0897,44.2228],[7.0844,44.2199],[7.0849,44.2253],[7.0881,44.2261]]],[[[7.0744,44.228],[7.0777,44.2297],[7.0773,44.2319],[7.0821,44.23],[7.0819,44.2272],[7.0791,44.2237],[7.0773,44.2243],[7.0744,44.228]]],[[[7.4431,43.7947],[7.4427,43.797],[7.4439,43.7974],[7.445,43.7955],[7.4474,43.7949],[7.4473,43.7936],[7.4454,43.7928],[7.443,43.7942],[7.4411,43.7939],[7.4431,43.7947]]],[[[7.4322,43.8191],[7.4327,43.8177],[7.4357,43.8167],[7.4444,43.8163],[7.4448,43.814],[7.4429,43.8141],[7.4428,43.8127],[7.4399,43.8147],[7.4391,43.8124],[7.4384,43.8125],[7.4374,43.8148],[7.4331,43.8154],[7.4339,43.8172],[7.4314,43.8173],[7.4322,43.8191]]],[[[7.4887,43.8452],[7.4824,43.8446],[7.4813,43.846],[7.4846,43.8486],[7.4901,43.847],[7.4884,43.8421],[7.4887,43.8452]]],[[[7.5482,43.9176],[7.5496,43.9185],[7.5536,43.9179],[7.5534,43.9161],[7.5547,43.916],[7.555,43.9195],[7.556,43.9204],[7.5621,43.9202],[7.5586,43.9182],[7.5584,43.9167],[7.5551,43.9182],[7.5563,43.9123],[7.5514,43.9058],[7.5496,43.9058],[7.5484,43.9001],[7.5446,43.8989],[7.5409,43.899],[7.5402,43.8982],[7.539,43.8982],[7.5418,43.9022],[7.5416,43.9062],[7.5454,43.9087],[7.5444,43.9101],[7.546,43.9137],[7.5479,43.9145],[7.5482,43.9176]],[[7.546,43.9083],[7.546,43.9087],[7.5454,43.9087],[7.546,43.9083]],[[7.5472,43.9078],[7.5459,43.9078],[7.5459,43.9074],[7.5472,43.9078]]],[[[7.5501,43.9243],[7.55,43.9234],[7.5432,43.9242],[7.5421,43.9251],[7.5428,43.9264],[7.5409,43.9265],[7.5418,43.9287],[7.5408,43.9315],[7.542,43.9314],[7.5431,43.93],[7.5474,43.9289],[7.5471,43.9253],[7.5501,43.9243]]],[[[7.552,43.9517],[7.5502,43.9522],[7.5506,43.9567],[7.553,43.9557],[7.554,43.9529],[7.552,43.9517]]],[[[7.6501,43.9807],[7.6557,43.9818],[7.6549,43.9764],[7.65,43.976],[7.6501,43.9807]]],[[[7.6266,44.0257],[7.627,44.0239],[7.6298,44.0237],[7.638,44.0178],[7.6379,44.0166],[7.6351,44.0154],[7.6314,44.016],[7.6306,44.0142],[7.6282,44.0148],[7.6274,44.013],[7.6237,44.0132],[7.6235,44.0105],[7.6247,44.01],[7.6231,44.0064],[7.6165,44.008],[7.6132,44.0059],[7.6113,44.0065],[7.611,44.0033],[7.6073,44.0035],[7.6059,44.0018],[7.6109,44.0015],[7.6106,43.9984],[7.6131,43.9987],[7.6146,44.0014],[7.6176,44.0003],[7.6276,43.9999],[7.6293,44.0053],[7.6263,44.0072],[7.6277,44.0085],[7.6301,44.0074],[7.6294,44.0062],[7.6381,44.0058],[7.6385,44.0035],[7.6429,44.0034],[7.643,44.0056],[7.6518,44.0052],[7.6518,44.0061],[7.6488,44.0067],[7.6489,44.0085],[7.6477,44.0086],[7.6469,44.0063],[7.6437,44.0065],[7.6433,44.0087],[7.6421,44.0088],[7.6461,44.0106],[7.6476,44.0137],[7.6522,44.0158],[7.657,44.0155],[7.6561,44.005],[7.6623,44.0048],[7.6621,44.0016],[7.6471,44.0023],[7.6467,43.9969],[7.6511,43.9967],[7.6519,43.9989],[7.6581,43.9987],[7.6585,43.9964],[7.6604,43.9963],[7.6606,43.9985],[7.6693,43.9982],[7.6694,43.9992],[7.6705,43.9984],[7.6633,43.9917],[7.663,43.9888],[7.6646,43.9868],[7.6581,43.9865],[7.6568,43.991],[7.6472,43.9894],[7.6467,43.984],[7.6485,43.9835],[7.6489,43.9812],[7.648,43.9743],[7.642,43.9741],[7.6415,43.9753],[7.6396,43.9754],[7.6394,43.9731],[7.6427,43.9732],[7.6404,43.9719],[7.64,43.9701],[7.6366,43.9693],[7.6313,43.9644],[7.6277,43.9629],[7.6278,43.9639],[7.6259,43.964],[7.6258,43.9622],[7.6149,43.9578],[7.6115,43.9555],[7.6113,43.954],[7.6088,43.956],[7.6018,43.9577],[7.5987,43.9574],[7.5971,43.9559],[7.5878,43.9554],[7.5841,43.9526],[7.5815,43.9482],[7.5786,43.9499],[7.575,43.9483],[7.5754,43.9458],[7.5693,43.9474],[7.5708,43.9446],[7.5669,43.9434],[7.57,43.9409],[7.5709,43.9384],[7.5728,43.9384],[7.574,43.9367],[7.5697,43.9323],[7.5704,43.9313],[7.5712,43.9286],[7.5695,43.928],[7.5685,43.9286],[7.5675,43.9263],[7.5683,43.9231],[7.567,43.9223],[7.5671,43.9236],[7.5647,43.9237],[7.5646,43.9258],[7.5665,43.9267],[7.5655,43.9295],[7.5689,43.9324],[7.568,43.9347],[7.5693,43.936],[7.5671,43.9392],[7.5629,43.9412],[7.5602,43.9459],[7.5567,43.9483],[7.5607,43.9517],[7.5639,43.9525],[7.5641,43.9547],[7.5631,43.9574],[7.5595,43.9585],[7.5595,43.959],[7.5596,43.9599],[7.5591,43.9612],[7.5579,43.9613],[7.5574,43.9636],[7.5594,43.9644],[7.5585,43.9685],[7.5623,43.9692],[7.5625,43.9705],[7.5661,43.9699],[7.5683,43.9662],[7.5654,43.9614],[7.5672,43.9613],[7.5687,43.9639],[7.5737,43.9641],[7.5735,43.9615],[7.5702,43.9594],[7.5706,43.9575],[7.575,43.9578],[7.5785,43.9549],[7.5835,43.9556],[7.5857,43.9591],[7.587,43.9595],[7.5882,43.9585],[7.5896,43.9607],[7.5878,43.9617],[7.5874,43.9635],[7.5849,43.9636],[7.5862,43.9644],[7.5858,43.9667],[7.5902,43.967],[7.5903,43.9683],[7.5856,43.9717],[7.5832,43.9718],[7.5824,43.9705],[7.5793,43.9702],[7.5788,43.9725],[7.5751,43.9722],[7.5717,43.9764],[7.5714,43.9796],[7.567,43.9793],[7.5672,43.9811],[7.571,43.9823],[7.5741,43.9817],[7.5761,43.983],[7.576,43.9816],[7.579,43.981],[7.5801,43.9796],[7.5858,43.9802],[7.5849,43.9839],[7.5756,43.9843],[7.5746,43.9871],[7.5822,43.9885],[7.576,43.9888],[7.5799,43.9909],[7.5862,43.991],[7.5867,43.9901],[7.5892,43.99],[7.5924,43.9912],[7.592,43.9867],[7.5939,43.9866],[7.5954,43.9892],[7.6011,43.9894],[7.601,43.988],[7.6059,43.9878],[7.6088,43.9854],[7.6086,43.9841],[7.6105,43.9835],[7.6092,43.9967],[7.6118,43.9983],[7.6075,43.9986],[7.6076,43.9995],[7.6057,43.9995],[7.601,43.9957],[7.5929,43.996],[7.5881,43.998],[7.5842,43.9965],[7.5769,43.9982],[7.5762,43.9974],[7.5712,43.9976],[7.5692,43.9963],[7.5687,43.9973],[7.5722,44.0016],[7.5747,44.0019],[7.5731,44.0043],[7.5787,44.004],[7.5865,44.0077],[7.5998,44.0034],[7.6024,44.0038],[7.6057,44.0063],[7.6108,44.0074],[7.6124,44.0109],[7.6105,44.011],[7.6102,44.0142],[7.6053,44.0158],[7.6055,44.018],[7.6031,44.0181],[7.6032,44.0199],[7.5995,44.0197],[7.5989,44.0201],[7.5989,44.0206],[7.5991,44.0224],[7.5985,44.0224],[7.5986,44.0242],[7.595,44.0257],[7.6021,44.0249],[7.6024,44.0285],[7.6006,44.029],[7.6034,44.0289],[7.6087,44.0323],[7.6056,44.0383],[7.6092,44.0372],[7.609,44.0345],[7.6128,44.0352],[7.6132,44.0334],[7.6168,44.0319],[7.6167,44.031],[7.6193,44.0318],[7.6223,44.0303],[7.6222,44.0289],[7.6203,44.029],[7.62,44.0254],[7.6254,44.0238],[7.625,44.0262],[7.6266,44.0257]],[[7.6628,43.9948],[7.6615,43.9949],[7.6615,43.994],[7.6628,43.9948]],[[7.6582,43.9919],[7.66,43.9918],[7.6601,43.9932],[7.6583,43.9932],[7.6582,43.9919]],[[7.636,43.9769],[7.6361,43.9773],[7.6355,43.9774],[7.636,43.9769]],[[7.6292,43.9709],[7.6318,43.9712],[7.6312,43.9722],[7.6287,43.9718],[7.6292,43.9709]],[[7.6305,43.966],[7.6292,43.9661],[7.6291,43.9652],[7.6305,43.966]],[[7.6275,43.9728],[7.6271,43.9746],[7.6246,43.9747],[7.6251,43.9729],[7.6275,43.9728]],[[7.6159,44.0085],[7.6154,44.0094],[7.6147,44.0095],[7.6159,44.0085]],[[7.6158,44.0243],[7.6133,44.0244],[7.6128,44.0254],[7.6157,44.0261],[7.6127,44.0276],[7.6126,44.0267],[7.6053,44.0252],[7.6052,44.0243],[7.6114,44.0236],[7.6144,44.0221],[7.6158,44.0243]],[[7.5933,43.9613],[7.5926,43.9613],[7.5926,43.9609],[7.5933,43.9613]],[[7.589,43.9628],[7.5883,43.9619],[7.5908,43.9618],[7.5908,43.9623],[7.589,43.9628]],[[7.5915,43.9627],[7.5909,43.9627],[7.5908,43.9623],[7.5915,43.9627]],[[7.5889,43.9999],[7.5878,44.0018],[7.5853,44.0019],[7.5846,44.001],[7.5838,43.9992],[7.5856,43.9983],[7.5889,43.9999]],[[7.5874,44.0045],[7.5887,44.0044],[7.5887,44.0049],[7.5874,44.0045]],[[7.5867,44.0044],[7.5861,44.0044],[7.586,44.0035],[7.5867,44.0044]],[[7.5874,44.0048],[7.5868,44.0048],[7.5867,44.0044],[7.5874,44.0048]],[[7.5847,43.9558],[7.5847,43.9562],[7.5841,43.9563],[7.5847,43.9558]],[[7.576,44.0023],[7.576,44.0028],[7.5754,44.0028],[7.576,44.0023]],[[7.5695,43.9298],[7.5694,43.9285],[7.5707,43.9284],[7.5708,43.9298],[7.5695,43.9298]],[[7.5651,43.9607],[7.5657,43.9606],[7.5658,43.9611],[7.5651,43.9607]]],[[[7.4632,43.9897],[7.4656,43.9891],[7.4673,43.9863],[7.4697,43.9853],[7.471,43.9862],[7.4702,43.984],[7.4725,43.9834],[7.4716,43.9794],[7.4673,43.98],[7.4663,43.9828],[7.4626,43.9834],[7.4596,43.9854],[7.4583,43.985],[7.4554,43.9865],[7.4567,43.9873],[7.4563,43.99],[7.4503,43.993],[7.4512,43.9952],[7.4633,43.9919],[7.4632,43.9897]],[[7.4627,43.991],[7.4627,43.9915],[7.4621,43.9915],[7.4627,43.991]]],[[[7.4973,44.0088],[7.5015,44.0072],[7.5026,44.0049],[7.5017,44.0018],[7.4993,44.0033],[7.4997,44.0069],[7.4973,44.0088]]],[[[7.6597,44.0112],[7.6596,44.0094],[7.6615,44.0093],[7.6616,44.0111],[7.6641,44.011],[7.6642,44.0124],[7.6617,44.0125],[7.6619,44.0147],[7.6588,44.0148],[7.6591,44.0163],[7.6617,44.0175],[7.6615,44.0226],[7.6635,44.0206],[7.6619,44.0179],[7.6657,44.0115],[7.6653,44.0095],[7.6678,44.0064],[7.6685,44.0014],[7.6664,44.0014],[7.6668,44.0055],[7.6581,44.0063],[7.6585,44.0113],[7.6597,44.0112]]],[[[7.4538,44.0379],[7.4568,44.044],[7.4587,44.044],[7.4603,44.0403],[7.4538,44.0379]]],[[[7.6645,44.0404],[7.664,44.0422],[7.6603,44.0424],[7.6573,44.0439],[7.6589,44.0474],[7.6565,44.0489],[7.6588,44.0533],[7.6576,44.0542],[7.6603,44.0555],[7.6572,44.0561],[7.6574,44.0579],[7.6605,44.0582],[7.6601,44.06],[7.6613,44.0604],[7.6619,44.0594],[7.6686,44.0582],[7.6715,44.0554],[7.6742,44.057],[7.6788,44.0536],[7.6844,44.0534],[7.6908,44.0549],[7.6948,44.0578],[7.7016,44.057],[7.702,44.0543],[7.6988,44.0536],[7.6974,44.0514],[7.7035,44.0511],[7.7031,44.0434],[7.7004,44.0407],[7.6901,44.0396],[7.6778,44.0333],[7.6755,44.0294],[7.6661,44.0313],[7.6671,44.0353],[7.6684,44.0357],[7.6681,44.0393],[7.6645,44.0404]],[[7.6936,44.0507],[7.6954,44.0506],[7.6949,44.0515],[7.6936,44.0507]]],[[[7.6399,44.0515],[7.6476,44.0543],[7.6532,44.0531],[7.6505,44.051],[7.6399,44.0515]]],[[[7.5439,44.0814],[7.5419,44.0797],[7.5431,44.0787],[7.5507,44.0801],[7.5512,44.0783],[7.5546,44.0754],[7.5571,44.0749],[7.5574,44.0717],[7.5612,44.0715],[7.5604,44.0702],[7.5633,44.0674],[7.5641,44.0628],[7.5591,44.0631],[7.5578,44.0622],[7.5581,44.0591],[7.56,44.0585],[7.5574,44.0582],[7.5569,44.0596],[7.5537,44.0588],[7.5476,44.0605],[7.5478,44.0618],[7.5453,44.0624],[7.5437,44.0647],[7.548,44.064],[7.547,44.0668],[7.5439,44.0669],[7.5386,44.064],[7.5356,44.066],[7.5319,44.0657],[7.5273,44.07],[7.5298,44.0699],[7.5326,44.0733],[7.537,44.074],[7.5372,44.0758],[7.5354,44.0768],[7.5345,44.0805],[7.5332,44.0805],[7.5347,44.0827],[7.5439,44.0814]],[[7.5538,44.0665],[7.5537,44.0651],[7.5581,44.0658],[7.5583,44.0672],[7.5538,44.0665]],[[7.5513,44.0657],[7.5489,44.0676],[7.5488,44.0667],[7.5513,44.0657]],[[7.5477,44.0681],[7.5478,44.0695],[7.5466,44.0695],[7.5477,44.0681]]],[[[7.5572,44.0825],[7.554,44.0822],[7.553,44.0845],[7.562,44.0873],[7.5676,44.087],[7.5692,44.0842],[7.5676,44.0802],[7.5695,44.0743],[7.5665,44.0749],[7.5666,44.0767],[7.5642,44.0777],[7.5626,44.0809],[7.5595,44.0811],[7.5572,44.0825]]],[[[7.7068,44.0921],[7.7122,44.0883],[7.7155,44.0837],[7.719,44.0825],[7.7158,44.0816],[7.7154,44.0798],[7.7139,44.0808],[7.7125,44.0795],[7.7057,44.0803],[7.7048,44.0767],[7.7016,44.0764],[7.7004,44.0774],[7.693,44.0719],[7.6912,44.0724],[7.686,44.07],[7.6811,44.0707],[7.6801,44.0734],[7.6819,44.0729],[7.6832,44.0737],[7.6835,44.0764],[7.6911,44.0778],[7.6861,44.0781],[7.6864,44.0808],[7.6924,44.0845],[7.6942,44.0844],[7.6957,44.0866],[7.6995,44.0869],[7.7061,44.0843],[7.7068,44.0921]]],[[[7.4748,44.0837],[7.4781,44.0863],[7.479,44.089],[7.4841,44.0896],[7.4832,44.0874],[7.4843,44.0855],[7.4809,44.0821],[7.4784,44.0827],[7.4765,44.0819],[7.4748,44.0837]]],[[[7.5412,44.0919],[7.549,44.0943],[7.5487,44.0928],[7.5456,44.0925],[7.5441,44.09],[7.5373,44.0894],[7.5369,44.093],[7.5412,44.0919]]],[[[7.4813,44.1001],[7.4875,44.0998],[7.4859,44.0963],[7.4839,44.095],[7.4837,44.0928],[7.482,44.0942],[7.4795,44.0939],[7.479,44.0962],[7.4809,44.0956],[7.4813,44.1001]]],[[[7.6266,44.0967],[7.6253,44.0959],[7.6254,44.0973],[7.6231,44.0987],[7.6227,44.1014],[7.6309,44.1019],[7.6323,44.1037],[7.6361,44.104],[7.6368,44.1048],[7.6386,44.1047],[7.6403,44.1028],[7.6383,44.1016],[7.6377,44.1016],[7.6358,44.1017],[7.6319,44.0992],[7.6317,44.0974],[7.6285,44.0962],[7.6266,44.0967]]],[[[7.6543,44.1049],[7.6558,44.1012],[7.6537,44.099],[7.6514,44.1005],[7.6504,44.0969],[7.6492,44.0979],[7.6507,44.1005],[7.6503,44.1028],[7.6472,44.1025],[7.6474,44.0984],[7.6462,44.0985],[7.6429,44.1032],[7.6404,44.1033],[7.6424,44.1045],[7.6447,44.1094],[7.6527,44.1149],[7.6598,44.1109],[7.6604,44.11],[7.6545,44.1076],[7.6545,44.1067],[7.6569,44.1065],[7.6561,44.1048],[7.6543,44.1049]]],[[[7.6743,44.098],[7.6719,44.099],[7.6695,44.101],[7.6713,44.1067],[7.6686,44.1109],[7.6695,44.114],[7.6748,44.1165],[7.6755,44.1179],[7.6797,44.1147],[7.6829,44.114],[7.6884,44.1095],[7.683,44.1107],[7.6832,44.1062],[7.6806,44.1054],[7.6804,44.1036],[7.6763,44.0993],[7.6743,44.098]],[[7.6795,44.1135],[7.6772,44.1155],[7.6771,44.1146],[7.6795,44.1135]]],[[[7.6438,44.1193],[7.6356,44.1188],[7.6365,44.1215],[7.6397,44.1227],[7.6411,44.124],[7.6442,44.1238],[7.6475,44.1255],[7.6472,44.1228],[7.6534,44.122],[7.6569,44.1196],[7.6567,44.1178],[7.6548,44.117],[7.6518,44.1181],[7.6479,44.1173],[7.6438,44.1135],[7.6448,44.1107],[7.6422,44.11],[7.6329,44.1104],[7.6325,44.1131],[7.6295,44.1142],[7.6316,44.1163],[7.639,44.1151],[7.641,44.1163],[7.6447,44.1166],[7.6438,44.1193]]],[[[7.6123,44.1177],[7.6134,44.1226],[7.6153,44.123],[7.6165,44.1225],[7.6155,44.1185],[7.6173,44.117],[7.6123,44.1177]]],[[[7.5857,44.1204],[7.5832,44.1209],[7.5824,44.125],[7.5854,44.124],[7.5862,44.1257],[7.582,44.1282],[7.5822,44.13],[7.5859,44.1289],[7.5903,44.1296],[7.5921,44.1286],[7.5928,44.1299],[7.5947,44.1298],[7.6,44.1269],[7.6028,44.1227],[7.6059,44.1221],[7.6063,44.1203],[7.611,44.1173],[7.612,44.1146],[7.6092,44.1107],[7.6073,44.1108],[7.6064,44.1148],[7.6028,44.1164],[7.6018,44.1119],[7.5963,44.1131],[7.5965,44.1153],[7.5937,44.1186],[7.5869,44.1198],[7.5855,44.1186],[7.5857,44.1204]]],[[[7.5181,44.1391],[7.5209,44.1376],[7.5263,44.1396],[7.5262,44.1385],[7.5294,44.1388],[7.5324,44.1378],[7.535,44.1386],[7.5348,44.1364],[7.5302,44.1338],[7.5278,44.1344],[7.5279,44.1366],[7.5249,44.1372],[7.5248,44.1363],[7.5267,44.1362],[7.5265,44.134],[7.5283,44.1335],[7.5255,44.13],[7.5306,44.1307],[7.5393,44.1299],[7.5419,44.1311],[7.5487,44.1304],[7.5489,44.1322],[7.546,44.1354],[7.5462,44.138],[7.5491,44.137],[7.5503,44.1342],[7.5494,44.1308],[7.5511,44.1294],[7.5495,44.128],[7.5539,44.1279],[7.5537,44.1259],[7.5479,44.1249],[7.5449,44.122],[7.5366,44.1201],[7.5307,44.1167],[7.5338,44.1161],[7.5349,44.1138],[7.5386,44.1137],[7.5385,44.1123],[7.5397,44.1114],[7.5366,44.1115],[7.5343,44.1138],[7.5324,44.1139],[7.5288,44.1163],[7.5276,44.1164],[7.5274,44.1137],[7.526,44.1128],[7.5232,44.1139],[7.5233,44.1152],[7.5201,44.1145],[7.5184,44.1168],[7.5185,44.1177],[7.5186,44.1182],[7.5162,44.1201],[7.5137,44.1202],[7.5133,44.122],[7.5114,44.1221],[7.5106,44.1267],[7.5088,44.1276],[7.5082,44.1277],[7.5069,44.1277],[7.5059,44.13],[7.5008,44.1289],[7.494,44.1301],[7.4935,44.132],[7.4955,44.1332],[7.4952,44.1359],[7.491,44.137],[7.4938,44.1409],[7.5055,44.1432],[7.507,44.1447],[7.5084,44.1426],[7.512,44.1421],[7.5123,44.1406],[7.5156,44.138],[7.5181,44.1391]],[[7.5256,44.1381],[7.5262,44.1381],[7.5262,44.1385],[7.5256,44.1381]],[[7.5116,44.1374],[7.5106,44.1402],[7.5074,44.1403],[7.5058,44.1416],[7.4999,44.1402],[7.5016,44.1383],[7.5003,44.1375],[7.502,44.1356],[7.5108,44.1357],[7.5117,44.132],[7.5148,44.1314],[7.5165,44.1372],[7.5116,44.1374]]],[[[7.6436,44.1306],[7.6431,44.1329],[7.6445,44.1342],[7.6471,44.1345],[7.6488,44.1331],[7.6492,44.1303],[7.6436,44.1306]]],[[[7.6177,44.1355],[7.6186,44.1314],[7.6111,44.1308],[7.6081,44.1323],[7.6177,44.1355]]],[[[7.5382,44.1398],[7.5403,44.142],[7.5378,44.143],[7.5368,44.1453],[7.5337,44.1454],[7.5304,44.1442],[7.5302,44.1415],[7.529,44.1425],[7.5289,44.1411],[7.527,44.1403],[7.5307,44.1466],[7.534,44.1482],[7.5395,44.1454],[7.5429,44.1452],[7.5409,44.1437],[7.5427,44.1409],[7.5413,44.1397],[7.5418,44.1374],[7.5387,44.138],[7.5382,44.1398]]],[[[7.6097,44.1499],[7.6076,44.1477],[7.6079,44.1441],[7.6103,44.1426],[7.6041,44.1429],[7.6024,44.1457],[7.5983,44.1486],[7.598,44.152],[7.6034,44.1498],[7.6097,44.1499]]],[[[7.6517,44.1768],[7.6599,44.177],[7.6646,44.1757],[7.6701,44.1755],[7.6728,44.1774],[7.6779,44.1771],[7.6773,44.1763],[7.6831,44.1754],[7.6822,44.1742],[7.6845,44.1739],[7.6809,44.1644],[7.6726,44.1599],[7.6705,44.1549],[7.6704,44.153],[7.6751,44.1502],[7.6762,44.148],[7.6794,44.1472],[7.6763,44.1412],[7.6671,44.1336],[7.6665,44.1313],[7.6596,44.1348],[7.6565,44.1354],[7.6569,44.1399],[7.6539,44.1405],[7.6525,44.1396],[7.649,44.1421],[7.6451,44.1405],[7.6417,44.137],[7.6415,44.1352],[7.6433,44.1342],[7.6425,44.1329],[7.6401,44.1335],[7.6396,44.1353],[7.634,44.1356],[7.6308,44.1344],[7.6271,44.1355],[7.626,44.1369],[7.6275,44.1458],[7.6209,44.1488],[7.6128,44.1492],[7.6116,44.1502],[7.6199,44.1495],[7.6217,44.1533],[7.6272,44.1588],[7.6275,44.1641],[7.6287,44.1641],[7.6312,44.1671],[7.6315,44.1685],[7.6297,44.1705],[7.6361,44.1771],[7.6461,44.1786],[7.6511,44.178],[7.6517,44.1768]],[[7.6388,44.1601],[7.6378,44.1629],[7.6347,44.1626],[7.6357,44.1598],[7.6388,44.1601]]]]}},{"type":"Feature","properties":{"d":"13","km2":25.2,"n":35},"geometry":{"type":"MultiPolygon","coordinates":[[[[5.4752,43.2079],[5.475,43.2056],[5.4696,43.2065],[5.4707,43.208],[5.4689,43.2091],[5.4647,43.2086],[5.4624,43.2101],[5.462,43.2099],[5.4611,43.2101],[5.4603,43.2102],[5.4602,43.2101],[5.4587,43.2115],[5.4514,43.2122],[5.4509,43.2136],[5.4527,43.2138],[5.4516,43.2149],[5.4528,43.2144],[5.4541,43.2166],[5.4566,43.2161],[5.456,43.217],[5.4591,43.2199],[5.4607,43.215],[5.4631,43.2144],[5.4648,43.2099],[5.4692,43.2108],[5.4728,43.2093],[5.4733,43.2079],[5.4752,43.2079]],[[5.4596,43.2172],[5.4596,43.2177],[5.459,43.2172],[5.4596,43.2172]]],[[[5.3893,43.2148],[5.3919,43.2143],[5.3918,43.2123],[5.3883,43.2109],[5.3862,43.2109],[5.3887,43.2122],[5.3882,43.2143],[5.3893,43.2148]]],[[[5.4656,43.2148],[5.4657,43.2166],[5.4631,43.2144],[5.4639,43.2171],[5.467,43.218],[5.4687,43.2143],[5.4668,43.2139],[5.4656,43.2148]]],[[[4.8559,43.3356],[4.8609,43.3344],[4.8499,43.3338],[4.8474,43.3348],[4.8559,43.3356]]],[[[4.5927,43.3618],[4.5928,43.3599],[4.6002,43.3569],[4.5884,43.3604],[4.585,43.3616],[4.5844,43.3622],[4.5871,43.3612],[4.5927,43.3618]]],[[[5.1286,43.3735],[5.1282,43.3726],[5.1267,43.3726],[5.1261,43.374],[5.1193,43.3737],[5.1175,43.3747],[5.1182,43.376],[5.1213,43.3759],[5.1207,43.3768],[5.1234,43.3773],[5.1234,43.3782],[5.1214,43.3786],[5.1222,43.3813],[5.1203,43.3809],[5.1199,43.3823],[5.1247,43.3835],[5.129,43.3829],[5.1253,43.3821],[5.1247,43.3791],[5.1282,43.3789],[5.1259,43.3768],[5.1318,43.3754],[5.1341,43.3729],[5.1396,43.3719],[5.1415,43.3727],[5.1444,43.3699],[5.1413,43.3696],[5.134,43.3708],[5.1341,43.3724],[5.1317,43.3734],[5.1286,43.3735]]],[[[5.1078,43.3772],[5.0979,43.377],[5.0999,43.3787],[5.101,43.3773],[5.1041,43.3773],[5.1074,43.379],[5.1128,43.378],[5.1103,43.3771],[5.1132,43.3748],[5.1089,43.3754],[5.1078,43.3772]]],[[[5.4335,43.405],[5.4318,43.4051],[5.4331,43.4059],[5.4324,43.407],[5.4361,43.4078],[5.4424,43.4071],[5.4422,43.4063],[5.4343,43.4064],[5.4335,43.405]]],[[[4.5929,43.4099],[4.5921,43.4067],[4.5952,43.4063],[4.5921,43.4065],[4.5929,43.4056],[4.5875,43.4007],[4.5908,43.4052],[4.5913,43.4115],[4.5872,43.4225],[4.5832,43.4284],[4.5768,43.4344],[4.5683,43.4398],[4.5474,43.4485],[4.5662,43.4412],[4.574,43.4368],[4.5807,43.4317],[4.586,43.4261],[4.5898,43.4195],[4.5929,43.4099]]],[[[4.4876,43.4578],[4.4955,43.4572],[4.4505,43.4577],[4.454,43.4582],[4.4644,43.4587],[4.478,43.4583],[4.4876,43.4578]]],[[[4.9876,43.7237],[4.9882,43.7224],[4.9848,43.7224],[4.9841,43.7216],[4.9792,43.7225],[4.9792,43.7212],[4.9769,43.7203],[4.9714,43.7219],[4.9706,43.7304],[4.9683,43.7296],[4.9681,43.7309],[4.9657,43.7323],[4.9676,43.7341],[4.9671,43.7355],[4.9739,43.7357],[4.9713,43.7331],[4.9712,43.7313],[4.9725,43.7313],[4.9724,43.7299],[4.9733,43.7304],[4.9732,43.728],[4.9766,43.7275],[4.9766,43.7267],[4.9791,43.7275],[4.9791,43.7266],[4.9849,43.7265],[4.9883,43.7241],[4.9876,43.7237]]],[[[4.9433,43.732],[4.9434,43.7329],[4.9403,43.7339],[4.9405,43.737],[4.949,43.7336],[4.9489,43.7309],[4.9476,43.7301],[4.9451,43.7306],[4.9476,43.7292],[4.9486,43.7251],[4.9457,43.7283],[4.9438,43.7279],[4.9402,43.7307],[4.9402,43.7321],[4.9433,43.732]]],[[[4.9096,43.7391],[4.912,43.7386],[4.9119,43.7368],[4.9138,43.7363],[4.9094,43.7355],[4.907,43.7364],[4.9071,43.7387],[4.9083,43.7387],[4.909,43.7404],[4.9096,43.7391]]],[[[4.9867,43.7409],[4.9878,43.7421],[4.9923,43.743],[4.9916,43.7408],[4.9935,43.7403],[4.9934,43.7393],[4.987,43.7381],[4.9852,43.7395],[4.9809,43.7392],[4.9817,43.7423],[4.9867,43.7409]]],[[[4.93,43.7386],[4.9282,43.74],[4.9257,43.74],[4.9256,43.7383],[4.9226,43.7388],[4.922,43.7401],[4.9258,43.7401],[4.9246,43.7415],[4.9253,43.7437],[4.9228,43.7442],[4.9235,43.7459],[4.9273,43.7468],[4.9284,43.745],[4.9328,43.7457],[4.9339,43.7435],[4.9364,43.7434],[4.9338,43.7394],[4.93,43.7386]]],[[[4.8739,43.7467],[4.875,43.7435],[4.8737,43.7413],[4.8718,43.7418],[4.8712,43.7422],[4.8713,43.744],[4.8701,43.7454],[4.8739,43.7467]]],[[[5.0126,43.7534],[5.0151,43.7541],[5.0125,43.7516],[5.0092,43.7449],[5.0054,43.7437],[5.0059,43.7431],[5.0015,43.7423],[4.9992,43.7442],[4.9993,43.7473],[5.0011,43.7473],[5.001,43.7445],[5.0029,43.7442],[5.0067,43.7445],[5.0093,43.7499],[5.0119,43.7514],[5.0126,43.7534]]],[[[5.0191,43.7481],[5.0167,43.748],[5.0155,43.7498],[5.0187,43.752],[5.0218,43.7521],[5.0211,43.7497],[5.0186,43.7493],[5.0191,43.7481]]],[[[5.6743,43.3022],[5.6712,43.3027],[5.6699,43.3019],[5.6704,43.3001],[5.6674,43.3006],[5.667,43.2988],[5.6641,43.2976],[5.6633,43.294],[5.6602,43.2936],[5.6615,43.3011],[5.6672,43.3023],[5.6689,43.3046],[5.6703,43.3036],[5.6716,43.3049],[5.674,43.3044],[5.6769,43.3052],[5.6743,43.3022]]],[[[5.5371,43.3482],[5.534,43.3483],[5.5259,43.3552],[5.5226,43.3549],[5.5198,43.3576],[5.516,43.3577],[5.5161,43.3591],[5.5186,43.3591],[5.5191,43.3582],[5.5204,43.3581],[5.5204,43.3594],[5.5223,43.3584],[5.5302,43.3582],[5.5314,43.3573],[5.5307,43.356],[5.5332,43.3559],[5.5332,43.3528],[5.5302,43.356],[5.5278,43.3561],[5.5271,43.3552],[5.5325,43.3519],[5.5346,43.3492],[5.5386,43.3486],[5.5403,43.3472],[5.5376,43.3468],[5.5371,43.3482]]],[[[5.4922,43.3832],[5.4879,43.3847],[5.488,43.3865],[5.4933,43.3868],[5.4933,43.3855],[5.4922,43.3841],[5.4922,43.3832]],[[5.4902,43.3857],[5.4914,43.3848],[5.4908,43.3857],[5.4902,43.3857]]],[[[5.5012,43.3911],[5.499,43.39],[5.5011,43.3888],[5.4961,43.3872],[5.4943,43.3881],[5.4972,43.3905],[5.4988,43.3911],[5.5012,43.3911]]],[[[5.5203,43.3896],[5.5199,43.3865],[5.5164,43.387],[5.5144,43.3839],[5.5107,43.384],[5.5114,43.3858],[5.5132,43.3853],[5.5144,43.3879],[5.519,43.3887],[5.5189,43.3923],[5.5202,43.3931],[5.519,43.3946],[5.5218,43.3954],[5.522,43.394],[5.5239,43.3935],[5.522,43.3922],[5.5219,43.3896],[5.5203,43.3896]]],[[[5.488,43.3919],[5.4846,43.3911],[5.4831,43.392],[5.4835,43.3943],[5.4847,43.3942],[5.4843,43.397],[5.4882,43.3961],[5.4901,43.3974],[5.4944,43.3969],[5.4956,43.3957],[5.494,43.3951],[5.4938,43.3969],[5.4894,43.3961],[5.488,43.3919]],[[5.4863,43.3953],[5.4863,43.3944],[5.4875,43.3952],[5.4863,43.3953]]],[[[5.4695,43.3978],[5.4696,43.3992],[5.4734,43.4018],[5.4733,43.4],[5.4721,43.4],[5.472,43.3987],[5.4708,43.3991],[5.4713,43.3969],[5.4647,43.3953],[5.4633,43.3962],[5.4635,43.4007],[5.4654,43.4011],[5.4653,43.3993],[5.4678,43.3992],[5.4695,43.3978]]],[[[5.7868,43.4156],[5.788,43.4191],[5.7833,43.4161],[5.7832,43.4148],[5.781,43.4149],[5.7799,43.416],[5.7798,43.4145],[5.7783,43.4145],[5.7786,43.4156],[5.7774,43.4156],[5.7777,43.4145],[5.7752,43.4146],[5.7739,43.4133],[5.7708,43.4129],[5.7696,43.4139],[5.7695,43.4121],[5.767,43.4113],[5.7607,43.4152],[5.7598,43.4143],[5.7568,43.417],[5.7524,43.4158],[5.7503,43.4177],[5.7516,43.4195],[5.7579,43.4219],[5.7621,43.4218],[5.7632,43.4208],[5.7634,43.424],[5.766,43.4252],[5.7741,43.4225],[5.7748,43.421],[5.7816,43.4189],[5.7847,43.4192],[5.7864,43.4205],[5.7883,43.4202],[5.7868,43.4156]],[[5.788,43.4193],[5.7881,43.4194],[5.788,43.4194],[5.788,43.4193]],[[5.7696,43.4208],[5.7696,43.4217],[5.7678,43.4217],[5.7677,43.4204],[5.7696,43.4208]]],[[[5.7147,43.5402],[5.713,43.5425],[5.7162,43.545],[5.7192,43.5441],[5.7185,43.5414],[5.7148,43.5411],[5.7147,43.5402]]],[[[5.6566,43.5505],[5.6567,43.5514],[5.6632,43.5508],[5.6617,43.5455],[5.6589,43.5474],[5.6591,43.5505],[5.6566,43.5505]]],[[[5.7067,43.5563],[5.7102,43.5547],[5.7105,43.5542],[5.7092,43.5547],[5.7085,43.5533],[5.7049,43.5543],[5.7,43.5532],[5.6983,43.5542],[5.6901,43.5527],[5.6874,43.5512],[5.6887,43.55],[5.6885,43.5469],[5.6867,43.5474],[5.6862,43.5492],[5.6844,43.5492],[5.6842,43.5503],[5.6807,43.5503],[5.6812,43.5475],[5.6799,43.5476],[5.6791,43.5445],[5.6779,43.5454],[5.6793,43.55],[5.6749,43.5492],[5.6731,43.5506],[5.6731,43.5493],[5.6718,43.5493],[5.6726,43.552],[5.6763,43.5519],[5.6776,43.5527],[5.6783,43.555],[5.6759,43.5564],[5.6772,43.5591],[5.6735,43.5596],[5.6736,43.5605],[5.6754,43.56],[5.6773,43.5613],[5.6711,43.5615],[5.6711,43.561],[5.6705,43.561],[5.6647,43.5621],[5.6644,43.5682],[5.6687,43.5648],[5.6789,43.5632],[5.6912,43.5635],[5.7045,43.5581],[5.7067,43.5563]],[[5.6982,43.5581],[5.6958,43.5581],[5.6963,43.5572],[5.6982,43.5572],[5.6982,43.5581]],[[5.6995,43.559],[5.6989,43.559],[5.6982,43.5581],[5.6995,43.559]],[[5.6823,43.5607],[5.6829,43.5621],[5.6805,43.5621],[5.6798,43.5612],[5.6823,43.5607]]],[[[5.5962,43.56],[5.5962,43.561],[5.59,43.5612],[5.5893,43.5594],[5.5909,43.5593],[5.5897,43.5584],[5.5875,43.5589],[5.5881,43.5599],[5.586,43.5599],[5.5855,43.5613],[5.5878,43.5688],[5.5904,43.5715],[5.5971,43.5703],[5.5979,43.5726],[5.5998,43.5734],[5.6,43.5767],[5.605,43.577],[5.6057,43.5779],[5.6093,43.5783],[5.6093,43.5767],[5.6111,43.5758],[5.616,43.5761],[5.6168,43.5787],[5.6187,43.5789],[5.6194,43.5812],[5.6218,43.5789],[5.6248,43.5781],[5.636,43.5786],[5.6446,43.5774],[5.6446,43.5765],[5.6464,43.576],[5.6458,43.5751],[5.6501,43.575],[5.6514,43.5768],[5.6526,43.5759],[5.656,43.5767],[5.6562,43.574],[5.6513,43.5741],[5.65,43.5732],[5.647,43.5742],[5.6432,43.5725],[5.6358,43.574],[5.6339,43.5736],[5.6352,43.5736],[5.6345,43.5727],[5.6357,43.5718],[5.6376,43.5717],[5.6369,43.5713],[5.6375,43.5699],[5.6411,43.5671],[5.6455,43.5688],[5.6456,43.5715],[5.6469,43.5715],[5.6461,43.5693],[5.6492,43.5683],[5.6508,43.5624],[5.6551,43.5614],[5.6569,43.5618],[5.6558,43.5632],[5.658,43.5635],[5.6597,43.5608],[5.6576,43.5568],[5.6551,43.5573],[5.6507,43.5561],[5.6433,43.5563],[5.6458,43.5554],[5.6411,43.5546],[5.6403,43.5564],[5.6384,43.5561],[5.6407,43.5586],[5.6392,43.56],[5.6393,43.5609],[5.6425,43.5586],[5.6451,43.5594],[5.6451,43.5612],[5.6495,43.562],[5.6502,43.5633],[5.644,43.563],[5.6428,43.5644],[5.6397,43.5645],[5.6347,43.5625],[5.6307,43.563],[5.629,43.5613],[5.6253,43.5612],[5.6219,43.5595],[5.6203,43.5604],[5.6126,43.5588],[5.611,43.5598],[5.6129,43.5611],[5.6033,43.5594],[5.6033,43.5586],[5.5996,43.5587],[5.5996,43.5599],[5.5962,43.56]],[[5.6136,43.5615],[5.613,43.5615],[5.6129,43.5611],[5.6136,43.5615]],[[5.6346,43.575],[5.631,43.5764],[5.6297,43.5751],[5.6346,43.575]],[[5.6297,43.5764],[5.6304,43.5764],[5.6298,43.5769],[5.6297,43.5764]]],[[[5.5878,43.5801],[5.5842,43.5824],[5.5817,43.5825],[5.579,43.5776],[5.5753,43.5773],[5.5754,43.5804],[5.5773,43.5804],[5.5762,43.5822],[5.5799,43.5821],[5.582,43.5866],[5.5838,43.5879],[5.5857,43.5874],[5.5857,43.5887],[5.5869,43.5882],[5.5843,43.5856],[5.593,43.5859],[5.5938,43.5872],[5.5916,43.5822],[5.5878,43.5801]]],[[[5.6097,43.5841],[5.6108,43.5823],[5.5995,43.5798],[5.6003,43.5819],[5.599,43.5815],[5.5991,43.5835],[5.6022,43.5843],[5.6053,43.5833],[5.6098,43.5864],[5.6097,43.5853],[5.611,43.5852],[5.6109,43.5841],[5.6097,43.5841]]],[[[5.5705,43.5909],[5.5709,43.5886],[5.5733,43.5886],[5.5726,43.5855],[5.5694,43.5846],[5.5688,43.5829],[5.5678,43.5883],[5.5705,43.5909]],[[5.5702,43.5873],[5.5696,43.5873],[5.5702,43.5868],[5.5702,43.5873]]],[[[5.6016,43.5936],[5.607,43.5934],[5.6057,43.5908],[5.6069,43.5898],[5.6088,43.5902],[5.6098,43.5868],[5.6068,43.5887],[5.6043,43.5878],[5.6037,43.5892],[5.6024,43.5883],[5.5994,43.5898],[5.5938,43.5899],[5.5945,43.5908],[5.5928,43.5925],[5.5946,43.5926],[5.5947,43.5957],[5.5934,43.5953],[5.5937,43.5962],[5.5966,43.5969],[5.5965,43.5952],[5.5978,43.5952],[5.5995,43.592],[5.6016,43.5936]],[[5.6007,43.5906],[5.6001,43.5915],[5.6,43.5906],[5.6007,43.5906]],[[5.6006,43.5897],[5.6012,43.5897],[5.6007,43.5906],[5.6006,43.5897]]],[[[5.7488,43.6655],[5.7531,43.6654],[5.7541,43.664],[5.75,43.6641],[5.748,43.6629],[5.7475,43.6647],[5.7456,43.6643],[5.7439,43.6657],[5.7402,43.6658],[5.7378,43.6681],[5.7379,43.6699],[5.7337,43.6718],[5.7337,43.6727],[5.741,43.6689],[5.7434,43.6688],[5.7433,43.667],[5.7452,43.6674],[5.7452,43.6665],[5.7488,43.6655]]]]}},{"type":"Feature","properties":{"d":"83","km2":165.2,"n":124},"geometry":{"type":"MultiPolygon","coordinates":[[[[5.9235,43.2011],[5.9253,43.2006],[5.9252,43.1993],[5.9195,43.199],[5.9217,43.194],[5.9192,43.1936],[5.9186,43.1923],[5.9118,43.1934],[5.9106,43.1916],[5.9106,43.1925],[5.9069,43.1926],[5.9051,43.194],[5.9003,43.1938],[5.8997,43.1947],[5.9029,43.1986],[5.9048,43.1977],[5.9104,43.1979],[5.9235,43.2011]]],[[[5.8823,43.2114],[5.8798,43.2111],[5.8791,43.2093],[5.8816,43.2097],[5.8844,43.206],[5.8863,43.2059],[5.8874,43.2045],[5.8848,43.2019],[5.8823,43.2015],[5.879,43.1976],[5.8789,43.1954],[5.8758,43.195],[5.8757,43.1932],[5.8781,43.1927],[5.8795,43.1953],[5.882,43.1957],[5.8797,43.1911],[5.8779,43.1905],[5.8762,43.1923],[5.8719,43.1916],[5.8714,43.1938],[5.874,43.1964],[5.8706,43.201],[5.8682,43.2016],[5.8656,43.1999],[5.8596,43.2024],[5.8597,43.2041],[5.8539,43.2098],[5.8559,43.2111],[5.8602,43.2113],[5.8622,43.2135],[5.8667,43.2126],[5.8711,43.2161],[5.8705,43.2186],[5.8718,43.2203],[5.8695,43.2222],[5.8695,43.2236],[5.8729,43.2288],[5.8777,43.2269],[5.8834,43.2294],[5.8829,43.2308],[5.8822,43.2294],[5.8779,43.2296],[5.8786,43.2309],[5.881,43.2304],[5.8823,43.2312],[5.8824,43.2326],[5.88,43.2331],[5.8806,43.234],[5.8794,43.2345],[5.8803,43.238],[5.8748,43.2387],[5.8744,43.2423],[5.8725,43.2426],[5.8756,43.2438],[5.8842,43.2436],[5.8849,43.2445],[5.8854,43.2427],[5.8891,43.2421],[5.8941,43.2452],[5.8991,43.245],[5.899,43.2432],[5.8933,43.2416],[5.8939,43.2398],[5.8963,43.2392],[5.8963,43.2401],[5.897,43.2401],[5.897,43.2415],[5.8976,43.2415],[5.8976,43.2397],[5.8963,43.2393],[5.8981,43.2383],[5.8962,43.2374],[5.8961,43.2348],[5.8948,43.2349],[5.8953,43.233],[5.8941,43.2335],[5.8921,43.2305],[5.8915,43.2314],[5.8884,43.231],[5.8883,43.2292],[5.8919,43.2278],[5.8894,43.2269],[5.8881,43.2247],[5.8856,43.2244],[5.8842,43.222],[5.8807,43.2217],[5.8797,43.2196],[5.8772,43.2184],[5.8775,43.2134],[5.8806,43.2128],[5.8812,43.2137],[5.8824,43.2128],[5.8823,43.2114]],[[5.8826,43.236],[5.885,43.235],[5.8864,43.2377],[5.8846,43.2387],[5.8826,43.236]],[[5.8765,43.2071],[5.8758,43.2058],[5.8777,43.2057],[5.8777,43.2071],[5.8765,43.2071]],[[5.8654,43.2117],[5.8648,43.2117],[5.8648,43.2113],[5.8654,43.2117]],[[5.8642,43.2122],[5.8642,43.2118],[5.8648,43.2117],[5.8642,43.2122]]],[[[5.8609,43.2199],[5.8611,43.2171],[5.8556,43.2165],[5.8544,43.2182],[5.8584,43.2191],[5.8578,43.2209],[5.8596,43.2195],[5.8609,43.2199]]],[[[5.9466,43.2122],[5.9422,43.2105],[5.9407,43.2106],[5.9399,43.2124],[5.938,43.212],[5.9379,43.2105],[5.9331,43.2075],[5.931,43.2077],[5.9284,43.2104],[5.9305,43.2152],[5.9263,43.2163],[5.9262,43.2154],[5.9244,43.2154],[5.9246,43.2186],[5.9227,43.2187],[5.9218,43.2201],[5.9191,43.2197],[5.9173,43.2206],[5.9182,43.222],[5.917,43.2225],[5.9173,43.2279],[5.9185,43.2278],[5.9186,43.2305],[5.9166,43.2274],[5.9141,43.2262],[5.9165,43.2256],[5.9165,43.2248],[5.914,43.2248],[5.9127,43.2226],[5.9115,43.2258],[5.9091,43.2272],[5.9105,43.2294],[5.9093,43.2294],[5.9088,43.2322],[5.9071,43.2336],[5.9102,43.2339],[5.9109,43.2353],[5.9091,43.2367],[5.9066,43.2363],[5.9067,43.2372],[5.9098,43.2375],[5.9105,43.2398],[5.9099,43.2411],[5.9081,43.2412],[5.9074,43.2398],[5.9064,43.2439],[5.9113,43.2433],[5.9139,43.246],[5.9176,43.2463],[5.9223,43.2421],[5.9215,43.2386],[5.9227,43.2376],[5.9229,43.2421],[5.9291,43.2424],[5.9333,43.2408],[5.934,43.2418],[5.9317,43.2449],[5.9385,43.2447],[5.9269,43.2464],[5.9257,43.2469],[5.9258,43.2487],[5.9228,43.2492],[5.9228,43.2515],[5.9247,43.251],[5.9254,43.2518],[5.9235,43.2528],[5.9229,43.2547],[5.9247,43.2595],[5.9223,43.2605],[5.925,43.2644],[5.9359,43.2618],[5.9364,43.26],[5.9416,43.2583],[5.9391,43.2574],[5.939,43.2552],[5.9365,43.2544],[5.942,43.2538],[5.9445,43.2523],[5.9438,43.2508],[5.9456,43.2498],[5.9454,43.2467],[5.9416,43.2445],[5.9415,43.2437],[5.944,43.2436],[5.9414,43.2419],[5.9425,43.2391],[5.9485,43.2369],[5.949,43.2347],[5.9539,43.2345],[5.9516,43.2364],[5.957,43.2359],[5.9576,43.234],[5.9594,43.2335],[5.9587,43.2317],[5.9569,43.2318],[5.9583,43.2268],[5.957,43.2218],[5.9612,43.221],[5.9618,43.2199],[5.9655,43.2204],[5.9657,43.218],[5.9635,43.2163],[5.9657,43.2126],[5.9645,43.2117],[5.9669,43.2112],[5.9649,43.2077],[5.9613,43.2097],[5.9614,43.2118],[5.9632,43.2122],[5.9621,43.2141],[5.9585,43.2155],[5.9556,43.2183],[5.9536,43.217],[5.949,43.2216],[5.9471,43.2212],[5.9472,43.223],[5.9453,43.2231],[5.9463,43.2185],[5.942,43.2187],[5.942,43.2173],[5.945,43.2168],[5.9449,43.2145],[5.9468,43.2149],[5.9475,43.2167],[5.9505,43.2162],[5.9504,43.2144],[5.9467,43.2145],[5.9466,43.2122]],[[5.9448,43.2366],[5.9449,43.2379],[5.943,43.238],[5.943,43.2366],[5.9448,43.2366]],[[5.9411,43.225],[5.9399,43.225],[5.9399,43.2241],[5.9411,43.225]],[[5.9395,43.2165],[5.9376,43.2165],[5.9376,43.2156],[5.9357,43.2157],[5.9394,43.2151],[5.9395,43.2165]],[[5.9387,43.2259],[5.9388,43.2273],[5.9339,43.2279],[5.9338,43.2261],[5.9387,43.2259]],[[5.9301,43.2253],[5.9306,43.223],[5.9318,43.2234],[5.9301,43.2253]],[[5.9182,43.2346],[5.9175,43.2328],[5.9188,43.2328],[5.9193,43.2305],[5.9194,43.2341],[5.9182,43.2346]]],[[[5.8737,43.2678],[5.8771,43.2669],[5.8866,43.267],[5.8914,43.2683],[5.8982,43.2644],[5.9004,43.2643],[5.9023,43.2607],[5.9062,43.2592],[5.9071,43.2547],[5.9028,43.2539],[5.9013,43.2526],[5.8937,43.2556],[5.893,43.2543],[5.8948,43.2538],[5.8954,43.2533],[5.8953,43.2528],[5.8915,43.2533],[5.8908,43.2524],[5.8891,43.2556],[5.8835,43.2549],[5.8799,43.2568],[5.878,43.2555],[5.8769,43.2578],[5.8721,43.2597],[5.8689,43.2584],[5.8682,43.2566],[5.867,43.2567],[5.8671,43.258],[5.8652,43.2581],[5.8659,43.2594],[5.8622,43.2591],[5.8591,43.2578],[5.859,43.256],[5.863,43.2505],[5.8672,43.249],[5.8664,43.2454],[5.8641,43.2453],[5.8638,43.2417],[5.8619,43.2404],[5.8602,43.2416],[5.8621,43.2422],[5.8603,43.2427],[5.8617,43.2463],[5.8563,43.2487],[5.8558,43.251],[5.8529,43.2524],[5.8535,43.2623],[5.8553,43.2627],[5.8552,43.2678],[5.8576,43.2691],[5.8625,43.2688],[5.8652,43.2732],[5.8694,43.2717],[5.8699,43.2694],[5.8726,43.2693],[5.8737,43.2678]],[[5.8752,43.2596],[5.8739,43.2596],[5.8739,43.2592],[5.8752,43.2596]],[[5.8607,43.2658],[5.8586,43.2605],[5.8629,43.2608],[5.8611,43.2622],[5.8636,43.2631],[5.8637,43.2644],[5.8607,43.2658]],[[5.8643,43.2644],[5.8668,43.2648],[5.8681,43.2666],[5.865,43.2657],[5.8637,43.2649],[5.8637,43.2644],[5.8643,43.2644]]],[[[5.9144,43.2631],[5.9165,43.2661],[5.9213,43.2655],[5.9231,43.2636],[5.9187,43.2624],[5.9188,43.2646],[5.917,43.2647],[5.9163,43.2634],[5.9144,43.2631]]],[[[5.8831,43.2734],[5.8851,43.2766],[5.8919,43.2736],[5.8892,43.2728],[5.8849,43.2694],[5.8831,43.2734]]],[[[5.9217,43.3034],[5.9242,43.3036],[5.9272,43.3014],[5.9265,43.3005],[5.9223,43.3007],[5.9206,43.3021],[5.9216,43.302],[5.9217,43.3034]]],[[[5.8212,43.3015],[5.8231,43.3033],[5.8222,43.3047],[5.8247,43.3055],[5.8236,43.3069],[5.8243,43.3082],[5.8242,43.3069],[5.8282,43.3068],[5.8257,43.3064],[5.8293,43.304],[5.8312,43.3044],[5.8329,43.3017],[5.828,43.3018],[5.8279,43.3005],[5.8261,43.3019],[5.8212,43.3015]]],[[[5.9134,43.309],[5.9134,43.3103],[5.9106,43.3104],[5.9105,43.3122],[5.903,43.3115],[5.9031,43.3129],[5.8981,43.3121],[5.8982,43.3139],[5.8938,43.3127],[5.8939,43.314],[5.8914,43.3141],[5.8895,43.3123],[5.8809,43.3126],[5.8777,43.3113],[5.8734,43.3114],[5.8728,43.3105],[5.8681,43.3102],[5.8667,43.3116],[5.8687,43.3156],[5.8711,43.3142],[5.8749,43.3163],[5.875,43.3177],[5.8731,43.3173],[5.8726,43.3191],[5.8775,43.319],[5.8776,43.3203],[5.8818,43.3193],[5.8831,43.3202],[5.8826,43.3229],[5.8857,43.3219],[5.8841,43.3198],[5.8872,43.3197],[5.8884,43.3205],[5.8991,43.3202],[5.8992,43.3215],[5.9011,43.3215],[5.9024,43.3232],[5.9048,43.3227],[5.9061,43.3236],[5.9055,43.325],[5.9068,43.3258],[5.9085,43.3257],[5.9092,43.3244],[5.9136,43.3251],[5.9141,43.3238],[5.9166,43.3238],[5.9172,43.3229],[5.9185,43.3251],[5.9166,43.3251],[5.9167,43.326],[5.9187,43.3287],[5.9223,43.3295],[5.926,43.328],[5.926,43.3267],[5.9278,43.3266],[5.9284,43.3252],[5.9158,43.3211],[5.9193,43.3174],[5.9218,43.3178],[5.9148,43.313],[5.913,43.3135],[5.9141,43.3121],[5.9135,43.3108],[5.9214,43.3055],[5.9217,43.3034],[5.9156,43.3035],[5.9133,43.3072],[5.9098,43.3073],[5.9099,43.309],[5.9134,43.309]],[[5.9159,43.322],[5.9165,43.322],[5.9165,43.3224],[5.9159,43.322]],[[5.9098,43.323],[5.9085,43.3231],[5.9085,43.3222],[5.9098,43.323]],[[5.8994,43.3139],[5.8995,43.3143],[5.8988,43.3143],[5.8994,43.3139]],[[5.9007,43.3147],[5.8995,43.3148],[5.8995,43.3143],[5.9007,43.3147]],[[5.8772,43.3122],[5.8766,43.3122],[5.8765,43.3118],[5.8772,43.3122]]],[[[5.8435,43.3305],[5.8449,43.3324],[5.845,43.3356],[5.8426,43.3361],[5.8433,43.3383],[5.8415,43.3387],[5.8422,43.34],[5.8446,43.34],[5.8458,43.3387],[5.8483,43.3391],[5.8469,43.3355],[5.85,43.3354],[5.8507,43.3372],[5.8532,43.3381],[5.8532,43.339],[5.8514,43.339],[5.8515,43.3424],[5.8583,43.3415],[5.859,43.3442],[5.862,43.3428],[5.8605,43.3471],[5.8624,43.347],[5.8628,43.3459],[5.866,43.346],[5.8665,43.3449],[5.8697,43.3459],[5.8701,43.3444],[5.8688,43.3417],[5.8644,43.3414],[5.8638,43.34],[5.8619,43.3405],[5.8601,43.3401],[5.86,43.3388],[5.8568,43.3375],[5.8605,43.3374],[5.8617,43.3356],[5.8635,43.3355],[5.8711,43.3394],[5.8693,43.3408],[5.875,43.3433],[5.8768,43.3419],[5.8773,43.3397],[5.876,43.3375],[5.8776,43.3353],[5.8812,43.3338],[5.8823,43.3306],[5.8872,43.3305],[5.8889,43.3277],[5.8871,43.3264],[5.8859,43.3268],[5.8856,43.325],[5.8828,43.326],[5.8829,43.3274],[5.8804,43.3274],[5.8822,43.326],[5.8821,43.3242],[5.8796,43.3239],[5.8706,43.3281],[5.8668,43.3278],[5.8651,43.3305],[5.8627,43.3306],[5.8637,43.3261],[5.8655,43.3256],[5.8647,43.3216],[5.8665,43.3206],[5.869,43.3214],[5.8707,43.3187],[5.8681,43.3161],[5.8658,43.3193],[5.8645,43.318],[5.8584,43.3186],[5.8573,43.3208],[5.8524,43.3214],[5.8516,43.3192],[5.8491,43.3179],[5.8509,43.3174],[5.8489,43.3143],[5.8501,43.3143],[5.8505,43.3098],[5.8529,43.3079],[5.8548,43.3079],[5.8537,43.3106],[5.8567,43.3092],[5.8564,43.3042],[5.8546,43.3036],[5.8518,43.3051],[5.8525,43.3073],[5.8508,43.3087],[5.848,43.3089],[5.8463,43.3112],[5.8451,43.3113],[5.8449,43.3134],[5.841,43.3159],[5.8391,43.3159],[5.8372,43.3142],[5.8321,43.3156],[5.8289,43.313],[5.8251,43.3127],[5.8258,43.3136],[5.8221,43.3141],[5.8248,43.3172],[5.8225,43.3168],[5.82,43.3196],[5.8157,43.3193],[5.8151,43.3202],[5.8108,43.3208],[5.8022,43.3202],[5.8036,43.3237],[5.8122,43.3221],[5.8128,43.323],[5.8159,43.3229],[5.816,43.3247],[5.8198,43.3241],[5.8191,43.3232],[5.8222,43.3245],[5.827,43.3234],[5.8271,43.3243],[5.8295,43.3243],[5.8316,43.3282],[5.8359,43.3281],[5.836,43.3268],[5.8396,43.3271],[5.8397,43.3289],[5.8435,43.3305]],[[5.8735,43.3384],[5.8748,43.3397],[5.8718,43.3398],[5.8735,43.3384]],[[5.874,43.3348],[5.8746,43.3348],[5.8746,43.3352],[5.874,43.3348]],[[5.8727,43.3348],[5.8727,43.3339],[5.8733,43.3339],[5.8727,43.3348]],[[5.8697,43.3349],[5.8721,43.334],[5.8715,43.3349],[5.8728,43.3353],[5.8697,43.3354],[5.8697,43.3349]],[[5.85,43.3228],[5.8488,43.3238],[5.8475,43.3225],[5.8426,43.3235],[5.8412,43.3199],[5.8461,43.3207],[5.85,43.3228]],[[5.8446,43.3266],[5.8439,43.3248],[5.8457,43.3239],[5.8488,43.3242],[5.8477,43.3265],[5.8446,43.3266]],[[5.8465,43.3144],[5.8471,43.3144],[5.8471,43.3148],[5.8465,43.3144]],[[5.8352,43.3232],[5.8314,43.3224],[5.8314,43.3211],[5.8338,43.321],[5.8352,43.3232]],[[5.8319,43.3193],[5.8295,43.3198],[5.8251,43.3185],[5.8261,43.3149],[5.8279,43.314],[5.828,43.3153],[5.8299,43.3162],[5.8294,43.3175],[5.8306,43.3171],[5.8318,43.3179],[5.8319,43.3193]],[[5.8245,43.3195],[5.8252,43.3203],[5.8209,43.3218],[5.8202,43.3205],[5.8245,43.3195]]],[[[5.9463,43.3397],[5.9471,43.3415],[5.939,43.3409],[5.941,43.3438],[5.938,43.3443],[5.9351,43.3469],[5.9376,43.3472],[5.9381,43.3461],[5.9442,43.3455],[5.9504,43.3463],[5.9521,43.344],[5.9534,43.3444],[5.9526,43.3417],[5.9551,43.3425],[5.9543,43.3399],[5.9561,43.339],[5.9499,43.3377],[5.9463,43.3397]]],[[[5.8751,43.3451],[5.8747,43.3471],[5.8783,43.3474],[5.8794,43.3455],[5.8845,43.3476],[5.8843,43.3432],[5.8818,43.3427],[5.8794,43.3446],[5.8751,43.3451]]],[[[5.7429,43.3531],[5.7467,43.3557],[5.7495,43.3556],[5.7471,43.3503],[5.7454,43.3499],[5.7429,43.3531]]],[[[5.763,43.3544],[5.7622,43.3521],[5.7585,43.3522],[5.7586,43.3535],[5.7573,43.3531],[5.7557,43.3559],[5.7539,43.3568],[5.7507,43.356],[5.7499,43.3569],[5.7549,43.3586],[5.7548,43.3573],[5.7567,43.3576],[5.763,43.3544]],[[5.7602,43.354],[5.7614,43.3539],[5.7615,43.3544],[5.7602,43.354]]],[[[5.855,43.3774],[5.8581,43.3777],[5.8581,43.3757],[5.8616,43.3754],[5.8536,43.372],[5.8555,43.3736],[5.8544,43.3745],[5.855,43.3774]]],[[[5.7798,43.43],[5.7787,43.43],[5.7791,43.4284],[5.7785,43.4284],[5.7784,43.4266],[5.7783,43.4244],[5.7758,43.4245],[5.7756,43.4218],[5.7781,43.4213],[5.778,43.4204],[5.7755,43.4208],[5.7741,43.4225],[5.767,43.4252],[5.7721,43.425],[5.7741,43.4272],[5.7731,43.4304],[5.7799,43.4315],[5.7798,43.43]],[[5.7743,43.4297],[5.7756,43.4292],[5.7756,43.4305],[5.7743,43.4297]]],[[[5.7861,43.5185],[5.7872,43.5159],[5.7842,43.5137],[5.7838,43.5235],[5.7877,43.5275],[5.7894,43.5234],[5.7881,43.5221],[5.7856,43.5221],[5.7855,43.5208],[5.7874,43.5198],[5.7861,43.5185]],[[5.7876,43.5243],[5.7876,43.5248],[5.787,43.5248],[5.7876,43.5243]],[[5.7843,43.5203],[5.7849,43.5203],[5.7849,43.5208],[5.7843,43.5203]]],[[[5.7785,43.5277],[5.7792,43.5295],[5.7804,43.5296],[5.7802,43.5282],[5.7834,43.5271],[5.7821,43.5258],[5.783,43.5195],[5.7818,43.5195],[5.781,43.5168],[5.7798,43.5169],[5.7808,43.5129],[5.7792,43.5125],[5.7776,43.5099],[5.7761,43.5122],[5.7743,43.5122],[5.7738,43.5145],[5.7713,43.5141],[5.7702,43.5164],[5.7683,43.516],[5.7684,43.5169],[5.7659,43.5174],[5.7667,43.5192],[5.7625,43.5227],[5.7678,43.5244],[5.7686,43.5289],[5.7705,43.5302],[5.77,43.5324],[5.7787,43.5322],[5.7785,43.5277]],[[5.7778,43.5268],[5.7784,43.5268],[5.7785,43.5277],[5.7778,43.5268]],[[5.7783,43.525],[5.7759,43.5269],[5.7755,43.5305],[5.7701,43.5212],[5.7737,43.5197],[5.7757,43.5215],[5.775,43.5192],[5.7762,43.5188],[5.7799,43.5196],[5.7789,43.5245],[5.7802,43.5245],[5.7803,43.5272],[5.7784,43.5268],[5.7783,43.525]]],[[[5.8221,43.5269],[5.824,43.5264],[5.8238,43.5241],[5.8226,43.5246],[5.8225,43.523],[5.8209,43.523],[5.8199,43.5211],[5.8159,43.5209],[5.8139,43.5196],[5.8148,43.5186],[5.8129,43.5177],[5.8128,43.5165],[5.8085,43.5165],[5.8106,43.5205],[5.8121,43.5201],[5.8221,43.5269]],[[5.8133,43.5196],[5.8127,43.5196],[5.8127,43.5187],[5.8133,43.5196]]],[[[5.7574,43.5264],[5.7605,43.5273],[5.7604,43.5255],[5.7583,43.524],[5.7553,43.5256],[5.7554,43.5281],[5.7573,43.5276],[5.758,43.5287],[5.7587,43.5278],[5.7574,43.5278],[5.7574,43.5264]]],[[[5.8667,43.5358],[5.8649,43.5358],[5.8621,43.5309],[5.8664,43.5299],[5.8665,43.5313],[5.8707,43.533],[5.8702,43.5312],[5.8677,43.5308],[5.8677,43.5299],[5.8688,43.5289],[5.8707,43.5293],[5.8698,43.5271],[5.8727,43.5248],[5.8711,43.5239],[5.8705,43.5258],[5.8681,43.5258],[5.8668,43.5245],[5.8672,43.5214],[5.8651,43.5223],[5.8598,43.522],[5.8602,43.5301],[5.8578,43.5301],[5.8579,43.5337],[5.8592,43.5346],[5.8598,43.5332],[5.861,43.5337],[5.86,43.5382],[5.8631,43.5381],[5.8615,43.5426],[5.8622,43.5444],[5.8652,43.543],[5.8655,43.539],[5.8704,43.5379],[5.8667,43.5358]],[[5.8655,43.5241],[5.8656,43.5259],[5.8625,43.526],[5.8612,43.5246],[5.8655,43.5241]]],[[[5.8092,43.5368],[5.81,43.5399],[5.8141,43.5367],[5.8144,43.5321],[5.813,43.53],[5.8106,43.53],[5.8104,43.5359],[5.8092,43.5368]]],[[[5.7249,43.5349],[5.7231,43.5359],[5.7233,43.5386],[5.721,43.5413],[5.7241,43.5408],[5.7253,43.5417],[5.7253,43.5403],[5.7277,43.5402],[5.729,43.5407],[5.7291,43.5424],[5.7346,43.5423],[5.7366,43.5441],[5.7343,43.5355],[5.7324,43.5343],[5.7333,43.5302],[5.7316,43.5302],[5.7304,43.5334],[5.7274,43.5353],[5.7249,43.5349]],[[5.7306,43.5366],[5.7312,43.5357],[5.7337,43.5356],[5.7337,43.536],[5.7306,43.5366]]],[[[5.8257,43.5448],[5.8288,43.5447],[5.8315,43.5482],[5.8332,43.5459],[5.8381,43.5451],[5.8374,43.5442],[5.841,43.5423],[5.8403,43.5416],[5.8373,43.5421],[5.8353,43.5395],[5.8348,43.5415],[5.8317,43.5412],[5.8317,43.5423],[5.8274,43.5426],[5.8257,43.5448]],[[5.8354,43.5411],[5.8354,43.5406],[5.836,43.5406],[5.8354,43.5411]],[[5.8312,43.543],[5.8312,43.5425],[5.8318,43.5425],[5.8312,43.543]],[[5.8323,43.5416],[5.833,43.5425],[5.8318,43.5425],[5.8323,43.5416]]],[[[5.7249,43.5439],[5.7231,43.5485],[5.7242,43.5493],[5.7276,43.5492],[5.728,43.5474],[5.7262,43.5475],[5.7267,43.5443],[5.7249,43.5439]]],[[[5.7437,43.5506],[5.7462,43.5519],[5.7436,43.5493],[5.7418,43.5502],[5.7368,43.549],[5.738,43.549],[5.7385,43.5458],[5.735,43.5481],[5.737,43.5535],[5.7431,43.552],[5.7437,43.5506]]],[[[5.8504,43.5749],[5.8516,43.5732],[5.854,43.5731],[5.8556,43.5743],[5.8612,43.5742],[5.8611,43.5728],[5.8599,43.5733],[5.8542,43.5707],[5.8511,43.5708],[5.8517,43.5695],[5.8573,43.5707],[5.8653,43.57],[5.8648,43.5709],[5.8664,43.5727],[5.8713,43.5721],[5.8704,43.5591],[5.8734,43.5581],[5.8747,43.559],[5.8783,43.5566],[5.8784,43.5593],[5.8766,43.5598],[5.8773,43.5616],[5.8749,43.5635],[5.8768,43.5648],[5.8768,43.5639],[5.8786,43.5638],[5.8797,43.5606],[5.8846,43.5587],[5.8815,43.5583],[5.8797,43.5597],[5.8802,43.557],[5.887,43.5577],[5.8863,43.5555],[5.8894,43.5554],[5.8874,43.5518],[5.8892,43.5521],[5.8898,43.5512],[5.8899,43.5535],[5.8924,43.5538],[5.8954,43.553],[5.8965,43.5507],[5.8984,43.5511],[5.8991,43.552],[5.8961,43.5537],[5.898,43.5532],[5.8975,43.5555],[5.8981,43.5556],[5.8993,43.5556],[5.898,43.5547],[5.8992,43.5534],[5.9011,43.5547],[5.8988,43.5574],[5.9018,43.5564],[5.9023,43.5551],[5.9054,43.555],[5.9021,43.5594],[5.905,43.559],[5.9055,43.5568],[5.9068,43.5568],[5.906,43.5545],[5.9085,43.5545],[5.9113,43.5481],[5.9094,43.5486],[5.9081,43.5468],[5.9026,43.5477],[5.8999,43.5446],[5.8949,43.5443],[5.8953,43.5377],[5.897,43.5375],[5.8993,43.5347],[5.8978,43.5307],[5.8947,43.5308],[5.8919,43.5323],[5.8926,43.5337],[5.8908,43.5347],[5.8885,43.5306],[5.8862,43.5297],[5.8863,43.5321],[5.8843,43.5317],[5.8838,43.534],[5.8864,43.5339],[5.8871,43.5348],[5.8841,43.5375],[5.8866,43.5379],[5.8902,43.536],[5.8915,43.5365],[5.8916,43.5387],[5.8903,43.5369],[5.8868,43.5405],[5.8887,43.5424],[5.8833,43.546],[5.8852,43.5461],[5.8835,43.5488],[5.8767,43.549],[5.8786,43.5498],[5.8786,43.5516],[5.8731,43.5518],[5.8726,43.5536],[5.8701,43.5541],[5.869,43.5564],[5.866,43.5583],[5.8616,43.5575],[5.8586,43.5598],[5.8549,43.5599],[5.8548,43.5582],[5.8524,43.5569],[5.8541,43.556],[5.8534,43.5541],[5.8546,43.5536],[5.8515,43.5537],[5.8509,43.5528],[5.8471,43.5529],[5.846,43.5539],[5.8479,43.5552],[5.8462,43.5584],[5.8444,43.5575],[5.8462,43.5597],[5.8432,43.5602],[5.8421,43.5594],[5.8409,43.5614],[5.8385,43.5614],[5.8351,43.5575],[5.8308,43.5576],[5.8282,43.5555],[5.8269,43.5571],[5.8257,43.5566],[5.8245,43.5576],[5.8222,43.5621],[5.8247,43.563],[5.8252,43.5673],[5.8269,43.5683],[5.8305,43.5678],[5.8316,43.5698],[5.8347,43.5701],[5.836,43.5714],[5.8388,43.5712],[5.8387,43.5758],[5.8418,43.5757],[5.8438,43.5782],[5.8453,43.5779],[5.8458,43.5759],[5.8459,43.5778],[5.8469,43.5778],[5.8474,43.5756],[5.8504,43.5749]],[[5.8939,43.5341],[5.8926,43.5342],[5.8926,43.5337],[5.8939,43.5341]],[[5.8858,43.5456],[5.8858,43.5461],[5.8852,43.5461],[5.8858,43.5456]],[[5.9055,43.5563],[5.9049,43.5564],[5.9049,43.5559],[5.9055,43.5563]],[[5.8946,43.5373],[5.8946,43.5368],[5.8952,43.5368],[5.8946,43.5373]],[[5.8938,43.5323],[5.8932,43.5333],[5.8926,43.5333],[5.8938,43.5323]],[[5.8928,43.5387],[5.8928,43.5373],[5.8934,43.5373],[5.8928,43.5387]],[[5.8911,43.5522],[5.8917,43.5522],[5.8917,43.5527],[5.8911,43.5522]],[[5.8929,43.5526],[5.893,43.5531],[5.8917,43.5531],[5.8917,43.5527],[5.8929,43.5526]],[[5.8905,43.5531],[5.8905,43.5527],[5.8911,43.5527],[5.8905,43.5531]],[[5.8898,43.5392],[5.8898,43.5387],[5.8904,43.5387],[5.8898,43.5392]],[[5.8893,43.5415],[5.8893,43.541],[5.8899,43.541],[5.8893,43.5415]],[[5.8825,43.5547],[5.8837,43.5547],[5.8838,43.5551],[5.8825,43.5547]],[[5.867,43.5655],[5.8646,43.5673],[5.8621,43.5669],[5.8626,43.5656],[5.8584,43.567],[5.8577,43.5653],[5.8626,43.5642],[5.8625,43.5633],[5.8644,43.5637],[5.8668,43.5619],[5.8687,43.5623],[5.8682,43.5659],[5.867,43.5655]],[[5.8664,43.5673],[5.8664,43.5668],[5.867,43.5668],[5.8664,43.5673]],[[5.8553,43.5667],[5.8552,43.5658],[5.8577,43.5657],[5.8577,43.5662],[5.8553,43.5667]],[[5.855,43.5622],[5.8545,43.5644],[5.8515,43.565],[5.8508,43.5641],[5.8532,43.5622],[5.855,43.5622]],[[5.8531,43.56],[5.853,43.5595],[5.8537,43.5595],[5.8531,43.56]],[[5.8507,43.574],[5.8488,43.5745],[5.8493,43.5722],[5.8507,43.574]],[[5.85,43.5596],[5.8506,43.5605],[5.8488,43.5605],[5.85,43.5596]],[[5.8505,43.5713],[5.8506,43.5722],[5.85,43.5722],[5.8505,43.5713]],[[5.8469,43.5736],[5.8469,43.5732],[5.8481,43.5732],[5.8469,43.5736]],[[5.8425,43.5724],[5.842,43.5733],[5.8395,43.5734],[5.8394,43.5725],[5.8425,43.5724]],[[5.8414,43.5747],[5.8396,43.5747],[5.8401,43.5738],[5.8414,43.5747]],[[5.8386,43.5676],[5.8404,43.5671],[5.8405,43.568],[5.8386,43.5676]],[[5.8304,43.5651],[5.8286,43.5665],[5.8279,43.5642],[5.8303,43.5633],[5.8304,43.5651]]],[[[5.6867,43.5782],[5.6985,43.5801],[5.6972,43.5776],[5.699,43.5776],[5.6985,43.577],[5.6954,43.5762],[5.6947,43.5748],[5.6891,43.5745],[5.6887,43.5707],[5.685,43.5713],[5.6857,43.5721],[5.6832,43.5713],[5.6789,43.5723],[5.6751,43.5716],[5.6756,43.5684],[5.678,43.567],[5.6779,43.5658],[5.6761,43.5661],[5.6766,43.5643],[5.6798,43.566],[5.6806,43.5657],[5.6793,43.5644],[5.6818,43.5648],[5.6825,43.5661],[5.6868,43.5651],[5.6862,43.5665],[5.6912,43.5677],[5.6894,43.5687],[5.6942,43.5694],[5.7,43.5688],[5.7017,43.5665],[5.7064,43.5665],[5.709,43.5687],[5.7073,43.571],[5.7105,43.5732],[5.7132,43.5735],[5.71,43.5717],[5.7099,43.5699],[5.7142,43.5686],[5.7147,43.5658],[5.7116,43.5668],[5.7121,43.564],[5.7108,43.5627],[5.7149,43.5577],[5.7136,43.5559],[5.7105,43.5555],[5.711,43.5542],[5.6963,43.5621],[5.6912,43.5635],[5.6789,43.5632],[5.6681,43.5649],[5.6626,43.5697],[5.6611,43.5725],[5.658,43.5723],[5.6562,43.574],[5.656,43.5767],[5.6569,43.5753],[5.6594,43.5752],[5.6613,43.5765],[5.6612,43.5748],[5.6656,43.5751],[5.6618,43.5725],[5.6642,43.572],[5.6723,43.5757],[5.6792,43.5768],[5.6822,43.5763],[5.6867,43.5782]],[[5.6606,43.5743],[5.6612,43.5743],[5.6612,43.5748],[5.6606,43.5743]],[[5.66,43.5739],[5.6606,43.5739],[5.6606,43.5743],[5.66,43.5739]],[[5.7108,43.5614],[5.7102,43.5627],[5.7077,43.5619],[5.7076,43.561],[5.7108,43.5614]],[[5.706,43.5651],[5.7034,43.5638],[5.7027,43.562],[5.7058,43.5615],[5.706,43.5651]],[[5.7072,43.5655],[5.706,43.5655],[5.706,43.5651],[5.7072,43.5655]],[[5.673,43.574],[5.6717,43.574],[5.6716,43.5704],[5.6728,43.5704],[5.6735,43.5726],[5.6723,43.5731],[5.673,43.574]],[[5.6688,43.5695],[5.6685,43.571],[5.6672,43.5706],[5.6672,43.5692],[5.6688,43.5695]],[[5.6643,43.5683],[5.6644,43.5682],[5.6644,43.5683],[5.6643,43.5683]]],[[[5.7447,43.5718],[5.7445,43.5686],[5.742,43.5678],[5.742,43.5669],[5.745,43.5646],[5.7419,43.5646],[5.7401,43.5665],[5.737,43.5666],[5.7313,43.5645],[5.7289,43.5654],[5.7324,43.5671],[5.7325,43.568],[5.7318,43.568],[5.7327,43.568],[5.7333,43.5676],[5.7337,43.5684],[5.7362,43.5683],[5.7363,43.5692],[5.7375,43.5687],[5.7382,43.57],[5.74,43.57],[5.7396,43.5728],[5.7404,43.5732],[5.7417,43.5732],[5.7416,43.5719],[5.7398,43.5723],[5.7409,43.571],[5.7447,43.5718]]],[[[5.7516,43.6506],[5.758,43.6531],[5.759,43.6508],[5.7566,43.6521],[5.7558,43.6494],[5.7504,43.6502],[5.7504,43.6511],[5.7516,43.6506]]],[[[5.9921,43.1781],[5.992,43.1772],[5.9957,43.1762],[6.0,43.1765],[6.0018,43.1755],[5.9926,43.1731],[5.9904,43.1782],[5.9921,43.1781]]],[[[5.991,43.17],[5.9886,43.171],[5.9887,43.1728],[5.9839,43.1748],[5.9853,43.1779],[5.9786,43.1785],[5.977,43.1817],[5.9731,43.1796],[5.9739,43.1814],[5.9722,43.1824],[5.9753,43.1835],[5.9761,43.1867],[5.9779,43.1857],[5.9809,43.1861],[5.9805,43.1888],[5.9818,43.1901],[5.9848,43.1896],[5.9855,43.1909],[5.9891,43.1894],[5.9882,43.1827],[5.9893,43.1814],[5.9912,43.1822],[5.9913,43.184],[5.9926,43.184],[5.993,43.1821],[5.9911,43.1817],[5.991,43.1795],[5.9887,43.1809],[5.9884,43.1755],[5.9914,43.1736],[5.991,43.17]]],[[[6.1666,43.1864],[6.1654,43.1846],[6.1634,43.1847],[6.1645,43.1838],[6.1645,43.1829],[6.1623,43.1832],[6.1611,43.1846],[6.1616,43.1823],[6.1603,43.181],[6.1669,43.1781],[6.1676,43.1794],[6.1658,43.1804],[6.1669,43.1823],[6.1688,43.1798],[6.1702,43.1854],[6.1727,43.186],[6.1708,43.1849],[6.1713,43.1793],[6.1682,43.1794],[6.1691,43.1787],[6.1647,43.1766],[6.1646,43.1752],[6.1622,43.1758],[6.1596,43.174],[6.1585,43.1763],[6.1555,43.1773],[6.1562,43.1791],[6.1522,43.1799],[6.1523,43.1842],[6.1504,43.1843],[6.158,43.1871],[6.1587,43.1889],[6.1605,43.1884],[6.1605,43.185],[6.163,43.1854],[6.1637,43.1865],[6.1666,43.1864]],[[6.159,43.1801],[6.1565,43.1784],[6.1583,43.1779],[6.1588,43.1761],[6.1613,43.176],[6.162,43.1778],[6.1644,43.1777],[6.159,43.1801]]],[[[6.2552,43.1836],[6.2527,43.1832],[6.2542,43.1876],[6.2584,43.1871],[6.2579,43.1822],[6.2552,43.1836]],[[6.2566,43.1871],[6.2554,43.1872],[6.2559,43.1858],[6.2571,43.1857],[6.2566,43.1871]],[[6.2547,43.1858],[6.2534,43.1845],[6.2558,43.1844],[6.2559,43.1853],[6.2547,43.1858]]],[[[6.178,43.1918],[6.1773,43.191],[6.1742,43.1911],[6.1733,43.195],[6.1745,43.1932],[6.1819,43.1938],[6.1818,43.1921],[6.1804,43.1913],[6.178,43.1918]]],[[[6.1747,43.1977],[6.1765,43.1967],[6.171,43.196],[6.1729,43.1982],[6.1772,43.1977],[6.1773,43.1994],[6.1797,43.198],[6.1828,43.1984],[6.1827,43.197],[6.1747,43.1977]]],[[[6.2459,43.2045],[6.2433,43.2021],[6.2402,43.2031],[6.2371,43.2023],[6.2373,43.2053],[6.2361,43.2053],[6.236,43.2035],[6.2348,43.204],[6.2329,43.2027],[6.2293,43.2046],[6.228,43.2042],[6.2292,43.2032],[6.2285,43.2024],[6.2256,43.2052],[6.2242,43.2028],[6.2231,43.2037],[6.2238,43.2055],[6.227,43.2074],[6.2337,43.2063],[6.2485,43.2067],[6.2486,43.209],[6.2445,43.2136],[6.2494,43.2116],[6.2495,43.2144],[6.2526,43.2143],[6.2506,43.2116],[6.2511,43.2102],[6.253,43.2106],[6.2525,43.2124],[6.2562,43.2123],[6.2567,43.2114],[6.2605,43.2122],[6.2728,43.2113],[6.2745,43.2104],[6.2744,43.209],[6.2793,43.2084],[6.2806,43.2097],[6.283,43.2087],[6.2828,43.2057],[6.2804,43.2062],[6.2804,43.2053],[6.2785,43.2057],[6.276,43.204],[6.2731,43.2068],[6.2675,43.2061],[6.261,43.2095],[6.2591,43.2096],[6.2584,43.2083],[6.2548,43.2093],[6.251,43.2085],[6.2509,43.2067],[6.2533,43.2057],[6.2497,43.2062],[6.2495,43.2026],[6.2476,43.2019],[6.2459,43.2045]],[[6.2786,43.2067],[6.2786,43.2063],[6.2792,43.2062],[6.2786,43.2067]],[[6.2695,43.2079],[6.2694,43.2074],[6.27,43.2074],[6.2695,43.2079]],[[6.27,43.207],[6.2706,43.2069],[6.27,43.2074],[6.27,43.207]],[[6.2385,43.2052],[6.2385,43.2043],[6.2391,43.2043],[6.2385,43.2052]]],[[[6.2314,43.2095],[6.2307,43.2086],[6.2297,43.2113],[6.2315,43.2122],[6.2316,43.2137],[6.2353,43.2141],[6.2327,43.2108],[6.2357,43.2102],[6.2357,43.2093],[6.2314,43.2095]]],[[[6.2859,43.2145],[6.2877,43.2139],[6.2915,43.2151],[6.2943,43.2119],[6.2935,43.2083],[6.2879,43.2076],[6.2859,43.2145]]],[[[6.239,43.2396],[6.2386,43.243],[6.2389,43.2468],[6.2401,43.2472],[6.2396,43.2485],[6.2435,43.2488],[6.2432,43.2462],[6.2413,43.2462],[6.2406,43.2448],[6.239,43.2457],[6.2405,43.2439],[6.239,43.2396]],[[6.2401,43.2434],[6.2388,43.2435],[6.2388,43.243],[6.2401,43.2434]]],[[[6.2543,43.2471],[6.2511,43.2449],[6.2521,43.2512],[6.257,43.251],[6.2567,43.2466],[6.2543,43.2471]]],[[[6.2447,43.26],[6.2497,43.2612],[6.2527,43.2602],[6.2519,43.2566],[6.2489,43.2576],[6.2487,43.2554],[6.245,43.2551],[6.2447,43.26]]],[[[6.2342,43.2595],[6.2334,43.2569],[6.2389,43.2562],[6.2382,43.2544],[6.2345,43.2541],[6.2339,43.255],[6.2315,43.2551],[6.2295,43.2538],[6.2265,43.2549],[6.2266,43.2566],[6.226,43.2567],[6.2261,43.2576],[6.2304,43.2572],[6.2299,43.2592],[6.2311,43.2592],[6.2313,43.2614],[6.2325,43.2609],[6.2332,43.2627],[6.2363,43.2626],[6.2368,43.2612],[6.2342,43.2595]]],[[[6.2847,43.2599],[6.2854,43.2617],[6.2878,43.2598],[6.2865,43.2585],[6.284,43.2586],[6.2801,43.256],[6.2804,43.2592],[6.2829,43.2604],[6.2847,43.2599]]],[[[6.0201,43.2881],[6.017,43.2877],[6.0194,43.2863],[6.0194,43.2849],[6.0132,43.2851],[6.0113,43.2834],[6.0094,43.2834],[6.0133,43.2869],[6.0164,43.2873],[6.0184,43.2899],[6.0214,43.2895],[6.0201,43.2881]]],[[[6.122,43.3023],[6.122,43.304],[6.1233,43.304],[6.1237,43.3009],[6.1225,43.3008],[6.1225,43.3017],[6.1194,43.3014],[6.1193,43.2992],[6.1163,43.3006],[6.117,43.3024],[6.1207,43.3023],[6.1208,43.3037],[6.122,43.3023]]],[[[6.1299,43.3101],[6.1287,43.3119],[6.122,43.3121],[6.1206,43.3099],[6.1196,43.3131],[6.1175,43.31],[6.1132,43.3102],[6.1116,43.3129],[6.1188,43.3123],[6.1172,43.3137],[6.1185,43.3149],[6.1318,43.3118],[6.1299,43.3101]]],[[[6.1244,43.3588],[6.1233,43.3602],[6.1202,43.3604],[6.1185,43.3618],[6.1197,43.363],[6.1259,43.3634],[6.1272,43.3651],[6.131,43.3659],[6.1296,43.3633],[6.1279,43.3641],[6.1284,43.3632],[6.1253,43.3628],[6.1257,43.3602],[6.1244,43.3588]]],[[[6.1526,43.3646],[6.1544,43.3653],[6.1544,43.3666],[6.1508,43.3664],[6.1522,43.3689],[6.1587,43.3643],[6.1537,43.3632],[6.1526,43.3646]]],[[[6.1649,43.3668],[6.1662,43.365],[6.163,43.3637],[6.1594,43.3652],[6.1589,43.367],[6.1607,43.3682],[6.161,43.371],[6.1622,43.3705],[6.1609,43.3697],[6.1614,43.3678],[6.1638,43.3664],[6.1649,43.3668]]],[[[6.0265,43.4571],[6.0254,43.4585],[6.0321,43.4578],[6.0321,43.4569],[6.0328,43.4569],[6.0339,43.456],[6.0339,43.4555],[6.0265,43.4571]]],[[[6.0116,43.4666],[6.0128,43.4665],[6.0133,43.4638],[6.0115,43.4657],[6.0085,43.4662],[6.0071,43.4704],[6.0031,43.4701],[6.0028,43.4714],[6.005,43.4708],[6.0063,43.4717],[6.0086,43.4693],[6.0099,43.4693],[6.0093,43.4707],[6.0124,43.4706],[6.0116,43.4666]]],[[[6.1234,43.5224],[6.123,43.5235],[6.1248,43.5248],[6.1253,43.5237],[6.1266,43.5241],[6.1265,43.5232],[6.1247,43.5232],[6.1239,43.5194],[6.1195,43.5169],[6.1164,43.517],[6.1183,43.5178],[6.1191,43.52],[6.1208,43.5202],[6.1203,43.5214],[6.1234,43.5224]],[[6.1195,43.5193],[6.1195,43.5189],[6.1214,43.5188],[6.1195,43.5193]]],[[[6.2935,43.6375],[6.2872,43.636],[6.2848,43.6365],[6.2847,43.6383],[6.2897,43.6386],[6.2894,43.6408],[6.2935,43.6375]]],[[[5.984,43.6412],[5.9841,43.6426],[5.9853,43.6421],[5.9847,43.6434],[5.9885,43.6433],[5.9885,43.6446],[5.9905,43.6427],[5.993,43.644],[5.9954,43.6412],[5.9991,43.6411],[5.9999,43.6447],[6.0011,43.6438],[6.003,43.6446],[6.0021,43.6433],[6.0002,43.6434],[6.0001,43.6407],[5.997,43.6408],[5.9975,43.639],[5.9933,43.6373],[5.9918,43.6373],[5.9902,43.641],[5.984,43.6412]]],[[[6.2908,43.6426],[6.2883,43.6431],[6.2888,43.6413],[6.2803,43.6434],[6.2816,43.6447],[6.2811,43.6461],[6.2823,43.6456],[6.283,43.6474],[6.2908,43.6435],[6.2908,43.6426]]],[[[6.2316,43.7295],[6.2253,43.7288],[6.2223,43.7297],[6.2304,43.7304],[6.2306,43.7321],[6.2335,43.731],[6.2335,43.7299],[6.2317,43.7308],[6.2316,43.7295]]],[[[6.2595,43.7378],[6.262,43.7381],[6.2625,43.7363],[6.2598,43.7332],[6.2607,43.7283],[6.2569,43.7271],[6.2558,43.7289],[6.259,43.7306],[6.2591,43.7319],[6.2554,43.733],[6.2555,43.7351],[6.2543,43.7351],[6.2551,43.7375],[6.2584,43.7392],[6.2595,43.7378]]],[[[6.2921,43.7424],[6.294,43.7424],[6.2969,43.7404],[6.3007,43.7408],[6.2997,43.7363],[6.296,43.7355],[6.2943,43.7383],[6.2906,43.7384],[6.2901,43.7402],[6.2926,43.7406],[6.2921,43.7424]]],[[[6.2818,43.7742],[6.2834,43.772],[6.2857,43.7714],[6.2835,43.7711],[6.283,43.772],[6.2787,43.7726],[6.2787,43.7735],[6.2733,43.7751],[6.2734,43.7766],[6.2818,43.7742]]],[[[6.2681,43.773],[6.2685,43.7689],[6.2672,43.769],[6.2662,43.7713],[6.2665,43.7767],[6.2599,43.78],[6.2595,43.7828],[6.2614,43.784],[6.2648,43.779],[6.2702,43.7752],[6.2732,43.7746],[6.2706,43.7729],[6.2681,43.773]]],[[[6.3872,42.9985],[6.3907,42.9984],[6.3906,42.9966],[6.401,42.9963],[6.4021,42.9945],[6.4003,42.9946],[6.3972,42.9929],[6.3951,42.993],[6.3947,42.9954],[6.3912,42.9949],[6.39,42.9976],[6.3872,42.9985]]],[[[6.3772,42.9989],[6.387,42.999],[6.3872,42.9985],[6.3867,42.998],[6.3835,42.9974],[6.3823,42.9979],[6.3792,42.9975],[6.3778,42.9982],[6.3773,42.9972],[6.3765,42.9975],[6.3772,42.9989]]],[[[6.397,43.1689],[6.3953,43.1694],[6.3948,43.1722],[6.3956,43.1739],[6.3981,43.1747],[6.3985,43.1725],[6.3967,43.1721],[6.397,43.1689]]],[[[6.379,43.1667],[6.379,43.1658],[6.3766,43.1665],[6.3778,43.1667],[6.3775,43.1706],[6.3725,43.1707],[6.3751,43.1727],[6.3753,43.1754],[6.3766,43.1751],[6.3771,43.1728],[6.382,43.1731],[6.3811,43.1774],[6.3822,43.1792],[6.3847,43.1791],[6.3847,43.18],[6.3889,43.1772],[6.3887,43.1746],[6.387,43.1743],[6.3862,43.172],[6.3838,43.1721],[6.3817,43.1682],[6.3859,43.1671],[6.3878,43.1684],[6.3877,43.1675],[6.3858,43.1665],[6.379,43.1667]]],[[[6.3933,43.1763],[6.3927,43.1784],[6.394,43.1806],[6.3967,43.1815],[6.3969,43.1757],[6.3933,43.1763]]],[[[6.4168,43.1871],[6.4166,43.1839],[6.4133,43.1818],[6.4102,43.1815],[6.4146,43.1854],[6.4158,43.1849],[6.415,43.1871],[6.4166,43.1925],[6.4184,43.1924],[6.4199,43.1878],[6.4168,43.1871]]],[[[6.4358,43.1868],[6.436,43.1895],[6.4354,43.1895],[6.4355,43.1904],[6.4373,43.1903],[6.4372,43.1926],[6.4403,43.1893],[6.4385,43.1898],[6.4375,43.184],[6.4357,43.1845],[6.4344,43.1837],[6.4358,43.1868]]],[[[6.3117,43.1928],[6.3133,43.1923],[6.3132,43.191],[6.3157,43.1913],[6.3149,43.1891],[6.3168,43.1895],[6.3197,43.1876],[6.3183,43.1854],[6.3153,43.1859],[6.3154,43.1873],[6.3098,43.1866],[6.3062,43.1876],[6.3024,43.1869],[6.3017,43.1851],[6.2955,43.184],[6.2965,43.185],[6.2953,43.1864],[6.2966,43.1873],[6.2978,43.1863],[6.3021,43.1871],[6.3028,43.1884],[6.3034,43.1875],[6.3065,43.1878],[6.306,43.1897],[6.3084,43.1896],[6.3117,43.1928]]],[[[6.3182,43.211],[6.3193,43.2087],[6.3161,43.207],[6.316,43.2052],[6.3129,43.2045],[6.3112,43.2072],[6.3087,43.2069],[6.3082,43.2087],[6.312,43.209],[6.3133,43.2112],[6.3182,43.211]]],[[[6.402,43.2218],[6.4013,43.2205],[6.4007,43.2205],[6.3998,43.2161],[6.3994,43.2107],[6.3982,43.2116],[6.3988,43.2201],[6.4007,43.2205],[6.4008,43.2219],[6.402,43.2218]]],[[[6.3167,43.216],[6.3187,43.2173],[6.319,43.2213],[6.3154,43.2233],[6.3227,43.2221],[6.3275,43.2201],[6.3286,43.2178],[6.3267,43.2174],[6.3225,43.2194],[6.3211,43.2168],[6.3186,43.2159],[6.3167,43.216]]],[[[6.3466,43.2212],[6.3441,43.2208],[6.3446,43.2186],[6.3433,43.2182],[6.3439,43.2173],[6.342,43.216],[6.3391,43.2183],[6.3392,43.2201],[6.3456,43.2235],[6.3493,43.2238],[6.3466,43.2212]]],[[[6.4366,43.2232],[6.4356,43.227],[6.4417,43.2268],[6.4403,43.2242],[6.4391,43.2242],[6.4389,43.2218],[6.4353,43.2224],[6.4366,43.2232]]],[[[6.4192,43.2321],[6.4172,43.2299],[6.4254,43.2323],[6.4278,43.2322],[6.429,43.2308],[6.4283,43.2276],[6.4215,43.2269],[6.4208,43.2256],[6.4177,43.2257],[6.4154,43.2276],[6.4176,43.2325],[6.4192,43.2321]]],[[[6.4234,43.2372],[6.4243,43.235],[6.422,43.2342],[6.4215,43.2359],[6.4208,43.2355],[6.4166,43.2357],[6.4178,43.2356],[6.416,43.237],[6.4177,43.238],[6.4165,43.2389],[6.4146,43.2367],[6.4136,43.238],[6.4118,43.2376],[6.4098,43.2391],[6.4099,43.2413],[6.4111,43.2413],[6.4103,43.2426],[6.4121,43.2426],[6.4134,43.2439],[6.4165,43.2429],[6.4208,43.2391],[6.4201,43.2374],[6.4234,43.2372]],[[6.4117,43.2408],[6.4117,43.2413],[6.4111,43.2413],[6.4117,43.2408]],[[6.4122,43.239],[6.4135,43.2403],[6.4123,43.2408],[6.411,43.2391],[6.4122,43.239]]],[[[6.3976,43.2463],[6.4008,43.248],[6.4038,43.2474],[6.4052,43.2487],[6.4063,43.2468],[6.4046,43.246],[6.4035,43.247],[6.4034,43.2456],[6.3999,43.2444],[6.3984,43.2399],[6.3898,43.2407],[6.386,43.2386],[6.3799,43.2393],[6.3772,43.2358],[6.3747,43.2359],[6.3733,43.2337],[6.3696,43.2329],[6.3642,43.2354],[6.3626,43.2381],[6.3634,43.2413],[6.3653,43.2416],[6.3651,43.2471],[6.3674,43.2456],[6.3711,43.2455],[6.3731,43.2476],[6.3851,43.2485],[6.389,43.2457],[6.3921,43.2469],[6.3976,43.2463]],[[6.3807,43.2472],[6.3807,43.2477],[6.3801,43.2477],[6.3807,43.2472]]],[[[6.4206,43.2576],[6.4235,43.2561],[6.4234,43.2534],[6.4257,43.2524],[6.4279,43.2483],[6.4266,43.2471],[6.4232,43.2472],[6.4212,43.245],[6.4245,43.2439],[6.4238,43.2423],[6.4201,43.2418],[6.4165,43.2429],[6.4161,43.2465],[6.4204,43.2468],[6.4207,43.2508],[6.4159,43.2519],[6.4169,43.2577],[6.4187,43.2567],[6.4206,43.2576]]],[[[6.3684,43.2685],[6.3665,43.2677],[6.3578,43.2671],[6.3544,43.2618],[6.3549,43.26],[6.3513,43.2611],[6.3481,43.2598],[6.3485,43.2562],[6.344,43.2541],[6.3416,43.2547],[6.3445,43.2609],[6.3435,43.2649],[6.3416,43.2632],[6.3408,43.261],[6.342,43.261],[6.3413,43.2596],[6.3382,43.2597],[6.3366,43.263],[6.3336,43.2635],[6.3337,43.2649],[6.3362,43.2652],[6.3357,43.267],[6.3363,43.267],[6.3364,43.2679],[6.3358,43.2684],[6.3371,43.2701],[6.3386,43.2647],[6.34,43.2669],[6.3399,43.2655],[6.3423,43.2655],[6.3418,43.2664],[6.3443,43.2673],[6.3432,43.2695],[6.3403,43.271],[6.3392,43.2737],[6.3405,43.2745],[6.3407,43.2768],[6.3425,43.2771],[6.342,43.2781],[6.3452,43.2793],[6.3488,43.2791],[6.3529,43.2763],[6.3521,43.2732],[6.3569,43.2712],[6.357,43.273],[6.3558,43.2735],[6.3569,43.2797],[6.3595,43.2819],[6.362,43.2818],[6.3646,43.2844],[6.3645,43.2835],[6.3664,43.2834],[6.3663,43.283],[6.3626,43.2818],[6.3624,43.28],[6.3677,43.2773],[6.3675,43.2751],[6.3656,43.2743],[6.3655,43.2725],[6.3686,43.2712],[6.3736,43.2724],[6.3703,43.2684],[6.369,43.2685],[6.3685,43.2703],[6.3684,43.2685]],[[6.3463,43.2699],[6.3475,43.2703],[6.347,43.2712],[6.3464,43.2712],[6.3463,43.2699]],[[6.3445,43.2718],[6.3452,43.2717],[6.3452,43.2722],[6.3445,43.2718]]],[[[6.334,43.2878],[6.3378,43.2886],[6.3431,43.2933],[6.3429,43.2907],[6.339,43.2885],[6.3395,43.2871],[6.3316,43.2879],[6.3317,43.2892],[6.334,43.2878]]],[[[6.3099,43.6239],[6.3081,43.6253],[6.3056,43.6249],[6.3051,43.6263],[6.3119,43.6256],[6.3104,43.6315],[6.3159,43.6304],[6.3158,43.6283],[6.3206,43.6271],[6.3199,43.6253],[6.3136,43.6233],[6.3099,43.6239]]],[[[6.3915,43.6393],[6.3974,43.6346],[6.3888,43.6353],[6.3889,43.6371],[6.3915,43.6393]]],[[[6.3001,43.6476],[6.315,43.6435],[6.3146,43.6405],[6.3048,43.6403],[6.3032,43.643],[6.2995,43.6441],[6.2982,43.6464],[6.3001,43.6476]]],[[[6.3339,43.6477],[6.3342,43.6527],[6.3367,43.6526],[6.3408,43.6488],[6.3412,43.6466],[6.3339,43.6477]]],[[[6.4332,43.6755],[6.4358,43.6777],[6.4396,43.6784],[6.4438,43.6765],[6.4419,43.6761],[6.4424,43.6747],[6.4411,43.6743],[6.4343,43.6737],[6.4332,43.6755]]],[[[6.2469,43.7076],[6.2496,43.7111],[6.2467,43.7144],[6.247,43.7184],[6.25,43.7174],[6.2539,43.72],[6.2547,43.7108],[6.257,43.71],[6.2565,43.7085],[6.2577,43.7084],[6.2576,43.7099],[6.2602,43.7121],[6.2666,43.7141],[6.2658,43.7114],[6.2681,43.7091],[6.2678,43.7051],[6.2663,43.702],[6.2632,43.7007],[6.263,43.6985],[6.2653,43.6957],[6.2656,43.6916],[6.2725,43.6927],[6.2723,43.6986],[6.2767,43.6993],[6.2773,43.6984],[6.2841,43.6982],[6.2844,43.6946],[6.2891,43.6899],[6.2889,43.6881],[6.2964,43.6878],[6.298,43.6927],[6.2998,43.6922],[6.2997,43.6904],[6.304,43.6907],[6.307,43.6897],[6.31,43.6959],[6.3102,43.6999],[6.3136,43.7038],[6.3153,43.7096],[6.3172,43.7109],[6.3175,43.7149],[6.3136,43.7128],[6.3096,43.7085],[6.3071,43.7086],[6.3072,43.7099],[6.3048,43.7114],[6.3067,43.7117],[6.3076,43.7149],[6.312,43.7169],[6.3129,43.7196],[6.311,43.7197],[6.3099,43.7211],[6.3061,43.7212],[6.3003,43.7183],[6.2903,43.7164],[6.2754,43.7075],[6.2757,43.7124],[6.2777,43.7133],[6.2774,43.7182],[6.2787,43.7186],[6.2788,43.7204],[6.2758,43.7223],[6.2785,43.7254],[6.2759,43.7322],[6.2837,43.7292],[6.2791,43.7335],[6.2829,43.7374],[6.2878,43.7345],[6.2959,43.7351],[6.2976,43.7323],[6.3044,43.7325],[6.305,43.7312],[6.3074,43.7311],[6.3094,43.7323],[6.3125,43.7322],[6.3129,43.7295],[6.3154,43.729],[6.3171,43.7271],[6.3233,43.7264],[6.3232,43.7251],[6.3261,43.7223],[6.3321,43.7203],[6.3368,43.7156],[6.3424,43.7158],[6.3447,43.7139],[6.3457,43.7108],[6.3481,43.7098],[6.3472,43.7048],[6.3495,43.703],[6.3503,43.7056],[6.3509,43.7047],[6.3507,43.7025],[6.3468,43.699],[6.346,43.6797],[6.3485,43.6796],[6.3495,43.685],[6.3514,43.6858],[6.3543,43.683],[6.3574,43.6824],[6.3597,43.6805],[6.3643,43.6835],[6.3686,43.6834],[6.3685,43.6811],[6.3757,43.679],[6.3783,43.6794],[6.3782,43.6785],[6.3819,43.6788],[6.3827,43.6806],[6.3858,43.6805],[6.3955,43.6774],[6.4048,43.6775],[6.406,43.6766],[6.4045,43.6739],[6.4082,43.6733],[6.4087,43.672],[6.4058,43.6662],[6.4039,43.6649],[6.3989,43.6647],[6.3987,43.662],[6.3962,43.6616],[6.3961,43.6607],[6.3894,43.6623],[6.3857,43.662],[6.3849,43.6598],[6.3866,43.6579],[6.3915,43.6568],[6.4045,43.6568],[6.4088,43.6553],[6.4131,43.6556],[6.4167,43.6541],[6.4291,43.6532],[6.4311,43.6554],[6.4355,43.6565],[6.4361,43.6556],[6.4385,43.6555],[6.4378,43.6533],[6.4341,43.6534],[6.437,43.6511],[6.435,43.6498],[6.4295,43.65],[6.4278,43.6523],[6.4247,43.652],[6.4223,43.6534],[6.4203,43.6517],[6.4178,43.6514],[6.4142,43.6537],[6.4063,43.6549],[6.4062,43.654],[6.4031,43.6542],[6.4024,43.6533],[6.4007,43.6462],[6.3994,43.6453],[6.3907,43.6447],[6.3865,43.6476],[6.3813,43.6442],[6.371,43.6477],[6.3663,43.6506],[6.3626,43.6503],[6.3646,43.6533],[6.3637,43.6574],[6.362,43.6593],[6.3577,43.6599],[6.3553,43.6622],[6.3505,43.6633],[6.3523,43.6637],[6.3499,43.6638],[6.3483,43.6675],[6.3433,43.6672],[6.3432,43.6663],[6.3394,43.6651],[6.3333,43.6662],[6.3295,43.665],[6.3275,43.6633],[6.328,43.6615],[6.3267,43.6602],[6.3199,43.6613],[6.3189,43.664],[6.3163,43.6628],[6.3158,43.6637],[6.312,43.6634],[6.3115,43.6652],[6.3135,43.6665],[6.3171,43.6655],[6.3227,43.6657],[6.3253,43.6674],[6.3255,43.6692],[6.328,43.6705],[6.3276,43.6727],[6.3337,43.6725],[6.3338,43.6734],[6.329,43.6749],[6.3264,43.6741],[6.327,43.6732],[6.3226,43.6734],[6.3223,43.6774],[6.318,43.6776],[6.3172,43.6754],[6.3095,43.6716],[6.3052,43.6722],[6.3037,43.6691],[6.302,43.6701],[6.3011,43.675],[6.2998,43.6751],[6.2997,43.6737],[6.2965,43.6716],[6.2873,43.6737],[6.2869,43.6765],[6.2932,43.678],[6.2946,43.6802],[6.2971,43.6801],[6.2972,43.6819],[6.2984,43.6819],[6.2968,43.6847],[6.2887,43.6849],[6.2889,43.6872],[6.287,43.6868],[6.288,43.6827],[6.2829,43.6816],[6.2834,43.6797],[6.2797,43.6794],[6.2742,43.6724],[6.2704,43.6708],[6.27,43.6735],[6.2658,43.6754],[6.2666,43.679],[6.2656,43.6817],[6.2662,43.6826],[6.27,43.6825],[6.2696,43.6856],[6.2678,43.6871],[6.2634,43.6863],[6.2597,43.6869],[6.2582,43.6915],[6.2527,43.693],[6.2547,43.6956],[6.2543,43.6979],[6.2506,43.6985],[6.2507,43.6998],[6.2486,43.7004],[6.2483,43.7017],[6.2516,43.7047],[6.2511,43.7061],[6.2469,43.7076]],[[6.2583,43.708],[6.2583,43.7084],[6.2577,43.7084],[6.2583,43.708]],[[6.3377,43.6755],[6.3382,43.6737],[6.3493,43.6733],[6.3513,43.6754],[6.3377,43.6755]],[[6.2843,43.6833],[6.2861,43.6832],[6.2862,43.6841],[6.2843,43.6838],[6.2843,43.6833]],[[6.2799,43.6821],[6.2798,43.6817],[6.2811,43.6816],[6.2799,43.6821]],[[6.2546,43.7085],[6.2552,43.7085],[6.2553,43.7094],[6.2546,43.7085]],[[6.2532,43.7162],[6.2532,43.7167],[6.2526,43.7167],[6.2532,43.7162]],[[6.2538,43.7171],[6.2532,43.7171],[6.2532,43.7167],[6.2538,43.7171]],[[6.2525,43.7158],[6.2513,43.7163],[6.2511,43.7131],[6.2525,43.7158]]],[[[6.4132,43.6911],[6.4169,43.691],[6.4161,43.6888],[6.4106,43.6899],[6.408,43.6873],[6.403,43.6879],[6.3958,43.6913],[6.3933,43.6986],[6.398,43.6949],[6.4017,43.6952],[6.4034,43.6933],[6.4134,43.6943],[6.4132,43.6911]]],[[[6.2993,43.6936],[6.2926,43.6961],[6.2992,43.7017],[6.3008,43.7066],[6.3075,43.7054],[6.3074,43.7036],[6.2993,43.6936]]],[[[6.399,43.7097],[6.4016,43.7109],[6.4057,43.7072],[6.4018,43.7046],[6.4006,43.7056],[6.4004,43.7033],[6.3979,43.7034],[6.396,43.7017],[6.3905,43.7028],[6.3889,43.7073],[6.3915,43.7082],[6.3926,43.7063],[6.3969,43.7066],[6.3988,43.7074],[6.399,43.7097]]],[[[6.3859,43.7255],[6.392,43.7239],[6.3936,43.7211],[6.3949,43.7211],[6.395,43.7224],[6.3968,43.7219],[6.3997,43.7195],[6.3995,43.7164],[6.4011,43.7127],[6.3981,43.7138],[6.3982,43.716],[6.3946,43.7175],[6.3947,43.7184],[6.3909,43.7172],[6.3951,43.7152],[6.3932,43.7148],[6.3914,43.7158],[6.3897,43.7177],[6.3904,43.7194],[6.3893,43.7213],[6.3881,43.7222],[6.3868,43.7218],[6.384,43.7255],[6.3804,43.727],[6.3805,43.7284],[6.383,43.7283],[6.3849,43.7295],[6.3854,43.7277],[6.3873,43.7286],[6.3879,43.7276],[6.3859,43.7255]]],[[[6.3789,43.723],[6.3758,43.724],[6.3766,43.7267],[6.3791,43.7257],[6.3808,43.7234],[6.38,43.7216],[6.3818,43.7207],[6.3781,43.7204],[6.3789,43.723]]],[[[6.4031,43.7406],[6.3999,43.7393],[6.4003,43.7371],[6.4034,43.7361],[6.4025,43.732],[6.4073,43.7301],[6.411,43.7299],[6.4116,43.729],[6.424,43.729],[6.424,43.7299],[6.4244,43.7258],[6.4299,43.7247],[6.4298,43.7234],[6.4347,43.7232],[6.4346,43.7214],[6.4376,43.7204],[6.4375,43.7186],[6.4406,43.7184],[6.4423,43.717],[6.4428,43.7148],[6.4417,43.7166],[6.4379,43.7154],[6.4336,43.7156],[6.4337,43.7178],[6.4263,43.7176],[6.4227,43.72],[6.4178,43.7202],[6.4154,43.7221],[6.4136,43.7222],[6.4137,43.7244],[6.4082,43.7237],[6.4058,43.7251],[6.4077,43.7269],[6.4066,43.7287],[6.4004,43.7294],[6.3997,43.7276],[6.3971,43.7268],[6.3966,43.7287],[6.4005,43.7312],[6.4006,43.7326],[6.4,43.7317],[6.3931,43.7319],[6.3847,43.7354],[6.3852,43.737],[6.3904,43.7401],[6.395,43.74],[6.3919,43.7428],[6.3975,43.7488],[6.4013,43.7501],[6.403,43.7487],[6.3998,43.7465],[6.3996,43.7438],[6.3952,43.7431],[6.4014,43.7429],[6.4074,43.7409],[6.4067,43.7395],[6.4031,43.7406]]],[[[6.5107,43.3498],[6.5125,43.3479],[6.5114,43.3467],[6.5052,43.347],[6.5005,43.349],[6.5048,43.3492],[6.5087,43.3518],[6.507,43.3541],[6.5077,43.355],[6.5126,43.3543],[6.5123,43.3508],[6.5152,43.3524],[6.518,43.3523],[6.5185,43.3514],[6.5178,43.3501],[6.5107,43.3498]]],[[[6.6339,43.3532],[6.6394,43.3518],[6.6397,43.3505],[6.6294,43.3535],[6.6283,43.3561],[6.6307,43.3544],[6.6328,43.355],[6.6339,43.3532]]],[[[6.4993,43.358],[6.4986,43.3574],[6.4937,43.3582],[6.4936,43.3569],[6.4917,43.3565],[6.4928,43.3589],[6.4916,43.3597],[6.4951,43.3604],[6.4993,43.358]]],[[[6.6392,43.3617],[6.6361,43.3614],[6.6345,43.3603],[6.6343,43.3626],[6.638,43.3627],[6.6358,43.3675],[6.6388,43.3658],[6.6393,43.3635],[6.6431,43.3648],[6.6468,43.3646],[6.6481,43.3659],[6.6487,43.3688],[6.6465,43.3698],[6.6473,43.3723],[6.6455,43.3732],[6.6466,43.3743],[6.6433,43.3775],[6.6447,43.38],[6.6494,43.3777],[6.6485,43.3731],[6.6514,43.3721],[6.6497,43.3713],[6.6521,43.3712],[6.6514,43.369],[6.6495,43.369],[6.6495,43.3681],[6.6537,43.3662],[6.6491,43.3628],[6.6408,43.3619],[6.6397,43.3608],[6.6392,43.3617]],[[6.6508,43.3694],[6.6509,43.3708],[6.6496,43.3704],[6.6496,43.3695],[6.6508,43.3694]]],[[[6.6178,43.3751],[6.6191,43.3755],[6.6208,43.3736],[6.6209,43.3754],[6.6227,43.3744],[6.6234,43.3762],[6.6253,43.3762],[6.6263,43.3734],[6.6232,43.3731],[6.6236,43.3698],[6.6216,43.3672],[6.6196,43.3672],[6.6184,43.3686],[6.6197,43.369],[6.6201,43.3727],[6.6178,43.3751]]],[[[6.51,43.3787],[6.5089,43.3797],[6.5082,43.3793],[6.5097,43.3824],[6.5116,43.3832],[6.5152,43.3817],[6.51,43.3787]]],[[[6.6199,43.3879],[6.6231,43.3906],[6.6213,43.3921],[6.6213,43.3907],[6.6208,43.3915],[6.6157,43.3913],[6.615,43.3896],[6.6132,43.3896],[6.6133,43.3904],[6.612,43.39],[6.6115,43.3924],[6.6133,43.3923],[6.614,43.3936],[6.6214,43.3925],[6.6227,43.3934],[6.6232,43.392],[6.6299,43.3904],[6.6294,43.3921],[6.6314,43.3929],[6.6323,43.3894],[6.6343,43.3903],[6.636,43.3895],[6.6347,43.388],[6.6372,43.3886],[6.6382,43.3847],[6.6481,43.385],[6.651,43.3835],[6.6467,43.3826],[6.6453,43.3809],[6.6392,43.382],[6.6389,43.3784],[6.6369,43.3767],[6.6346,43.3767],[6.6344,43.3736],[6.6325,43.3737],[6.6324,43.371],[6.6311,43.371],[6.6323,43.3699],[6.6296,43.3695],[6.6298,43.3713],[6.6285,43.3714],[6.6296,43.3756],[6.6278,43.377],[6.6204,43.3768],[6.6174,43.3782],[6.6174,43.3791],[6.6205,43.3795],[6.623,43.3785],[6.6224,43.3794],[6.6243,43.3802],[6.6266,43.3775],[6.6304,43.3782],[6.6311,43.3809],[6.6294,43.3828],[6.6331,43.3827],[6.6326,43.3849],[6.629,43.3859],[6.6291,43.3873],[6.6272,43.3874],[6.6246,43.3856],[6.6238,43.3821],[6.6227,43.3835],[6.6183,43.3836],[6.6191,43.3858],[6.6203,43.3858],[6.6199,43.3879]],[[6.6299,43.3715],[6.6299,43.3706],[6.6311,43.371],[6.6299,43.3715]],[[6.6448,43.3827],[6.6442,43.3827],[6.6442,43.3823],[6.6448,43.3827]],[[6.6455,43.3831],[6.6449,43.3832],[6.6448,43.3827],[6.6455,43.3831]],[[6.6356,43.3826],[6.6343,43.3826],[6.6343,43.3822],[6.6356,43.3826]],[[6.6353,43.379],[6.6336,43.3804],[6.6334,43.3777],[6.6346,43.3776],[6.6353,43.379]],[[6.633,43.3813],[6.6324,43.3813],[6.6324,43.3809],[6.633,43.3813]]],[[[6.6282,43.3995],[6.6249,43.3976],[6.6232,43.399],[6.6241,43.4026],[6.6281,43.4007],[6.6268,43.4],[6.6282,43.3995]],[[6.6262,43.4004],[6.6262,43.4],[6.6268,43.4],[6.6262,43.4004]]],[[[6.645,43.4022],[6.6443,43.4014],[6.6425,43.4014],[6.6426,43.4028],[6.6401,43.4029],[6.6383,43.4059],[6.6326,43.4043],[6.6304,43.4053],[6.639,43.4072],[6.6405,43.4119],[6.6424,43.413],[6.6418,43.4087],[6.6446,43.4081],[6.645,43.4049],[6.6431,43.4035],[6.6436,43.4021],[6.645,43.4022]]],[[[6.6123,43.4103],[6.6141,43.4139],[6.6115,43.4162],[6.6158,43.4155],[6.6184,43.4136],[6.6183,43.4124],[6.6151,43.4103],[6.6123,43.4103]]],[[[6.8753,43.4576],[6.8758,43.4639],[6.8769,43.4638],[6.8772,43.4597],[6.8785,43.4606],[6.8828,43.46],[6.8753,43.4576]]],[[[6.8676,43.5556],[6.8744,43.5548],[6.8748,43.5526],[6.8717,43.5518],[6.8712,43.5532],[6.8681,43.5538],[6.8676,43.5556]]],[[[6.8912,43.5564],[6.891,43.5543],[6.8882,43.5529],[6.8848,43.5541],[6.8868,43.5552],[6.8871,43.5588],[6.8889,43.5587],[6.8912,43.5564]]],[[[6.6154,43.5832],[6.6142,43.5828],[6.6108,43.5874],[6.6127,43.5894],[6.6164,43.589],[6.6149,43.5861],[6.6154,43.5832]]],[[[6.6156,43.5958],[6.6145,43.5981],[6.6128,43.5995],[6.6152,43.5994],[6.6179,43.602],[6.6189,43.5993],[6.6177,43.5899],[6.6143,43.5945],[6.6156,43.5958]],[[6.6158,43.598],[6.6175,43.5962],[6.6176,43.598],[6.6158,43.598]]],[[[6.6322,43.6039],[6.6355,43.6042],[6.6349,43.6065],[6.637,43.6082],[6.6387,43.6072],[6.6384,43.6036],[6.6365,43.6032],[6.6377,43.6001],[6.6363,43.6001],[6.6355,43.5969],[6.633,43.5958],[6.6318,43.5967],[6.6322,43.6039]]],[[[6.6156,43.6109],[6.617,43.6135],[6.6212,43.615],[6.6226,43.6176],[6.6259,43.6108],[6.6221,43.6095],[6.6213,43.6073],[6.617,43.6084],[6.6157,43.607],[6.62,43.6062],[6.6224,43.6025],[6.6237,43.6033],[6.6267,43.6028],[6.6288,43.5981],[6.6263,43.5974],[6.6234,43.6018],[6.6216,43.6014],[6.6198,43.6024],[6.6205,43.6046],[6.6193,43.6056],[6.6186,43.6042],[6.6137,43.604],[6.6123,43.6018],[6.6098,43.6018],[6.611,43.5914],[6.6091,43.5913],[6.6088,43.5956],[6.607,43.5974],[6.6081,43.6017],[6.6064,43.604],[6.6015,43.6056],[6.5998,43.6074],[6.6068,43.6099],[6.6091,43.6098],[6.6084,43.6086],[6.6151,43.6075],[6.6136,43.61],[6.6156,43.6109]],[[6.6241,43.6126],[6.6241,43.6122],[6.6247,43.6121],[6.6241,43.6126]],[[6.623,43.614],[6.6205,43.6141],[6.6223,43.6127],[6.6235,43.6126],[6.623,43.614]]],[[[6.6365,43.6096],[6.6338,43.6082],[6.6339,43.61],[6.6395,43.6158],[6.6414,43.6121],[6.6409,43.6094],[6.6365,43.6096]],[[6.6408,43.6112],[6.6401,43.6112],[6.6401,43.6107],[6.6408,43.6112]]],[[[6.4569,43.6265],[6.4587,43.6251],[6.4565,43.6211],[6.4523,43.6226],[6.4491,43.6218],[6.448,43.6237],[6.4506,43.6245],[6.4507,43.6263],[6.4537,43.6257],[6.4569,43.6265]]],[[[6.6074,43.6589],[6.6071,43.6553],[6.601,43.6569],[6.5982,43.6597],[6.6043,43.6615],[6.6056,43.663],[6.607,43.6625],[6.6085,43.6656],[6.614,43.6649],[6.6226,43.6628],[6.6215,43.657],[6.6221,43.6561],[6.6239,43.6564],[6.6232,43.6542],[6.6189,43.6548],[6.6202,43.6561],[6.6205,43.6602],[6.6169,43.6612],[6.617,43.6635],[6.6133,43.6636],[6.6125,43.6614],[6.6094,43.6606],[6.6099,43.6592],[6.6074,43.6589]]],[[[6.4764,43.673],[6.4795,43.6733],[6.4775,43.6711],[6.4773,43.668],[6.4792,43.6693],[6.4795,43.6648],[6.4769,43.6626],[6.4715,43.666],[6.4684,43.6652],[6.4684,43.6661],[6.4653,43.6658],[6.4592,43.6675],[6.4608,43.6684],[6.4587,43.6683],[6.4583,43.6694],[6.4595,43.6689],[6.4602,43.6702],[6.4626,43.6683],[6.4635,43.6719],[6.4647,43.6723],[6.4655,43.6754],[6.4658,43.6729],[6.4695,43.6719],[6.475,43.6717],[6.4764,43.673]],[[6.4632,43.6679],[6.4632,43.6683],[6.4626,43.6683],[6.4632,43.6679]],[[6.4645,43.6683],[6.4652,43.67],[6.4633,43.6701],[6.4645,43.6683]]],[[[6.4841,43.6763],[6.4852,43.6744],[6.4826,43.6732],[6.4818,43.671],[6.4811,43.6697],[6.4805,43.6697],[6.4794,43.6724],[6.4814,43.6732],[6.4814,43.6741],[6.4802,43.6742],[6.4802,43.6746],[6.4816,43.6759],[6.4841,43.6763]]],[[[6.4924,43.68],[6.4864,43.6825],[6.4852,43.6839],[6.486,43.6866],[6.4879,43.6865],[6.489,43.6842],[6.4927,43.6845],[6.4982,43.6825],[6.4997,43.6788],[6.5027,43.6774],[6.5059,43.6764],[6.5095,43.6771],[6.5075,43.6745],[6.5077,43.6686],[6.5157,43.6688],[6.5161,43.6697],[6.5183,43.6665],[6.5199,43.6668],[6.5198,43.6655],[6.5168,43.6656],[6.5148,43.6643],[6.5117,43.6644],[6.5081,43.6664],[6.5044,43.6665],[6.5052,43.6687],[6.5029,43.6706],[6.5031,43.6733],[6.5019,43.6743],[6.4964,43.6749],[6.4924,43.68]]],[[[6.483,43.687],[6.4827,43.6835],[6.4789,43.6823],[6.4807,43.6814],[6.4811,43.6787],[6.48,43.6796],[6.4756,43.6789],[6.4719,43.6795],[6.4695,43.6809],[6.4696,43.6822],[6.4642,43.6842],[6.4684,43.6913],[6.4746,43.6906],[6.4751,43.6892],[6.4782,43.6896],[6.4799,43.6873],[6.483,43.687]]],[[[6.6304,43.6917],[6.6328,43.6912],[6.6338,43.6885],[6.6313,43.6881],[6.6311,43.6859],[6.6275,43.6869],[6.6276,43.6891],[6.6308,43.6904],[6.6304,43.6917]]],[[[6.48,43.6967],[6.4762,43.6968],[6.4749,43.696],[6.4744,43.6969],[6.4719,43.697],[6.4727,43.6997],[6.4759,43.7005],[6.4764,43.6995],[6.4795,43.6994],[6.48,43.6967]]],[[[6.4651,43.7054],[6.4675,43.7039],[6.4679,43.7021],[6.4698,43.702],[6.4713,43.6975],[6.4681,43.6958],[6.4686,43.6935],[6.4673,43.6931],[6.4637,43.6946],[6.4638,43.6964],[6.4582,43.6962],[6.4552,43.6972],[6.4559,43.699],[6.4479,43.6997],[6.4463,43.7029],[6.4461,43.7092],[6.4481,43.7105],[6.4506,43.7104],[6.4517,43.7086],[6.4583,43.7092],[6.4601,43.7056],[6.4651,43.7054]]],[[[6.7702,43.7037],[6.7683,43.7037],[6.7661,43.7065],[6.7658,43.711],[6.7672,43.7128],[6.7677,43.7096],[6.7745,43.7041],[6.7728,43.6999],[6.7726,43.6978],[6.7738,43.6968],[6.7733,43.6962],[6.7694,43.701],[6.7702,43.7037]]],[[[6.5295,43.738],[6.5297,43.7398],[6.5383,43.7395],[6.5368,43.7364],[6.5381,43.7363],[6.5391,43.7331],[6.5348,43.7337],[6.535,43.7364],[6.5295,43.738]]],[[[6.5791,43.7536],[6.5688,43.7486],[6.5657,43.7501],[6.5648,43.7533],[6.5628,43.7534],[6.5621,43.752],[6.5573,43.7527],[6.5578,43.7509],[6.556,43.7514],[6.5553,43.7505],[6.5535,43.7515],[6.5524,43.7542],[6.5549,43.755],[6.5554,43.7541],[6.5586,43.7557],[6.5612,43.7552],[6.5612,43.7557],[6.5606,43.7557],[6.5607,43.7561],[6.5632,43.7569],[6.5627,43.7583],[6.567,43.7581],[6.5677,43.7595],[6.5706,43.7567],[6.5756,43.7565],[6.5768,43.7579],[6.5747,43.761],[6.579,43.7608],[6.5791,43.7617],[6.5803,43.7617],[6.579,43.7599],[6.5791,43.7536]],[[6.5688,43.75],[6.5689,43.7505],[6.5682,43.7505],[6.5688,43.75]]],[[[6.5821,43.7612],[6.5864,43.7596],[6.5926,43.7594],[6.5925,43.7585],[6.5863,43.7587],[6.5831,43.7566],[6.5812,43.7571],[6.5821,43.7612]]]]}},{"type":"Feature","properties":{"d":"84","km2":55.3,"n":43},"geometry":{"type":"MultiPolygon","coordinates":[[[[5.1701,43.7771],[5.1725,43.7761],[5.1744,43.777],[5.1746,43.7797],[5.1776,43.7792],[5.1772,43.7832],[5.1785,43.7832],[5.1796,43.7818],[5.1788,43.7764],[5.1844,43.7767],[5.1909,43.7716],[5.1902,43.7703],[5.1858,43.7691],[5.179,43.7692],[5.1784,43.7701],[5.1772,43.7702],[5.1766,43.7702],[5.1766,43.7697],[5.1741,43.7703],[5.1716,43.7694],[5.1667,43.7714],[5.1662,43.7732],[5.1643,43.7732],[5.1631,43.7746],[5.1588,43.7752],[5.1588,43.7743],[5.1557,43.7743],[5.1544,43.773],[5.1507,43.774],[5.1514,43.7749],[5.1482,43.7745],[5.1458,43.7755],[5.1472,43.7786],[5.149,43.7781],[5.1491,43.779],[5.1509,43.779],[5.1534,43.778],[5.1577,43.7783],[5.1596,43.7774],[5.1627,43.7778],[5.1694,43.7762],[5.1701,43.7771]]],[[[5.2539,43.7892],[5.2518,43.7893],[5.2529,43.7866],[5.2488,43.7867],[5.2495,43.7876],[5.2477,43.7894],[5.249,43.7908],[5.2521,43.7907],[5.2516,43.792],[5.254,43.7915],[5.2539,43.7892]]],[[[5.1194,43.8202],[5.1176,43.8207],[5.1177,43.8234],[5.1195,43.8234],[5.1202,43.8257],[5.1252,43.8277],[5.1271,43.8273],[5.127,43.8264],[5.1309,43.8267],[5.1338,43.8248],[5.1294,43.8236],[5.129,43.8254],[5.1253,43.8264],[5.1216,43.8256],[5.1202,43.8225],[5.1188,43.8221],[5.1194,43.8202]]],[[[5.1811,43.9361],[5.1791,43.9352],[5.1797,43.9329],[5.1753,43.9312],[5.1736,43.9349],[5.1793,43.9361],[5.1793,43.9374],[5.1806,43.9374],[5.1811,43.9361]]],[[[5.1839,43.9292],[5.1847,43.9323],[5.1867,43.935],[5.1879,43.935],[5.1894,43.939],[5.1919,43.9394],[5.1913,43.9403],[5.1939,43.9416],[5.1939,43.9429],[5.1983,43.9423],[5.1977,43.9433],[5.2025,43.9463],[5.2018,43.9442],[5.2034,43.9449],[5.2032,43.9424],[5.1994,43.9402],[5.1986,43.9411],[5.1973,43.9407],[5.1972,43.9385],[5.1994,43.9398],[5.196,43.9343],[5.1953,43.9354],[5.1921,43.935],[5.1913,43.9309],[5.1881,43.9273],[5.1839,43.9292]],[[5.1955,43.9412],[5.1961,43.9407],[5.1961,43.9412],[5.1955,43.9412]]],[[[5.1831,43.9432],[5.1831,43.9446],[5.176,43.9447],[5.1731,43.9434],[5.1719,43.9448],[5.1707,43.9439],[5.1705,43.9408],[5.1677,43.9409],[5.1669,43.9445],[5.1653,43.9432],[5.1609,43.9429],[5.1571,43.9412],[5.1617,43.9455],[5.1581,43.9483],[5.1588,43.9501],[5.1557,43.9502],[5.1557,43.9511],[5.1582,43.9506],[5.1577,43.9537],[5.1609,43.9541],[5.1638,43.9513],[5.1657,43.9513],[5.1658,43.9522],[5.1695,43.9516],[5.1696,43.9552],[5.1672,43.9562],[5.1685,43.9566],[5.1709,43.9552],[5.1765,43.9555],[5.1785,43.9537],[5.1814,43.9545],[5.1814,43.9531],[5.1832,43.9526],[5.1824,43.9491],[5.1797,43.9455],[5.186,43.9454],[5.1856,43.9427],[5.1831,43.9432]],[[5.1735,43.9538],[5.176,43.9528],[5.1754,43.9542],[5.1742,43.9547],[5.1735,43.9538]],[[5.1727,43.9484],[5.1726,43.9462],[5.1758,43.9479],[5.1746,43.9493],[5.1727,43.9484]],[[5.1723,43.9534],[5.1723,43.9543],[5.1716,43.9534],[5.1723,43.9534]],[[5.1658,43.9458],[5.1658,43.9476],[5.1633,43.9459],[5.1658,43.9458]]],[[[5.1828,43.9684],[5.1858,43.967],[5.186,43.9705],[5.1897,43.9709],[5.1898,43.9718],[5.1972,43.9712],[5.199,43.9698],[5.2009,43.9702],[5.2013,43.9665],[5.1989,43.9654],[5.1994,43.9627],[5.1982,43.9637],[5.1957,43.9633],[5.1981,43.9605],[5.198,43.9581],[5.1961,43.9574],[5.1973,43.9574],[5.1981,43.9518],[5.1949,43.9505],[5.1957,43.9532],[5.1938,43.9532],[5.1904,43.9562],[5.1892,43.9562],[5.1895,43.9534],[5.1839,43.954],[5.1842,43.9549],[5.186,43.9549],[5.1856,43.9585],[5.1818,43.9572],[5.1761,43.96],[5.173,43.9601],[5.1712,43.9619],[5.1694,43.962],[5.1702,43.9638],[5.1678,43.9665],[5.1676,43.9629],[5.1658,43.9639],[5.1654,43.9684],[5.1691,43.9674],[5.1698,43.9692],[5.1741,43.9682],[5.1759,43.9691],[5.1828,43.9684]],[[5.1924,43.9584],[5.193,43.9584],[5.1918,43.9593],[5.1924,43.9584]],[[5.1877,43.967],[5.1878,43.9675],[5.1871,43.967],[5.1877,43.967]],[[5.1865,43.9675],[5.1871,43.9675],[5.1865,43.9679],[5.1865,43.9675]],[[5.1782,43.9623],[5.1801,43.9622],[5.18,43.9609],[5.1788,43.9609],[5.1818,43.9586],[5.1825,43.9613],[5.1814,43.964],[5.1783,43.9641],[5.1782,43.9623]],[[5.1821,43.9667],[5.1821,43.9671],[5.1803,43.9667],[5.1821,43.9667]],[[5.1727,43.9642],[5.1728,43.9673],[5.1703,43.9665],[5.1727,43.9642]]],[[[5.2266,43.9848],[5.2277,43.9847],[5.2283,43.9833],[5.227,43.9824],[5.2294,43.981],[5.2258,43.9821],[5.2257,43.9807],[5.2232,43.9803],[5.2231,43.9794],[5.2256,43.9789],[5.2212,43.9782],[5.2207,43.9803],[5.2157,43.9804],[5.2156,43.9791],[5.2138,43.9786],[5.2069,43.9792],[5.21,43.9774],[5.2131,43.9773],[5.2111,43.9755],[5.2086,43.9753],[5.2081,43.9776],[5.2056,43.9777],[5.207,43.9803],[5.2126,43.9805],[5.2171,43.9828],[5.2202,43.9822],[5.2209,43.9836],[5.2253,43.9835],[5.2266,43.9848]]],[[[5.169,43.9804],[5.1671,43.9782],[5.1658,43.9783],[5.1627,43.9784],[5.1621,43.9779],[5.1596,43.9784],[5.1571,43.978],[5.1546,43.9786],[5.1534,43.9808],[5.1504,43.9823],[5.1486,43.9823],[5.1487,43.9841],[5.1469,43.9855],[5.1493,43.985],[5.15,43.9863],[5.1525,43.9863],[5.158,43.9848],[5.1572,43.9812],[5.159,43.9811],[5.1595,43.9793],[5.1627,43.981],[5.169,43.9822],[5.1704,43.9835],[5.1748,43.9834],[5.1755,43.9843],[5.1767,43.9834],[5.1766,43.9825],[5.169,43.9804]]],[[[5.199,43.9852],[5.2014,43.9825],[5.2065,43.9824],[5.2046,43.9818],[5.2003,43.9819],[5.1979,43.9837],[5.2006,43.9882],[5.2035,43.9883],[5.2061,43.9867],[5.2075,43.9893],[5.2107,43.9906],[5.213,43.9877],[5.2104,43.9877],[5.2102,43.9848],[5.2091,43.9848],[5.209,43.9848],[5.2078,43.9864],[5.2053,43.986],[5.204,43.9842],[5.2021,43.9847],[5.2022,43.9861],[5.199,43.9852]]],[[[5.2568,43.9921],[5.2588,43.9929],[5.2612,43.9919],[5.2603,43.9894],[5.2561,43.9898],[5.2568,43.9921]]],[[[5.1593,43.9969],[5.1598,43.9955],[5.1558,43.9965],[5.1525,43.9983],[5.1525,43.9984],[5.1525,43.9989],[5.1507,43.9993],[5.1513,44.0001],[5.1538,43.9993],[5.1563,44.0001],[5.1594,43.9996],[5.1613,44.0013],[5.1638,44.0008],[5.1625,43.9999],[5.1631,43.9981],[5.1593,43.9969]]],[[[5.279,44.0099],[5.2771,44.01],[5.2753,44.0118],[5.2734,44.0114],[5.2741,44.0132],[5.2729,44.0128],[5.2729,44.0141],[5.2773,44.0149],[5.2794,44.0175],[5.2824,44.017],[5.2837,44.0179],[5.2832,44.0192],[5.2851,44.0196],[5.2852,44.0223],[5.2877,44.0218],[5.2872,44.0241],[5.2904,44.0253],[5.2904,44.0267],[5.2899,44.0281],[5.2867,44.0277],[5.2869,44.0304],[5.2914,44.033],[5.2887,44.0285],[5.2937,44.0289],[5.2942,44.0279],[5.291,44.0262],[5.2929,44.0257],[5.2928,44.0216],[5.2872,44.0217],[5.2871,44.0199],[5.2896,44.0203],[5.2915,44.0198],[5.2864,44.0168],[5.2869,44.015],[5.29,44.0141],[5.2879,44.0142],[5.2885,44.0128],[5.2865,44.0114],[5.2847,44.0116],[5.2851,44.0159],[5.2805,44.0162],[5.2809,44.0121],[5.2796,44.0099],[5.279,44.0099]],[[5.2879,44.023],[5.2878,44.0226],[5.2885,44.023],[5.2879,44.023]],[[5.2799,44.0115],[5.28,44.0137],[5.2768,44.012],[5.2799,44.0115]]],[[[5.2565,44.0344],[5.2634,44.0339],[5.2627,44.0326],[5.257,44.0321],[5.2563,44.0308],[5.2532,44.0308],[5.2527,44.0327],[5.2546,44.034],[5.2565,44.0339],[5.2565,44.0344]]],[[[5.187,44.1779],[5.1863,44.1752],[5.1843,44.1739],[5.1794,44.1749],[5.1795,44.1776],[5.1821,44.178],[5.1827,44.1794],[5.194,44.1795],[5.1927,44.1777],[5.187,44.1779]]],[[[5.4153,43.8118],[5.4196,43.8112],[5.418,43.8105],[5.4179,43.8087],[5.4195,43.8091],[5.4188,43.8082],[5.4126,43.8078],[5.4134,43.8105],[5.4153,43.8118]]],[[[5.3314,43.9645],[5.3335,43.9644],[5.3336,43.9666],[5.3348,43.9653],[5.3361,43.9701],[5.3385,43.9696],[5.3412,43.9722],[5.3435,43.9686],[5.3428,43.9674],[5.337,43.9651],[5.3375,43.9626],[5.3346,43.9617],[5.3341,43.9631],[5.3331,43.9603],[5.3314,43.9645]]],[[[5.3981,43.9887],[5.3962,43.9879],[5.3956,43.9888],[5.3942,43.9861],[5.3892,43.9862],[5.3898,43.9853],[5.3885,43.9844],[5.3873,43.9849],[5.3865,43.9822],[5.3846,43.9809],[5.3847,43.9827],[5.3823,43.9841],[5.3824,43.9855],[5.3861,43.9854],[5.3869,43.9894],[5.3901,43.9898],[5.3943,43.9883],[5.3969,43.9896],[5.4044,43.9894],[5.4029,43.9858],[5.403,43.9867],[5.3968,43.9869],[5.3981,43.9887]],[[5.3848,43.9841],[5.3854,43.9845],[5.3848,43.9845],[5.3848,43.9841]]],[[[5.283,43.9918],[5.2831,43.9932],[5.2888,43.9952],[5.2919,43.9947],[5.2924,44.0041],[5.2949,44.0041],[5.2976,44.0081],[5.2994,44.0076],[5.3009,44.012],[5.3055,44.0114],[5.3048,44.0105],[5.3061,44.0114],[5.3092,44.0109],[5.3094,44.0149],[5.3158,44.0197],[5.3153,44.0233],[5.3158,44.0233],[5.3159,44.0251],[5.316,44.0264],[5.3167,44.0282],[5.3155,44.0287],[5.3156,44.0314],[5.3211,44.0299],[5.321,44.0281],[5.3165,44.0251],[5.3164,44.0228],[5.3215,44.024],[5.3215,44.0258],[5.3266,44.0275],[5.33,44.0315],[5.3343,44.0304],[5.3336,44.0288],[5.3299,44.0285],[5.3298,44.0276],[5.3335,44.0266],[5.3336,44.0179],[5.3361,44.0173],[5.3398,44.0177],[5.34,44.0204],[5.3412,44.0204],[5.341,44.0172],[5.3442,44.0171],[5.3506,44.0214],[5.3514,44.0246],[5.3527,44.0245],[5.3518,44.021],[5.3537,44.0209],[5.3549,44.0195],[5.3541,44.0168],[5.3566,44.0168],[5.3607,44.0239],[5.3633,44.0247],[5.364,44.0269],[5.3659,44.0264],[5.3655,44.0197],[5.3673,44.0178],[5.3655,44.0151],[5.3665,44.0155],[5.3667,44.0137],[5.3689,44.0132],[5.3653,44.0097],[5.3659,44.0088],[5.3684,44.0092],[5.3683,44.0078],[5.3696,44.0078],[5.3731,44.01],[5.3774,44.0095],[5.3796,44.0035],[5.3777,44.004],[5.3764,44.0023],[5.3714,44.0029],[5.3707,44.0002],[5.3731,43.9992],[5.3805,43.9999],[5.3818,43.9981],[5.381,43.9959],[5.3823,43.9963],[5.3816,43.9949],[5.3791,43.995],[5.3739,43.9911],[5.3689,43.9903],[5.365,43.9867],[5.3612,43.9864],[5.3612,43.9873],[5.3581,43.987],[5.357,43.9892],[5.3627,43.9905],[5.3628,43.9923],[5.3597,43.9924],[5.3612,43.9969],[5.3594,43.9983],[5.3568,43.9979],[5.3566,43.9959],[5.3497,43.9927],[5.3489,43.9882],[5.35,43.9862],[5.3486,43.9839],[5.3461,43.9835],[5.3461,43.9826],[5.3492,43.9823],[5.3485,43.9808],[5.3497,43.9812],[5.3496,43.9796],[5.3515,43.9796],[5.3508,43.9778],[5.3483,43.9754],[5.3469,43.9757],[5.3463,43.9743],[5.3438,43.9744],[5.3431,43.9735],[5.3412,43.9736],[5.3401,43.9751],[5.3435,43.9795],[5.3417,43.9814],[5.3448,43.9813],[5.3448,43.9827],[5.3411,43.9832],[5.3411,43.9818],[5.3399,43.9828],[5.3385,43.9814],[5.3368,43.9836],[5.3349,43.9836],[5.3323,43.9815],[5.3329,43.9801],[5.3285,43.9793],[5.3276,43.9865],[5.3213,43.9868],[5.3163,43.9851],[5.3143,43.9829],[5.3067,43.9808],[5.3055,43.9817],[5.3087,43.9839],[5.3082,43.9848],[5.3107,43.9874],[5.3102,43.9888],[5.3071,43.988],[5.3065,43.9898],[5.3023,43.9913],[5.2991,43.9891],[5.296,43.9897],[5.2939,43.9873],[5.2927,43.9878],[5.2932,43.9847],[5.2958,43.986],[5.2963,43.9842],[5.2944,43.9842],[5.2937,43.9828],[5.2974,43.982],[5.2947,43.978],[5.2947,43.9766],[5.2946,43.9762],[5.2964,43.9743],[5.2964,43.9734],[5.2963,43.9726],[5.2944,43.9717],[5.2907,43.9723],[5.2902,43.9736],[5.2927,43.9753],[5.2928,43.9767],[5.2904,43.9777],[5.2911,43.9794],[5.2898,43.9795],[5.2894,43.9826],[5.2864,43.9845],[5.2826,43.9842],[5.2848,43.9909],[5.283,43.9918]],[[5.3673,44.0128],[5.3673,44.0132],[5.3667,44.0128],[5.3673,44.0128]],[[5.3621,44.0075],[5.3626,44.0061],[5.3652,44.007],[5.3652,44.0088],[5.3621,44.0075]],[[5.3649,44.0151],[5.3636,44.0151],[5.3597,44.0112],[5.3616,44.0116],[5.3628,44.0106],[5.3649,44.0151]],[[5.3596,44.0071],[5.3591,44.0098],[5.3577,44.008],[5.3596,44.0071]],[[5.3425,43.9859],[5.3424,43.9845],[5.3449,43.984],[5.345,43.9872],[5.3425,43.9859]],[[5.3441,43.98],[5.3447,43.98],[5.3441,43.9809],[5.3441,43.98]],[[5.344,43.9782],[5.3447,43.9782],[5.344,43.9786],[5.344,43.9782]],[[5.343,43.9832],[5.3442,43.9831],[5.343,43.9836],[5.343,43.9832]],[[5.3367,44.0121],[5.3372,44.0089],[5.3384,44.0089],[5.3397,44.0102],[5.3392,44.0116],[5.3367,44.0121]],[[5.3368,43.9986],[5.3374,43.9986],[5.3368,43.999],[5.3368,43.9986]],[[5.3234,44.0079],[5.3272,44.0078],[5.3272,44.0096],[5.3247,44.0083],[5.3223,44.0102],[5.3185,44.0093],[5.3146,44.0067],[5.3152,44.0054],[5.3183,44.0044],[5.3227,44.0056],[5.3234,44.0079]],[[5.325,44.0151],[5.3249,44.0133],[5.3268,44.0137],[5.3269,44.0159],[5.325,44.0151]],[[5.3228,43.9917],[5.3234,43.9917],[5.3228,43.9921],[5.3228,43.9917]],[[5.3199,44.0125],[5.3198,44.0116],[5.3229,44.0115],[5.323,44.0128],[5.3199,44.0125]],[[5.3077,43.9902],[5.3071,43.9902],[5.3077,43.9898],[5.3077,43.9902]],[[5.3029,44.0088],[5.3035,44.0088],[5.3029,44.0092],[5.3029,44.0088]],[[5.291,43.9784],[5.291,43.978],[5.2917,43.9784],[5.291,43.9784]],[[5.2929,43.9788],[5.2917,43.9788],[5.2917,43.9784],[5.2929,43.9788]],[[5.2922,43.9914],[5.2928,43.9914],[5.2922,43.9928],[5.2922,43.9914]]],[[[5.3994,44.0012],[5.3982,44.0012],[5.3987,43.9995],[5.3937,43.9991],[5.3936,43.9978],[5.3897,43.9961],[5.3902,43.9947],[5.3866,43.9944],[5.3872,43.9952],[5.3848,43.9966],[5.3862,43.9989],[5.3887,43.9988],[5.3894,44.0006],[5.3938,44.0013],[5.3958,44.0031],[5.3943,44.0103],[5.3959,44.0062],[5.399,44.0057],[5.4008,44.0034],[5.3995,44.003],[5.3994,44.0012]]],[[[5.3779,44.018],[5.378,44.0202],[5.38,44.0224],[5.383,44.0205],[5.3829,44.0192],[5.3779,44.018]]],[[[5.3152,44.0351],[5.317,44.0345],[5.3157,44.0336],[5.3126,44.0342],[5.312,44.0333],[5.309,44.0352],[5.3108,44.0356],[5.311,44.0378],[5.3159,44.0368],[5.3152,44.0351]]],[[[5.3077,44.0352],[5.3039,44.0335],[5.3034,44.0371],[5.3057,44.038],[5.3077,44.0352]]],[[[5.3386,44.0416],[5.3351,44.0453],[5.3395,44.0469],[5.34,44.044],[5.338,44.0436],[5.3386,44.0416]]],[[[5.3301,44.0454],[5.3265,44.0482],[5.3282,44.0487],[5.326,44.0505],[5.3261,44.0536],[5.3318,44.0539],[5.3346,44.0482],[5.3306,44.0469],[5.3306,44.0455],[5.3339,44.0468],[5.3338,44.0453],[5.3301,44.0454]]],[[[5.3657,44.0584],[5.3638,44.058],[5.3631,44.0562],[5.3581,44.0572],[5.3622,44.063],[5.3653,44.0624],[5.3657,44.0584]]],[[[5.2929,44.0613],[5.2954,44.0616],[5.2955,44.0634],[5.2961,44.0634],[5.2961,44.0639],[5.2974,44.0638],[5.2974,44.0643],[5.298,44.0643],[5.2974,44.0656],[5.2993,44.0656],[5.2994,44.0678],[5.3021,44.0678],[5.304,44.0709],[5.3058,44.0695],[5.3132,44.0693],[5.3147,44.0684],[5.3164,44.0696],[5.3188,44.0691],[5.3183,44.07],[5.3202,44.0709],[5.3198,44.0763],[5.3255,44.0743],[5.3235,44.0712],[5.3208,44.0704],[5.3231,44.0667],[5.3212,44.0668],[5.3218,44.0654],[5.3205,44.0655],[5.3205,44.0641],[5.3173,44.0637],[5.3166,44.0615],[5.3103,44.0612],[5.3091,44.0626],[5.3073,44.0627],[5.3039,44.0587],[5.3001,44.057],[5.297,44.0567],[5.2933,44.0577],[5.2929,44.0613]]],[[[5.334,44.0723],[5.3339,44.07],[5.3258,44.0703],[5.3274,44.0738],[5.334,44.0723]]],[[[5.3446,44.085],[5.3402,44.0838],[5.3423,44.0878],[5.3454,44.0877],[5.3446,44.085]]],[[[5.3487,44.1497],[5.3475,44.1506],[5.3472,44.1574],[5.346,44.1579],[5.3467,44.1597],[5.3492,44.1587],[5.3484,44.156],[5.3502,44.1546],[5.3564,44.1535],[5.3625,44.1507],[5.3606,44.1494],[5.3557,44.1522],[5.3537,44.1496],[5.3536,44.1473],[5.3586,44.1476],[5.361,44.1458],[5.3661,44.1479],[5.3729,44.1468],[5.3743,44.1495],[5.3743,44.1486],[5.3774,44.1494],[5.3782,44.1525],[5.3788,44.1525],[5.3789,44.1529],[5.3807,44.1529],[5.3808,44.1533],[5.382,44.1528],[5.3792,44.148],[5.3809,44.1443],[5.3784,44.1435],[5.3776,44.1408],[5.3763,44.1404],[5.3733,44.1423],[5.3726,44.141],[5.3696,44.1424],[5.3695,44.1406],[5.3657,44.1411],[5.3596,44.1431],[5.3566,44.1454],[5.3541,44.1455],[5.3547,44.1441],[5.3644,44.1403],[5.365,44.138],[5.3625,44.139],[5.3587,44.1386],[5.3592,44.1359],[5.3611,44.1359],[5.3611,44.1368],[5.3636,44.1358],[5.3622,44.1327],[5.3597,44.1332],[5.358,44.136],[5.3531,44.1392],[5.3514,44.1424],[5.3496,44.1425],[5.3489,44.1407],[5.35,44.1393],[5.3482,44.1403],[5.3484,44.1434],[5.3466,44.1448],[5.3487,44.1497]]],[[[5.4304,43.8159],[5.4261,43.8169],[5.4262,43.8187],[5.4238,43.8197],[5.4276,43.8205],[5.4312,43.8195],[5.4313,43.8212],[5.4332,43.8214],[5.435,43.8207],[5.4339,43.8187],[5.432,43.8191],[5.4318,43.8176],[5.4348,43.8168],[5.4347,43.8153],[5.4316,43.814],[5.4304,43.8159]]],[[[5.6294,43.8181],[5.6294,43.819],[5.6312,43.8185],[5.6328,43.8239],[5.6372,43.8242],[5.6377,43.8233],[5.6402,43.8232],[5.6474,43.8252],[5.6473,43.8231],[5.6492,43.8231],[5.6499,43.8249],[5.6484,43.8256],[5.6503,43.8256],[5.6502,43.8238],[5.6514,43.8242],[5.6532,43.8223],[5.653,43.8196],[5.6524,43.8197],[5.6523,43.8183],[5.6523,43.8181],[5.652,43.8179],[5.6517,43.8179],[5.6511,43.8179],[5.6498,43.8168],[5.6492,43.8184],[5.6506,43.8197],[5.6468,43.8198],[5.6409,43.8179],[5.6356,43.8179],[5.6342,43.8166],[5.6347,43.8144],[5.6372,43.8134],[5.6358,43.8116],[5.6327,43.8122],[5.6304,43.8154],[5.6261,43.816],[5.6215,43.8116],[5.6184,43.8117],[5.621,43.8139],[5.6203,43.8175],[5.6182,43.8194],[5.6189,43.8202],[5.6225,43.8183],[5.6294,43.8181]]],[[[5.5729,43.8198],[5.5686,43.8199],[5.5707,43.82],[5.5722,43.8257],[5.5731,43.8225],[5.5774,43.8224],[5.5775,43.8197],[5.573,43.8207],[5.5729,43.8198]]],[[[5.4975,43.8942],[5.502,43.8961],[5.5075,43.8955],[5.5074,43.8933],[5.5037,43.8929],[5.5013,43.8944],[5.4975,43.8942]]],[[[5.5882,43.9134],[5.5856,43.9111],[5.5842,43.912],[5.5843,43.9153],[5.5884,43.9161],[5.5882,43.9134]]],[[[5.503,43.9366],[5.5031,43.9388],[5.5083,43.9427],[5.512,43.942],[5.5119,43.939],[5.5105,43.9362],[5.5061,43.9356],[5.503,43.9366]]],[[[5.5282,43.9421],[5.53,43.9407],[5.5305,43.9371],[5.5286,43.9372],[5.5262,43.9395],[5.5271,43.9448],[5.5289,43.9443],[5.5282,43.9421]]],[[[5.4948,43.9566],[5.493,43.9576],[5.4947,43.9582],[5.4938,43.9614],[5.4964,43.9642],[5.4968,43.9597],[5.4948,43.9566]],[[5.4947,43.96],[5.4947,43.9595],[5.4954,43.96],[5.4947,43.96]]],[[[5.4456,43.9684],[5.4462,43.9679],[5.4461,43.9669],[5.4451,43.9656],[5.4407,43.9639],[5.4402,43.9667],[5.4412,43.9679],[5.4421,43.9675],[5.444,43.9688],[5.4441,43.9706],[5.4459,43.9701],[5.4472,43.971],[5.4488,43.9705],[5.4456,43.9684]],[[5.4458,43.9678],[5.4452,43.9674],[5.4458,43.9674],[5.4458,43.9678]]],[[[5.424,43.9834],[5.4241,43.9854],[5.426,43.9863],[5.4281,43.9896],[5.4264,43.9941],[5.429,43.995],[5.4314,43.9944],[5.4312,43.9899],[5.4324,43.9886],[5.4342,43.9885],[5.4341,43.9858],[5.4284,43.9837],[5.4294,43.9805],[5.4268,43.9784],[5.4276,43.9815],[5.4259,43.9833],[5.424,43.9834]],[[5.4284,43.984],[5.4266,43.9849],[5.4266,43.9836],[5.4284,43.984]]],[[[5.413,43.9869],[5.4142,43.9873],[5.4158,43.9926],[5.4182,43.9935],[5.4218,43.9898],[5.4161,43.9872],[5.4159,43.9829],[5.4134,43.9832],[5.413,43.9869]],[[5.4147,43.9838],[5.4147,43.9834],[5.4153,43.9838],[5.4147,43.9838]]],[[[5.4454,43.9999],[5.4447,43.9972],[5.4458,43.9949],[5.4445,43.9945],[5.4443,43.9909],[5.4468,43.9899],[5.4453,43.9855],[5.4478,43.9854],[5.4462,43.9801],[5.4426,43.9805],[5.4407,43.9797],[5.4406,43.9774],[5.4423,43.9774],[5.4422,43.9752],[5.4448,43.9737],[5.4426,43.9715],[5.441,43.9716],[5.4423,43.9724],[5.4411,43.9729],[5.4397,43.9752],[5.4405,43.9775],[5.4388,43.9812],[5.439,43.9833],[5.4417,43.9874],[5.4399,43.9888],[5.4406,43.9906],[5.4394,43.9915],[5.4426,43.9937],[5.4421,43.9959],[5.4397,43.9969],[5.441,43.9982],[5.4405,44.0005],[5.4363,44.0028],[5.437,44.0055],[5.4328,44.0074],[5.4309,44.0075],[5.4308,44.0061],[5.4283,44.0049],[5.4282,44.0031],[5.4257,44.0027],[5.4251,44.0041],[5.4277,44.0049],[5.4266,44.0076],[5.4274,44.0125],[5.4246,44.0171],[5.4216,44.019],[5.4224,44.0226],[5.4199,44.0227],[5.4117,44.0294],[5.4117,44.0303],[5.4159,44.0291],[5.4177,44.029],[5.4178,44.0299],[5.4154,44.0322],[5.4118,44.0321],[5.4104,44.0294],[5.4073,44.032],[5.4035,44.0312],[5.4031,44.0353],[5.4218,44.0347],[5.4255,44.0333],[5.4251,44.0275],[5.4282,44.0265],[5.4327,44.0173],[5.4351,44.0164],[5.435,44.0137],[5.4387,44.014],[5.4378,44.0086],[5.4403,44.009],[5.4414,44.0049],[5.4432,44.004],[5.4431,44.0022],[5.4454,43.9999]],[[5.4417,43.9729],[5.4423,43.9733],[5.4417,43.9733],[5.4417,43.9729]],[[5.4405,43.9752],[5.4412,43.9756],[5.4406,43.9756],[5.4405,43.9752]],[[5.4405,43.9896],[5.4412,43.99],[5.4405,43.99],[5.4405,43.9896]],[[5.4408,43.9824],[5.439,43.9824],[5.4389,43.9815],[5.4408,43.9819],[5.4408,43.9824]]],[[[5.4342,44.056],[5.4359,44.0559],[5.4359,44.0527],[5.4345,44.0536],[5.4326,44.0532],[5.4332,44.0519],[5.4358,44.0523],[5.4352,44.051],[5.43,44.048],[5.4288,44.048],[5.4287,44.0476],[5.4281,44.0476],[5.4275,44.0476],[5.4275,44.0472],[5.4256,44.0472],[5.4232,44.0496],[5.4252,44.0508],[5.4228,44.0536],[5.4242,44.0561],[5.4261,44.0562],[5.4273,44.0548],[5.431,44.0556],[5.4297,44.0548],[5.4322,44.0542],[5.4342,44.056]],[[5.43,44.0485],[5.4313,44.0498],[5.4301,44.0503],[5.43,44.0485]],[[5.4245,44.053],[5.4252,44.0538],[5.4246,44.0539],[5.4245,44.053]]]]}}]}